Label,clean_text,String,encoded_label,is_toxic
Non-bullying,kaka tidur yaa sudah pagi tidak boleh capek2,"""Kaka tidur yaa, udah pagi, gaboleh capek2""",1.0,False
Non-bullying,makan nasi padang saja badannya,"""makan nasi padang aja begini badannya""",1.0,False
Bullying,suka cukur jembut manggung,"""yang aku suka dari dia adalah selalu cukur jembut sebelum manggung""",0.0,True
Non-bullying,hai kak isyana ngefans sekali kak isyana suka lagu kak isyana lagu didalam jiwa,"""Hai kak Isyana aku ngefans banget sama kak Isyana.aku paling suka lagu kak Isyana itu lagu tetap didalam jiwa""",1.0,False
Non-bullying,manusia bidadari sih herann deh cantik,"""Manusia apa bidadari sih herann deh cantik terus ????""",1.0,False
Bullying,ayu kinantii isyan sekarang berubah ya baju nya nakal,"""@ayu.kinantii isyan skrg berubah ya:( baju nya nakal""",0.0,False
Non-bullying,gemesnya isyan mirip tango berlapis lapis ciaaaa,"""Gemesnya isyan kayak tango, berlapis lapis ciaaaa""",1.0,False
Bullying,jelek saja anaknya ayahnya cakep2,"""Makin jelek aja anaknya, padahal ibu ayahnya cakep2""",0.0,False
Bullying,anaknya mirip sudah tua begitu ya mukanya kartu keluarga tasya,"""Kok anaknya kayak udah tua gitu ya mukanya kk tasya""",0.0,False
Bullying,muka anak nya ko tua sekali yaa tidak ngegemesin tidak lucu2nya,"""Muka anak nya ko tua banget yaa.. GK ngegemesin GK ada lucu2nya""",0.0,False
Bullying,muka nya muka kolot wkwk muka bayi2 lucu begitu,"""Muka nya muka kolot wkwk bukan muka bayi2 lucu gt""",0.0,False
Bullying,sudah gila orang wkwk sudah jomblo psikolog tidak laku ya,"""Udah gila sekarang ini orang wkwk, udah jomblo jadi psikolog ga laku, ya jadilah seperti itu""",0.0,True
Bullying,kamu sintingnya sudah tingkat dewa,"""Lo sintingnya udah tingkat dewa""",0.0,False
Bullying,lutfi putus dengan salsa orang stress,"""Sepertinya Lutfi setelah putus dgn salsa seperti orang stress""",0.0,False
Bullying,anak tolol aktif ya bund,"""ANAK TOLOL INI MULAI AKTIF YA BUND""",0.0,True
Bullying,mati saja tidak gedeg saya liat kamu anjim,"""bisa mati aja ga? gedeg gua liat lu. ANJIM""",0.0,False
Bullying,woy lutfi asu sok asyik kamu anjing,"""Woy Lutfi asu , sok asik Lo ANJING !""",0.0,True
Bullying,apasih kontol bertengkar saja ayo bngst lutfiagizal,"""Apasih kontol berantem aja lah ayo bngst @lutfiagizal""",0.0,True
Bullying,pelakor plus hamil nikah ya pantas anaknya seperti gini modelannya,"""Ibu kamu pelakor plus hamil di luar nikah ya? Pantesan anaknya kyk gini modelannya""",0.0,False
Bullying,anaknya sudah pintar maknya kelempengan berasa baby tingginya azka saja melebihi mamanya,"""Anaknya udh pinter, maknya yang kelempengan.. berasa masih baby, tingginya azka aj melebihi mamanya..""",0.0,False
Non-bullying,anak yang cerdas terbentuk dari pola asuh pola didik orangtua yang cerdas sih saranya sesimple,"""Anak yg cerdas terbentuk dr pola asuh sekaligus pola didik ortu yg cerdas pula sih pada saranya. Sesimple itu""",1.0,False
Non-bullying,iri motivasi,"""Setengah iri setengah jadi motivasi ini""",1.0,False
Bullying,hancur hidup kamu sumpah,"""Ancur hidup lu kalau sama dia? Sumpah..""",0.0,False
Bullying,seram sekali muka kamu mel mirip ayam potong merah sekali,"""serem banget muka lo mel kayak ayam potong merah banget""",0.0,False
Non-bullying,yaudah jadi pengusaha kuliner saja tidak usah artis makanannya memang bikin ngiler sih wkwkw,"""Yaudah jd pengusaha kuliner aja gausah artis, makanannya emang bikin ngiler sih wkwkw""",1.0,False
Non-bullying,memang cocoknya pengusaha kuliner sudah fixs semoha lancat terusssss,"""Kamu emang cocoknya jadi pengusaha kuliner udah fixs. Semoha lancat terusssss""",1.0,False
Bullying,sejelek image owner ya artis ups artis hallo langsung orang tahu image kamu jelek gentong,"""Tak sejelek IMAGE Owner ya..? Artis ups bukan Artis? Hallo secara tidak langsung semua orang itu tau IMAGE lu jelek gentong!""",0.0,False
Bullying,sih tidak hidupnya,"""Apaan sih gak jelas hidupnya""",0.0,False
Bullying,unfoll bilang najissss,"""Sebelum aku Unfoll, aku mau bilang NAJISSSS""",0.0,False
Bullying,muka kamu sensual norak sudah,"""muka lu sensual tapi norak kenapa dah""",0.0,False
Non-bullying,sudah tidak jaman ngebully orang hey netizen mending ngaca kekurangan,"""Udah gk jaman ngebully orang hey netizen mending ngaca dari kekurangan sendiri""",1.0,False
Non-bullying,pas penempatannya sebenarnya imut sekali loh mel,"""Kalau pas penempatannya, sebenernya kamu imut banget loh mel.""",1.0,False
Bullying,cakap kaga jelek iya hahah,"""Cakep kaga jelek iya HAHAH""",0.0,False
Bullying,jari jari kaki mirip jarinya tukang panggul,"""jari jari kaki kayak jarinya tukang panggul""",0.0,False
Bullying,kakinya kek hamil tua ya bun kaki gajah ayuugsia,"""Kakinya kek lagi hamil tua ya bun, semacam kaki gajah @ayuugsia""",0.0,False
Non-bullying,suka heran yang ngehina fisik benar ya pendosa,"""Suka heran sama yg ngehina fisik,, ternyata bener ya kita semua pendosa dengan cara kita sendiri,,""",1.0,False
Bullying,diedit biar langsing mah kalau live bomber badannya,"""Ini diedit biar langsing padahal mah klo live bomber badannya""",0.0,False
Bullying,kakinya gedong sayyy kek kaki jantan upp suka berbaur ama warwerwor mahluk astral yang kakinya gedong,"""Kakinya gedong sayyy kek kaki jantan? Upp kan dia suka berbaur ama warwerwor.. Mahluk astral.. Yg kakinya gedong""",0.0,False
Non-bullying,bagusan foto pakai masker daripada tidak pakai masker,"""Bagusan foto pakai masker drpd gak pakai masker""",1.0,False
Bullying,rosameldianti_ kakak foto memeknya kelihatan tebal memeknya kakak bengkak yah,"""@rosameldianti_ kakak foto sebelum ini. kenapa Memeknya Keliatan Tebal???? Memeknya kakak Lagi Bengkak yah???""",0.0,False
Bullying,bra nya kedodoran kak pakai ukuran gede yaa,"""Bra nya kedodoran kak make ukuran gede yaa""",0.0,False
Non-bullying,cantik senang usahanya membuahkan hasil semangat ya mel semoga pribadi,"""Nah ini cantik seneng. Usahanya membuahkan hasil. Semangat ya mel semoga menjadi pribadi yang lebih baik lagi""",1.0,False
Bullying,mba tidak sih tidak merem melek begitu matanya kaya orang cacingan,"""mba bisa gk sih, kalau gk merem melek gitu matanya kaya orang cacingan""",0.0,False
Non-bullying,semoga lancar usahanya mel,"""Semoga lancar terus usahanya mel""",1.0,False
Non-bullying,cantik sekali kalau meldi muka natural kek gini,"""Cantik banget kalo meldi muka natural kek gini""",1.0,False
Non-bullying,kamu diam saja cantik mel kalau tidak gaya serius,"""Lu diem aja cantik mel kalo ga banyak gaya serius""",1.0,False
Bullying,kaku kek kanebo kering hahaha,"""Kaku kek kanebo kering hahaha""",0.0,False
Non-bullying,glowing say natural mirip gini bagus tambahin prestasi nya ya say,"""Semakin glowing say? natural kayak gini bagus tambahin prestasi nya ya say""",1.0,False
Bullying,meldi emaknya buka klinik totok aura kayaknya anaknya tidak ditotok ya auranya tidak kelihatan yang butek,"""Meldi, emaknya buka klinik totok aura kayaknya anaknya gak pernah ditotok ya? auranya gak keliatan yg ada malah butek""",0.0,False
Bullying,muka kamu pasaran mel pasar sapi noh,"""Karena muka lo pasaran mel, di pasar sapi juga ada yang mirip noh""",0.0,False
Bullying,maaf saya nyamain kamu dugong memang,"""Maap kalau gua sering nyamain lu sama dugong soalnya emang mirip""",0.0,False
Bullying,iya kamu monyet mel,"""Iya lo kamu mirip monyet mel""",0.0,True
Bullying,bagusan pantat panci aing atuh anjir,"""Bagusan pantat panci aing atuh anjir""",0.0,True
Bullying,ya memang tidak muka muka badak muka beton tidak malu,"""Ya emang ga ada yang sama soalnya muka kamu sama dengan muka badak, muka beton, ga ada malu,,,""",0.0,False
Non-bullying,mbak meldi cantik ya rahasianya,"""Kok mbak meldi sekarang tambah cantik ya rahasianya apa..""",1.0,False
Bullying,lengannya gempal sekali sih haha,"""Lengannya gempal banget sih HAHA""",0.0,False
Non-bullying,fix komen nyela,"""Fix yang komen semua nyela""",1.0,False
Non-bullying,sudah ka tidak usah digubris tidak usah dipikirin bersyukur saja nikmat tuhan sudah dikasih kaka tidak usah ngatain orang ka tetap bersyukur nikmatnya,"""Udah ka gausah digubris gausah dipikirin. Bersyukur aja sama nikmat tuhan yang udah dikasih ke kaka. Gausah juga ngatain orang ka, tetep bersyukur atas nikmatnya""",1.0,False
Bullying,jari jari nya gede gede sekali pas ngiklan makan ikan danau hambar jarinya mirip jempol hawak benar,"""Jari jari nya gede gede banget, apalagi pas ngiklan makan ikan danau hambar, jarinya kayak jempol semua hawak bener""",0.0,False
Bullying,disamain muka rosameldianti_ orang oi mintanya disamain babi,"""Jangan disamain muka @rosameldianti_ sama orang oi. Mintanya disamain sama babi""",0.0,True
Non-bullying,tidak dibawah meldi setara kekurangan kelebihan,"""Ga ada yang dibawah Meldi, semuanya setara, ada kekurangan ada kelebihan""",1.0,False
Non-bullying,ka mel tidak usah merendahkan orang bersyukur saja diatas langit langit,"""Ka mel gausah merendahkan orang lain. Bersyukur aja diatas langit juga masih ada langit lagi""",1.0,False
Bullying,mukanya tidak dibantu kamera dekil kumel,"""Mukanya kalau gak dibantu kamera dekil dan kumel""",0.0,False
Non-bullying,wanita cantik suka ah,"""Semua wanita cantik, jangan suka merasa lebih ah""",1.0,False
Bullying,meldi sudah kontrak endorse skincare ya mukanya jelek si,"""Meldi udah dapat kontrak endorse skincare ya tapi kok mukanya tetap jelek si?""",0.0,False
Non-bullying,gila netizen sempurna ngehina orang,"""Gila Netizen pada sempurna ngehina orang terus""",1.0,True
Bullying,sudah ngembang habis cowok meldi enak ya otak atik,"""Semua dah pada ngembang? habis di berapa cowo meldi?... enak ya di otak atik""",0.0,False
Bullying,muka mirip kamu pasaran murah,"""Karena muka kayak elo pasaran dan murah?""",0.0,False
Bullying,muka buluk kepedean muka sudah tua,"""Muka buluk kepedean lagi.. muka udah tua""",0.0,False
Bullying,muka kamu kaya tai wkwkwk,"""Muka lu kaya tai wkwkwk""",0.0,True
Bullying,sakit jiwa upil gajah kasihan,"""Sakit jiwa ini upil gajah? Kasihan""",0.0,False
Bullying,jelek buntut kuali hahaha,"""Jelek macam buntut kuali hahaha""",0.0,False
Non-bullying,meldi kurusan ya cantik pakai up,"""Meldi tambah kurusan sekarang ya??? Cantik walaupun tanpa make up?""",1.0,False
Non-bullying,elu semoga semakinlebih akhlak etikanya,"""Elu juga semoga semakinlebih baik dalam segala hal, terutama akhlak dan etikanya""",1.0,False
Non-bullying,mbak mell sehat sukses ya,"""Mbak mell sehat dan sukses ya""",1.0,False
Non-bullying,aamiin doa meldi,"""Aamiin. Doa baik juga untuk Meldi""",1.0,False
Non-bullying,selamat mbak semoga pribadi amin,"""Selamat tahun baru mbak, semoga jadi pribadi yang lebih baik amin""",1.0,False
Non-bullying,meldi cantik loh tinggal dibenerin akhlak adabnya sip,"""Meldi ini lama lama cantik loh tinggal dibenerin akhlak dan adabnya pasti makin sip""",1.0,False
Bullying,pengambilan fotonya bagus mantap keren tinggal pengambilan arwah nya saja,"""Pengambilan fotonya sudah bagus mantap dan keren.. tinggal pengambilan ARWAH nya aja yang belum""",0.0,False
Bullying,tidak cantik cantik nya hahaha,"""Nggak ada cantik-cantik nya hahaha""",0.0,False
Bullying,kasihan editornya sih nanggung dosa sekali kayaknya ngeditnya offside gini,"""Kasian editornya sih ini, nanggung dosa banget kayaknya ngeditnya offside gini""",0.0,False
Non-bullying,dewi persik ya,"""Lama lama mirip dewi persik ya""",1.0,False
Non-bullying,julid meldi tidak nyusahin,"""pada julid padahal kan meldi gak nyusahin kalian""",1.0,False
Bullying,foto w masukin museum saja ya tidak pantas2nya,"""ini foto apa w masukin museum aja ya ga ada pantas2nya""",0.0,False
Bullying,tidak ngumpul bareng mami isa gembrot disana,"""Nggak ngumpul bareng mami isa lagi kan kamu yang paling gembrot disana""",0.0,True
Bullying,lagu kamu tidak laku ya mel,"""Lagu lu ga ada yang laku ya mel??""",0.0,False
Bullying,lututnya hitam gosok maning biar cling cantik,"""Lututnya masih hitam gosok maning biar tambah cling dan cantik""",0.0,False
Non-bullying,suka heran warga 62 sukanya ngehujat orang terus pahala tidak dosa mah iya,"""Suka heran sama warga +62 sukanya ngehujat orang mulu, dapat pahala kagak dosa mah iya""",1.0,False
Non-bullying,cantik saja rosa meldianti,"""Tambah cantik aja rosa meldianti""",1.0,False
Bullying,ular dugong,"""Jadi diri sendiri, jangan jadi ular apalagi dugong""",0.0,False
Non-bullying,suka ya harmonis,"""Saya kok suka ya sama mereka harmonis""",1.0,False
Non-bullying,cantik sekali pakai baju mirip begitu,"""Cantik banget kalau pakai baju kayak gitu""",1.0,False
Non-bullying,jujur ya kalau anteng tidak cantik mel,"""Jujur ya kamu kalo anteng ga buat masalah cantik mel""",1.0,False
Bullying,cowoknya tidak cakap cakepnya,"""Cowoknya ga ada cakep cakepnya""",0.0,False
Bullying,foto tirus kalau video wariorr mukanya kek donat tidak bentuknya,"""Di foto tirus.. Kalo di video wariorr kok mukanya kek donat gak ada bentuknya""",0.0,False
Non-bullying,sekian foto diposting cantik,"""Dari sekian banyak foto yang diposting, ini yang paling cantik""",1.0,False
Bullying,artis abal abal muka putih tangan hitam ager2 atm nya sudah isi,"""Artis abal-abal.. Muka putih tangan hitam? ager2 ATM nya udah isi berapa sekarang""",0.0,False
Bullying,muka mirip penuh tekanan sekali,"""Itu muka kayak penuh tekanan banget""",0.0,False
Bullying,rosameldianti_ cowokmu wajah nya culun cupu mirip om2,"""@rosameldianti_ cowokmu wajah nya culun dan cupu kayak om2""",0.0,True
Non-bullying,masyaallah cantik sopan anggun,"""Masyaallah cantik terlihat sopan dan anggun""",1.0,False
Bullying,kang ojek kali belang tangannya,"""Kang ojek kali belang tangannya""",0.0,False
Non-bullying,senang liat pasangan cewenya hujat 1 indonesia tetap setia menemani,"""Seneng liat pasangan ini cewenya di hujat 1 indonesia tapi dia tetep setia nemenin""",1.0,False
Bullying,memutuskan tumbal apartemen,"""Dia memutuskan menjadi tumbal apartment""",0.0,False
Non-bullying,cantik mel semangat dietnyaa,"""makin cantik mel, semangat dietnyaa""",1.0,False
Bullying,tangan paha haha,"""Itu tangan apa paha haha?.""",0.0,False
Non-bullying,mel kelihatan cakap,"""Mel disini kamu keliatan cakep""",1.0,False
Bullying,mukanya mirip ngeden pas boker,"""Mukanya kayak lagi ngeden pas boker""",0.0,False
Bullying,aduuh halu hhahaha lebay editan nyaa lemak ke mana lemak hahhaaa mimpi ketinggian,"""Aduuh.. terlalu halu.. hhahaha lebay editan nyaa lemak kemana lemak? hahhaaa.. mimpi ketinggian..""",0.0,False
Non-bullying,salfok kaki cantik sekali asli,"""salfok sama kaki, tapi cantik banget asli""",1.0,False
Bullying,_dy1412 buset cantik diedit saja mba coba sudah aslinya sudah mirip buntelan kentut,"""@_dy1412 buset cantik diedit aja mba, coba dah aslinya dah kayak buntelan kentut?""",0.0,False
Bullying,hitam putih kek kopi luwak,"""atas bawah hitam putih, kek kopi luwak""",0.0,False
Bullying,palsu badane diedit itu aslinya dimana2 lemak,"""Palsu badane diedit semua tu, aslinya dimana2 lemak""",0.0,False
Bullying,sudah kontrak skincare tetap saja buluk mel,"""Udah dapat kontrak dari skincare ttp aja buluk mel""",0.0,False
Non-bullying,heran netizen kalau tidak suka diliat saja,"""heran sama netizen klo gk suka jangan diliat aja""",1.0,False
Non-bullying,sukses yah ka rosameldianti_ semangat,"""sukses selalu yah ka @rosameldianti_ semangat""",1.0,False
Non-bullying,jujur suka meldi suka ngehujat orang,"""Jujur aku lebih suka meldi yang sekarang daripada yang dulu suka ngehujat orang""",1.0,False
Bullying,sumpah aslinya muka kamu lebar mirip baskom loh mel rosameldianti_,"""sumpah aslinya muka lo lebar kayak baskom loh mel @rosameldianti_""",0.0,False
Non-bullying,berkarya terus meldi walo tidak yang nuntun,"""Berkarya teros meldi walo ga ada yg nuntun kamu.""",1.0,False
Bullying,astaghfirullah seram ya bun ular jelmaan makhluk halus ya bun,"""Astaghfirullah, seram sekali ya bun seperti ular jelmaan makhluk halus ya bun""",0.0,False
Non-bullying,heran cowokpun ngebully sabar meldi,"""Dan yang paling saya heran cowokpun ikut ngebully, sabar meldi.""",1.0,False
Bullying,astaga ratu edit muka sumpah seren mirip film setan2 begitu,"""Astaga? Ratu edit muka.. Sumpah seren kayak film setan2 gitu?..""",0.0,False
Bullying,matanya mirip katarak anjir ahahah,"""Matanya kayak katarak anjir AHAHAH""",0.0,True
Bullying,caption saja copas cantumin credit dasar iblis,"""Caption aja COPAS! Cantumin credit dong, dasar iblis""",0.0,True
Non-bullying,unfoll saja dosa ngebully2,"""Unfoll aja daripada kalian dosa ngebully2 terus..""",1.0,False
Non-bullying,meldi perhatikan orang china deh cantik,"""Meldi aku perhatikan kamu seperti orang china deh.. cantik""",1.0,False
Bullying,editan softlensnya mbaknya mirip ratu titisan ular wkwkwk,"""Editan softlensnya keluar itu mbaknya, kayak ratu titisan ular kamu wkwkwk""",0.0,False
Bullying,kasihan ular dibawa bawa tidak ular pantasnya bunglon buaya,"""Kasihan ular dibawa bawa kamu gak pantas jadi ular pantasnya jadi bunglon atau buaya..""",0.0,True
Non-bullying,maju terus ya sayang abaikan orang2 yang comment menyakitkan,"""Maju trus ya sayang.. abaikan orang2 yg comment menyakitkan""",1.0,False
Bullying,kasihan ya rosameldianti_ hidup hanya bahan hujatan masyarakat mubadzir sekali deh hidup kamu kenapa tidak bunuh saja,"""Kasihan ya kamu @rosameldianti_ Hidup sekali cuman buat bahan hujatan masyarakat? Mubadzir banget deh hidup lo? Napa gak bunuh diri aja?""",0.0,False
Non-bullying,semangat mel bahasa asing mah berani entarnya,"""Semangat mel, bahasa asing mah yang penting kita berani pasti entarnya bisa""",1.0,True
Bullying,beda di foto yaa lebar sekali mukanya maaf foto editan ya,"""Beda sama d foto yaa.. Disini lebar banget mukanya maaf itu kalau foto editan ya""",0.0,False
Non-bullying,meldi kadang mulut aku rem kehaluanmu bangga berusaha mu yuhuuu,"""Meldi meskipun kadang mulut ku tak bisa di rem karena kehaluanmu, tapi aku bangga akan berusaha mu, yuhuuu""",1.0,False
Bullying,lupa edit ya itu muka melar,"""Lupa di edit ya tu muka melar""",0.0,False
Non-bullying,semangatt kesalahan belajar bahasa asing pembelajaran utamanya kesalahannya tidak terulang,"""Semangatt, kesalahan dalam belajar bahasa asing itu penting. Karena itu pembelajaran utamanya, supaya kesalahannya ga terulang""",1.0,True
Non-bullying,kereennnn bully an netizen menjadikanmu belajar,"""Kereennnn.. dari bully.an netizen menjadikanmu mau belajar""",1.0,False
Bullying,hiiihhh jiik lihat nih orang auranya buruk sangat tidak manis manisnya,"""Hiiihhh jiik lihat nih orang? auranya buruk bgt gak ada manis manisnya""",0.0,False
Non-bullying,semangat belajar ya uga tidak bahasa inggris,"""Semangat untuk belajar ya? saya uga gak bisa bahasa inggris""",1.0,False
Non-bullying,niat keberanian,"""Yang penting ada niat.. dan keberanian""",1.0,False
Non-bullying,salut mel semangat belajar yang ngetawain berani,"""Salut Mel.. semangat belajar, yg ngetawain juga belum tentu bisa Dan berani..""",1.0,False
Non-bullying,tidak apa-apa mel semangat belajar trusssss gampang nyerah pokoknya rosameldianti_,"""Gpp Mel semangat buat belajar trusssss jangan gampang nyerah pokoknya @rosameldianti_""",1.0,False
Non-bullying,ngaku belagak pintar,"""Setidaknya dia ngaku. bukan belagak pintar""",1.0,False
Bullying,kalau mengharap ikutan kontes miss earth les inggris biar lidahnya tidak keseleo,"""Masih jauh kalo ngarep bisa ikutan kontes miss earth , makanya dari kecil les inggris biar lidahnya gak keseleo""",0.0,False
Non-bullying,postingan ya bund netizen menghujat,"""Cuma di postingan ini ya bund netizen sedikit yang menghujat""",1.0,False
Non-bullying,happy birthday mel sehat sukses yah aamiin,"""Happy birthday Mel sehat dan Sukses yah, Aamiin""",1.0,False
Non-bullying,happy birthday kak meldi imut n ngegemesin sukses,"""Happy Birthday kak Meldi yang imut n ngegemesin. Tambah sukses selalu""",1.0,False
Bullying,ya ampun ketiak lemaknya editan parah wkwk,"""Ya ampun ketiak dan lemaknya editan parah wkwk""",0.0,False
Bullying,ketiaknya habis amplas mel alus sekali,"""Ketiaknya habis di amplas mel, alus banget""",0.0,False
Bullying,sudah diedit begitu ketiak kamu hitam,"""Udah diedit gitu, ketiak lu tetap hitam""",0.0,False
Non-bullying,selamat ulang mel sudah yah tingkah,"""Selamat ulang tahun mel, udah yah jangan banyak tingkah""",1.0,False
Bullying,mukanya kuning sekali kaya kunyit,"""Mukanya kuning banget kaya kunyit""",0.0,False
Non-bullying,selamat ulang meldi sukses sehat ya,"""Selamat ulang tahun meldi sukses dan sehat terus ya?.""",1.0,False
Non-bullying,fotonya cantik ihhh biar tidak kena hujat ihh mah kasihan,"""Fotonya lainnya jangan yang ini, kan masih banyak yang lebih cantik ihhh biar gak kena hujat kamu ihh, aku mah kasihan""",1.0,False
Non-bullying,happy birthday meldi semoga sukses umur rejekinya lancarkan amin,"""HBD meldi? Semoga sukses selalu dan panjang umur dan rejekinya di lancarkan.. Amin""",1.0,False
Bullying,perasaan kemarin lengannya kekar sekali kek petinju sudah begitu ketiaknya hitam difoto lengannya ketiaknya putih kek dibedakin,"""Perasaan kemarin lengannya kekar banget kek petinju, udah gitu ketiaknya juga hitam. Kok difoto ini lengannya jadi kecil, ketiaknya putih kek dibedakin""",0.0,False
Non-bullying,selamat ulang kak rosameldianti_ banyaknya sadar pansos yah amin,"""Selamat Ulang Tahun kak @rosameldianti_, banyaknya sadar dan jangan pansos lagi yah. Amin""",1.0,False
Non-bullying,happy birthday cantik semoga kedepannya sukses,"""Hbd cantik semoga kedepannya tambah sukses""",1.0,False
Non-bullying,happy birthday mbak mel cantik panjangkan umurnya sehat,"""Hbd mbak mel tambah cantik di panjangkan umurnya dan sehat selalu""",1.0,False
Non-bullying,berdiri kaki,"""berdiri di kaki sendiri lebih baik""",1.0,False
Bullying,biar edit2 kaya saja ketiak hitam nya tidak bohongin,"""Biar di edit2 kaya apa juga tetap aja ketiak hitam nya ga bisa di bohongin""",0.0,False
Bullying,sumpah apapun lengan nya gede sekali,"""Sumpah demi apapun.. Lengan nya gede banget""",0.0,False
Bullying,selamat ulang umur ketemu dajjal,"""Selamat ulang tahun panjang umur sampai ketemu dajjal""",0.0,False
Bullying,ketiak hitam buluk kamu edit nutupin daki diketek kamu aka hitam ketiak kamu dasar dugong rosameldianti_,"""Ketiak hitam buluk mau lu edit nutupin daki diketek lu tetap aka hitam ketiak lu, dasar Dugong @rosameldianti_""",0.0,False
Bullying,atm tinggal 150 ribu saja gaya kamu dugong,"""Di atm tinggal 150 ribu aja banyak gaya lu dugong""",0.0,False
Bullying,tidak bagus2nya suara polanya,"""Gak ada bagus2nya suara dan polanya?.""",0.0,False
Bullying,si meldi jelek saja gaya beda sekali sama tante n sepupunya sudah jelas2 cantik,"""Si Meldi jelek aja banyak gaya. Beda banget sm tante n sepupunya yang udah jelas2 cantik""",0.0,False
Non-bullying,sudah berubah tidak mirip saya lihat,"""Tapi dia sekarang dah berubah gak kayak dulu kalau yang gue lihat""",1.0,False
Bullying,ngedit ketiaknya sudah ya sampai ngeblur pisan putihnya kek cat tembok,"""Ngedit ketiaknya berapa lah dah itu ya ampe ngeblur pisan.. Putihnya kek cat tembok""",0.0,False
Bullying,aduh dugong saja gila filter,"""Aduh dugong masih aja gila filter?.""",0.0,True
Bullying,muka saja didempul ketiak,"""Sekarang bukan muka aja yang didempul, tapi ketiak juga""",0.0,False
Bullying,kasihan kebelet artis tidak bakat,"""Kasian kebelet artis tapi gak punya bakat""",0.0,False
Bullying,peliharaannya lepas tolong diangkut,"""Yang merasa peliharaannya lepas, tolong diangkut""",0.0,False
Non-bullying,miris sekali ultah didoain baik2 bully kasihan god bless u mel,"""Miris banget? ultah bukan didoain yang baik2 tapi tetap di bully kasian !! God bless u mel""",1.0,False
Bullying,mudah mudahan kamu jelek amin ya allah,"""Mudah mudahan lu jadi gembel. Amin ya Allah""",0.0,False
Bullying,ketiaknya hitam dikasih bedak nya abu monyet,"""Ketiaknya hitam dikasih bedak jadi nya abu"" monyet""",0.0,True
Non-bullying,heran saya mah tidak suka tidak usah follow sudah tahu ni akun private kalau kamu follow ngebuli tanda nya kamu sirik tidak suka ya tidak usah diliat kaya sempurna saja,"""Heran gua mah kalau gasuka gausah di follow dah tau ni akun private kalo lu tetap follow dan ngebuli tanda nya lu sirik. Gasuka ya gausah diliat, kaya dirinya sempurna aja""",1.0,False
Bullying,saya berharap kamu saja si yang sakit laura lol,"""Gua berharap lu aja si yg sakit bukan laura lol""",0.0,False
Bullying,kamu saja menderitaaa lora anj,"""Harusnya lo aja yang menderitaaa bukan lora anj!!!!!!!!!""",0.0,False
Bullying,gaga sempet benar lora kamu tinggalin kamu orang jahat tidak kamu tidak bahagia tidak,"""GAGA SEMPET BENERAN LORA LO TINGGALIN, LO ORANG PALING JAHAT GA!!!! LO GAK BAKAL BAHAGIA GA""",0.0,False
Bullying,kamu benar tidak kalau sempet menyakiti lora saya santet,"""Lu bener' ga.kalo sempet nyakitin lora gue santet!!!!!""",0.0,False
Bullying,si gaga kek anjing,"""Si gaga kok kek anjing""",0.0,True
Non-bullying,semangat gaga liat kebelakang fokus saja kedepan muda yang,"""Semangat gaga, jangan liat kebelakang fokus aja kedepan, masih muda masih banyak yg lebih baik juga.""",1.0,False
Bullying,tidak cantiknya gila,"""Gak ada cantiknya. Gila yang ada""",0.0,True
Non-bullying,meldi bersinar yaaa pertahanin karir jangan sia siain,"""meldi makin bersinar yaaa, pertahanin karir jgn di sia siain""",1.0,False
Non-bullying,semangat apapun dalah dimata pembenci,"""Tetap semangat?. sebaik apapun kamu akan dalah Dimata pembenci?..""",1.0,False
Bullying,asli tidak bebet tidur ni anak kasihan,"""Asli gak ada bebet bobo ni anak. kasihan sekali.""",0.0,False
Bullying,kumat semedinya segini keluarnya,"""kumat? lama semedinya segini keluarnya""",0.0,False
Bullying,tangannya hitam beda ama muka,"""Tangannya hitam? beda ama muka""",0.0,False
Bullying,meldi foto gendut beda,"""Kok meldi di foto aku gendut beda""",0.0,True
Bullying,gatau sih cantik tidak aura nya cantik idih begitu lihatnya yaa,"""Gatau sih, cantik tapi gak ada aura nya sama sekali . Cantik tapi idih gitu lihatnya , kenapa yaa ??""",0.0,False
Non-bullying,buruk nya buruk mata tidak menyukai mu,"""Baik buruk nya kamu akan tetap terlihat buruk di mata mereka yang ga menyukai mu..""",1.0,False
Bullying,gila ni siluman story orang kelihatan sekali tumpukan2 lemaknya buriknya,"""Gila ni siluman,, di story orang lain keliatan banget tumpukan2 lemaknya, buriknya apalagi""",0.0,True
Bullying,dasar bodoh kamu saya jijik kamu bro mirip tidak otak sekali,"""Dasar Bego lu.. gua jijik sama lu bro kayak gak punya otak banget""",0.0,True
Bullying,kamu kamu bagus tuh anjing wkwkw,"""Lo kira lo bagus tuh begitu anjing wkwkw""",0.0,True
Non-bullying,maafin aaa semoga jera kedepannya,"""Di maafin aaa? semoga dia jera untuk kedepannya?""",1.0,False
Bullying,eh bocah mending kamu mati saja tidak orang mirip kamu hahahahaha,"""Eh bocah mending Lo mati aja GAK guna juga ada orang kayak lo hahahahaha""",0.0,False
Non-bullying,btw video bohong nya pas tidak percaya lihat tribun news hujat ya,"""Btw yang video tapi boong itu dia buat nya tahun lalu bukan pas masalah yang sekarang kalau gak percaya lihat tribun news jadi jangan hujat dia lagi ya""",1.0,False
Non-bullying,okay bro kalem saja semangat putus asa,"""Okay bro kalem aja, tetap semangat dan jangan putus asa""",1.0,False
Bullying,kamu mati saja sudah biar tidak bikin ribet,"""Lu Mati ajalah . Udah biar gak bikin ribet""",0.0,False
Bullying,sampah masyarakat musnahkan,"""SAMPAH MASYARAKAT HARUS DI MUSNAHKAN SEGERA""",0.0,True
Bullying,mati kamu najis kontol bangsat mati kamu,"""MATI KAU NAJIS KONTOL BANGSAT MATI KAU""",0.0,True
Bullying,youtuber toxic tutup akunmu tutup usia,"""youtuber toxic, tutup akunmu sekalian tutup usia""",0.0,False
Non-bullying,ribet mirip sudah saja kamu,"""Pada ribet kayak udah pada benar aja lu semua""",1.0,False
Non-bullying,hitam diatas putih langsung proses,"""Jangan ada hitam diatas putih. Langsung proses""",1.0,False
Non-bullying,sayang anaknya ya serahkan saja polisi biar didik,"""Kalau sayang sama anaknya ya di serahkan aja ke polisi biar di didik sekalian""",1.0,False
Bullying,manusia hewan sih tidak hati sekali,"""Manusia apa hewan sih kok gak punya hati banget""",0.0,False
Bullying,manusia anjing cari uang begitu kamu kerja saja saya nyebokin saya nanti saya gaji kamu,"""Manusia anjing. Nyari uang gitu amat. Lo kerja aja sama gue nyebokin gue ntar gue gaji lo.""",0.0,True
Bullying,maklum anak pendidikan mirip begitu tidak akhlak,"""maklum anak kurang pendidikan kayak gitu gak punya akhlak""",0.0,False
Bullying,anjing anak tidak tahu ibunya nangis2,"""Anjing memang anak gak tau diri. ibunya sampai nangis2""",0.0,True
Bullying,oi babi saya bunuh kamu sumpah,"""oi babi gue bunuh lu kalau sampai kelihatan sumpah""",0.0,True
Bullying,heee sampah kamu sudah saya maafin bohong goblok,"""Heee sampah lu udah gua maafin TAPI BOONG GOBLOK""",0.0,True
Bullying,anjing kamu baku hantam ayo,"""ANJING SINI LO BAKU HANTAM AYO""",0.0,True
Non-bullying,bangkit ya bang lemah pelajaran ujian kamu bang,"""Bangkit ya bang jangan lemah buat pelajaran dan ujian buat lu jadi yang lebih baik lagi bang""",1.0,False
Non-bullying,patah semngat kak sukses,"""Jangan patah semngat kak sukses terus""",1.0,False
Non-bullying,semangat ferdian tidak usah dengerin orang hujat manusia luput kesalahan,"""Semangat Ferdian gausah dengerin orang yang hujat kamu, karena semua manusia tidak luput dari kesalahan""",1.0,False
Non-bullying,sumpah respect sekali,"""Sumpah sekarang aku respect banget sama kamu""",1.0,False
Non-bullying,menurutku pribadi tulus maafnya,"""Menurutku pribadi, dia tulus minta maafnya?.""",1.0,False
Bullying,dikasih bidadari maunya boneka santet,"""DIKASIH BIDADARI MAUNYA BONEKA SANTET""",0.0,False
Non-bullying,hilang respect saya jane sudah setia sangat kamu kamu nya main cewek pas sudah dari penjara lol,"""Ilang respect gue.. padahal jane udh setia bgt sama lu, tapi lu nya main cewe pas udh keluar dri penjara.. lol""",1.0,False
Non-bullying,hapus saja ni poto tidak tahu malu sangat kamu bang,"""Hapus ajh ni poto ngk tau malu bgt lu bang""",1.0,False
Bullying,intinya tidak suka ajg listy ngrusak suasana,"""Intinya gasuka ajg selama ada listy . Ngrusak suasana""",0.0,False
Bullying,foto 2 anjing 1 kontol,"""Di foto ini ada 2 anjing dan 1 kontol""",0.0,True
Non-bullying,kasihan sekali jane sudah nunggu penjara eh tahunya waw sakit siih,"""kasian banget Jane udah nunggu keluar penjara eh taunya :), waw sakit siih""",1.0,False
Bullying,puny cewk selingkuhin tidak ngotak,"""Puny cewk baik di selingkuhin g ngotak""",0.0,False
Bullying,ingat yang potong nya hubungan nya kalau sudah gini sembeleh saja orang nya sudah terlanjur kecewa,"""Inget yg di potong itu masalah nya bukan hubungan nya, tapi kalo udah gini sembeleh aja orang nya :) udah terlanjur kecewa""",0.0,False
Non-bullying,konten putus foto tabi jessica tidak dihapus,"""Ini buat konten.. masa putus foto tabi sama jessica engga dihapus ?""",1.0,False
Non-bullying,makan dibikin ama jess tetapi ngehianatin gila sih,"""Tiap mau makan dibikin ama jess tpi malah ngehianatin gila sih""",1.0,True
Non-bullying,parah kamu bang nama kamu sudah rusak karena narkoba tambah saja truss,"""Parah lu bang nama lu udh rusak karna narkoba malah nambah masalah ajh truss""",1.0,False
Bullying,anjing ya erick,"""Ini anjing Kok mirip ya sama Erick""",0.0,True
Bullying,muka pas an sok sok an sama lonte kamu anjing,"""Muka Pas""an sok sok an mau sm lonte lo anjing""",0.0,True
Bullying,kamu anjingnya anjingnya,"""Lu sama anjingnya, lebih baik anjingnya""",0.0,False
Bullying,ih babi jangan megang tuh anjing harga dripada kamu,"""IH ADA BABI JGN MEGANG TUH ANJING HARGA DIRINYA LEBIH TINGGI DRIPADA LO""",0.0,True
Non-bullying,santuy saja bang tidak tanggepin btw saya suka gaya kamu,"""Santuy aja bang ga usah di tanggepin,btw gw suka gaya lo""",1.0,False
Bullying,narkoboy kontol main cewek menyakiti saja kamu anjing mati saja kamu bodoh,"""Narkoboy kontol, Cuma bisa maen cewe sama nyakitin doang lu anjing, mati aja lu bego""",0.0,True
Bullying,tetap penjara saja ajg nyusahin kamu,"""TETEP PENJARA AJA AJG NYUSAHIN LO KELUAR""",0.0,False
Non-bullying,cewek cakap setia disia sia in sahabat,"""cewe cakep, setia kok disia sia in sahabat""",1.0,False
Bullying,loh aku liatnya anjing yaa,"""loh kok ak liatnya anjing semua yaa""",0.0,True
Bullying,anjingnya guys saya liat babi hitam,"""Anjingnya ada dua kok guys, tapi kok lagi satu gue liat ada babi item""",0.0,True
Bullying,mantan anjing eh kebalik anjing mantan,"""Mantan Anjing, eh kebalik anjing mantan""",0.0,True
Non-bullying,bikin skandal ingin tenar,"""Bikin skandal karena kepengen tenar?""",1.0,False
Bullying,wiii anjay liat babi megang 2 anjing,"""Wiii anjay kapan lagi liat babi megang 2 anjing""",0.0,True
Bullying,foto babi memeluk anjing yang pemilik nya bidadari,"""Ini adalah foto babi sedang memeluk anjing yg pemilik nya adalah bidadari""",0.0,True
Bullying,babi tidak pantes nyentuh anjingnya bidadari kotor,"""Babi g pantes nyentuh anjingnya bidadari, nanti kotor.""",0.0,True
Bullying,anjing foto ya,"""SESAMA ANJING FOTO DULU YA KAN""",0.0,True
Bullying,potret seorjing memegang anjing kwkw,"""potret seorjing memegang anjing kwkw""",0.0,True
Non-bullying,heh sudah kenapa hate nya capai saya baca nya,"""HEH UDH NAPA HATE NYA CAPE GW BACA NYA""",1.0,False
Bullying,ganteng anjingnya eh eh kamu tidak pantes anjing anjing setia pantesnya sih babi hahahaha,"""WADUH MALAH LEBIH GANTENG ANJINGNYA. EH EH BAHKAN LU GA PANTES DISEBUT ANJING. ANJING KAN SETIA PANTESNYA SIH BABI HAHAHAHA""",0.0,True
Bullying,kalau lomba an sama babi babi nya nomor 2,"""kalo lomba sama""an sm babi, babi nya nmr 2""",0.0,True
Bullying,si anjing berfoto si anjing,"""Si anjing ketika berfoto dengan si anjing""",0.0,True
Non-bullying,kak jessica yang tunggu setia sama kartu keluarga loh pas ada kemarin kartu keluarga tidak ngehargain lebih pilih yang di sono,"""Kak jessica yg nungguin+setia sm kk loh pas ad masalah kmrn. Tapi kk ga ngehargain malah lbh milih yg d sono""",1.0,False
Bullying,erikontolim manusia babi anak lonte,"""erikontolim manusia babi anak lonte""",0.0,True
Non-bullying,hargailah hati wanita sudah tulus menemani kamu 0,"""HARGAILAH HATI WANITA YANG UDH TULUS NEMENIN LO DARI 0!!!""",1.0,False
Non-bullying,bagus sih erick mutusin jessica ya karena erick kelakuan nya begituu coba liat jessica,"""Tapi bagus sih erick mutusin Jessica ya karna Erick kelakuan ny begituu coba liat Jessica""",1.0,False
Bullying,anjing hebat ya pakai kacamata,"""Anjing sekarang hebat ya, bisa pake kacamata""",0.0,True
Non-bullying,sudah lh nasi sudah jadi bubur tidak dibentuk kek semulaaa,"""Sdh lh nasi udah jdi bubur ga bisa lagi dibentuk kek semulaaa""",1.0,False
Non-bullying,kukira kehadiranmu kebanggaan,"""Kukira kehadiranmu akan menjadi sesuatu kebanggaan, ternyata tidak""",1.0,False
Bullying,3 ajg yang tato benar-benar ajg,"""Ada 3 Ajg Dan Yg Punya Tato Bener2 Ajg""",0.0,False
Bullying,dasar orang tua tidak ada akhlak ngajarin anaknya tidak benar,"""dasar orang tua gada akhlak,ngajarin anaknya yang ga bener""",0.0,False
Non-bullying,erik sih jelasin saya tidak update maap2,"""Erik kenapa sih? Ada yang bisa jelasin gw ga update soalnya.. maap2""",1.0,False
Bullying,eh anjingnya ci jessica saya lempar kamu,"""Eh jangan dekat dekat sama anjingnya ci Jessica gua lempar lu""",0.0,False
Non-bullying,guys dari pada comment2 mending unfoll sama unsubscribe saja yaa,"""guys dr pd comment2 mending unfoll sm unsubscribe aja yaa""",1.0,False
Bullying,babi main ma anjing,"""Babi lagi main ma anjing :)""",0.0,True
Bullying,dikasi bidadari pilih babi,"""Dikasi BIDADARI MALAH PILIH BABI""",0.0,True
Non-bullying,postingan juga dihujat gila netijen,"""Postingan pertama jg dihujat dong gila netijen""",1.0,True
Bullying,kali lihat anjing babi baikan,"""BARU KALI INI LIHAT ANJING SAMA BABI BAIKAN?""",0.0,True
Bullying,dikasih bidadari pilih setan,"""Dikasih bidadari malah milih setan""",0.0,True
Non-bullying,saya tidak benci ama kamu bro tetapi saja tingkah kamu melenceng,"""Padahal gw g mau benci ama lu bro, tpi ada aja tingkah lu yang melenceng:(""",1.0,False
Bullying,sikap mu najis ludah anjing,"""SIKAP MU LEBIH NAJIS DARIPADA LUDAH ANJING!""",0.0,True
Non-bullying,njir sudah nih poto post yang komen baru2,"""Njir meskipun udh lama nih poto di post tapi masih banyak yg komen baru2""",1.0,False
Non-bullying,kesini hanya mau liat komen saja,"""kesini cmn mo liat komen aja""",1.0,False
Non-bullying,buset hate comment sampai postingan,"""Buset hate comment ampe postingan paling bawah""",1.0,False
Non-bullying,foto upload nya 20 maret comment 1 jam 2 jam 3 jam yang,"""Foto di upload nya 20 maret yang comment 1 jam 2 jam 3 jam yg lalu""",1.0,False
Bullying,pantes utang bayar lonte,"""Pantes banyak utang buat bayar lonte""",0.0,True
Bullying,2 3 tutup botol muka kamu kek kontol wkwk,"""2 3 tutup botol muka lu kek kontol wkwk""",0.0,True
Non-bullying,astaga pagi dibikin terbahak-bahak ama komenan netijen yang berbicara suka benar,"""astaga masih pagi dibikin ngakak ama komenan netijen yg ngmng suka bener""",1.0,False
Non-bullying,sudah saya capai baca komen,"""Dah lah. Gw capek baca komen kalian""",1.0,False
Bullying,kelihatan sangat anjingnya ketakutan foto dakjal,"""Keliatan bgt anjingnya ketakutan foto sama dakjal""",0.0,False
Non-bullying,astaga ngehujat sampai postingan,"""Astaga ngehujat sampe postingan paling bawah""",1.0,False
Bullying,najis elu anjing,"""Lebih najis elu daripada anjing!""",0.0,True
Bullying,2 ekor anjing buaya makan jambut,"""2 ekor anjing dan satu buaya makan jambut""",0.0,True
Bullying,kalau disuruh melihara anjing eric saya pilih anjing saja najis najisan erick kontol,"""Kalo disuruh melihara anjing/eric gw pilih anjing aja meski Najis tapi lebih najisan erick kontol""",0.0,True
Non-bullying,ngapain si ngejudge mikir putus kejadian tolol,"""Ngapain si pada ngejudge? Mikir dulu lah dia putus juga sebelum kejadian itu tolol""",1.0,True
Non-bullying,hargai wanitamu didekati pria memilihmu,"""Hargai wanitamu dia didekati banyak pria tetapi tetap memilihmu""",1.0,False
Bullying,sipat anjing anjing saja ya manusia sipat anjing,"""Ternyata sipat anjing bukan hanya ada di anjing doang ya,di manusia sipat anjing juga ternyata ada""",0.0,True
Bullying,potret anjing poto setan,"""Potret ketika anjing poto dengan setan""",0.0,True
Bullying,bantu bedainn woyy anjing babi,"""BANTU BEDAINN WOYY MANA ANJING MANA BABI""",0.0,True
Non-bullying,udaah woii udahh kamu tidak kasihan capai ngelike komenan,"""Udaah woii udahh lu gak kasihan apa?. Aku capek ngelike komenan kalian""",1.0,False
Bullying,3 anjing 1 anjing berwujud manusia 2 anjing asli perwujudan aowkwkw,"""3 anjing 1 anjing berwujud manusia, 2 anjing asli tak ada perwujudan aowkwkw""",0.0,True
Bullying,kasihan saya anjingnya dipegang dajjal,"""Kasian gue sama anjingnya dipegang dajjal""",0.0,False
Bullying,kasihan anjing nya pegang babi,"""Kasian anjing nya di pegang babi""",0.0,True
Bullying,kamu kontol tidak ajg anak dakjal,"""Lo itu kontol gak guna ajg anak dakjal""",0.0,True
Bullying,mukak kamu buruk anjing kamu,"""mukak lu lebih buruk daripada anjing lu""",0.0,True
Bullying,dikasi bening pilih dakian,"""dikasi yang bening malah milih yang dakian""",0.0,False
Bullying,mending masuk penjara saja sudah seumur hidup,"""Mending masuk penjara lagi aja dah seumur hidup""",0.0,False
Bullying,lebih lucu anjingnya ya ktimbang orangnya,"""Kok lbih lucu anjingnya ya ktimbang orangnya""",0.0,False
Bullying,jesica lepas kambing hitam,"""Akhirnya jesica bisa lepas dari kambing hitam ini""",0.0,False
Non-bullying,maafin saja bro orang kesalahan kesalahan nasehatin saja tahu berubah,"""Maafin Aja Bro Semua Orang Pasti Ada Kesalahan Dia Juga Pasti Ada Kesalahan Nasehatin Aja Siapa Tau Dia Berubah""",1.0,False
Bullying,kasihan anjingnya dipeluk sma sampahh,"""Kasian anjingnya dipeluk sma sampahh""",0.0,False
Non-bullying,saya penjara berubah,"""Gua kira keluar dari PENJARA bisa berubah""",1.0,False
Non-bullying,cintamu sebatas kertas wkwkw enteng bang,"""Cintamu hanya sebatas kertas wkwkw enteng bang""",1.0,False
Non-bullying,jane respect sekarang benar-benar sudah hilang respect,"""Padahal sejak dia sama Jane aku lebih respect :( skrg bener2 udah hilang respect :(""",1.0,False
Bullying,sudah menemani tersulit kamu pas sudah selingkuh tidak sangka idola saya sesampah,"""udah nemenin dari masa tersulit lo pas udah keluar malah selingkuh, ga nyangka idola gua sesampah itu.""",0.0,False
Non-bullying,dihujat habis an postingan komen wkwk,"""Dihujat habis""an semua postingan lama ada komen baru wkwk""",1.0,False
Bullying,saya tidak bisa bedain anjing manusia keliatannya,"""Gua gabisa bedain mana anjing mana manusia, keliatannya sama""",0.0,True
Non-bullying,kamu anaknya kick andy yang namanya marlo bang,"""Lu mirip anaknya kick andy yg namanya marlo bang""",1.0,False
Non-bullying,orang karena orang jahat,"""Kenapa ada orang baik ? Karna ada orang jahat""",1.0,False
Non-bullying,tidak niatan mengadakan pengajian begitu bang,"""Ngga ada niatan ngadain pengajian gitu bang?""",1.0,False
Non-bullying,suka sekali rambutnyaa ganteng,"""Suka banget sama rambutnyaa tambah ganteng""",1.0,False
Bullying,abatartila saja kaya gini bilang king king muka nya sudah kaya tai musang,"""@abatartila Ada ada aja kaya gini di bilang king, king muke nya udh kaya tai musang""",0.0,True
Bullying,tinggalkan berlian tai babi dih,"""Ninggalin berlian demi tai babi dih""",0.0,True
Bullying,ganteng kaga kamu kelihatan kaya daki kontol,"""ganteng kaga lu begitu malah keliatan kaya daki kontol""",0.0,True
Bullying,mukak kamu mirip tapir kuda asu sok ganteng sekali kamu,"""Mukak lo kayak tapir kuda asu sok ganteng banget lo""",0.0,False
Non-bullying,yang kecewa kamu rik,"""Banyak yg kecewa karena lu begini rik!!!!""",1.0,False
Bullying,maaf ye muka kamu sudah jelek kaga sok selingkuh cakepan anjing saya noh,"""Maap ye?muke lu udh jelek kaga usah sok selingkuh,cakepan anjing gua noh""",0.0,True
Bullying,si hebatnya banci yang badannya penuh koreng kaya kamu,"""Apa si hebatnya banci yg badannya penuh koreng kaya lo""",0.0,True
Bullying,gini bersihan kaga kek dekil,"""Gini dong bersihan kaga kek tahun tahun sebelumnya dekil""",0.0,False
Bullying,muka kamu keriput kek aki aki,"""Muka lu keriput kek aki aki""",0.0,False
Non-bullying,foto jelek dihujat foto ganteng dibilang sok ganteng,"""Foto jelek dihujat, foto ganteng dibilang sok ganteng""",1.0,False
Bullying,kebanyakan nyabu kurus kamu,"""kebanyakan nyabu jadi kurus lu""",0.0,False
Bullying,narkoboyy ngeluarin lidahh ajg tes urin,"""NARKOBOYY NGELUARIN LIDAHH, AJG MAU APA, MAU TES URIN""",0.0,False
Bullying,fotolu pede anjrit muka kamu itu anjrit,"""Fotolu pede anjrit muka lu tu anjrit""",0.0,False
Bullying,hidup jangan boss playboy ajg luu,"""Hidup itu jngn keterlaluan boss playboy amat ajg luu""",0.0,False
Bullying,mukalu kek aktor bokep bgst mending ngobat saja luu,"""Mukalu kek aktor bokep bgst mending ngobat aja luu""",0.0,True
Bullying,sudah jelek semangattt pulak wkwk,"""dah jelek semangattt pulak WKWK""",0.0,False
Bullying,muka nya begitu seren bikin mual liatnya,"""Muka nya kok gitu, seren bikin mual liatnya""",0.0,False
Bullying,anjing ngewe ama lonte bangsat,"""Sana anjing ngewe ama lonte bangsat""",0.0,True
Bullying,muka kek kontol mending penjara,"""Muka kek kontol mending di penjara""",0.0,True
Bullying,muka kek banci dih najis,"""muka kek banci dih najis""",0.0,True
Bullying,nanti mati konyol,"""Ntar Mati dalam keadaan konyol""",0.0,False
Bullying,bilang jelek nya tidak enak hehe,"""mau bilang jelek nya ga enak hehe ?""",0.0,False
Bullying,idihhhhh pantas saja foto nya keluarin lidah seperti begitu ternyata tukang jilat,"""Idihhhhh pantesan aja foto nya keluarin lidah kyk gtu. Trnyata tukang jilat?""",0.0,False
Bullying,nih orang kalau lomba babi babinya juara 2,"""NIH ORANG KALO LOMBA MIRIP BABI,BABINYA JUARA 2""",0.0,True
Bullying,titisan dakjal memang kamu nyet,"""Titisan dakjal emg lo nyet""",0.0,False
Bullying,et muka kamu saja begitu dih hahaha biarin saja sampah ketemu sampah biar busuk,"""Et muka lu aje gitu dih hahaha. Biarin aja sampah ketemu sampah biar busuk bersama""",0.0,True
Bullying,jijik astagah sok bat cakap njs,"""Jijik astagah sok bat cakep njs""",0.0,True
Non-bullying,bully an ig ngeri facebook ajg saya ngerii ajgg,"""Bully an di ig lebih ngeri daripada di fb ajg gua jadi ngerii! Ajgg",1.0,False
Bullying,sudah buriq brengsek pantes saja dapat lonte,"""udah buriq brengsek pula pantes aja dapet lonte""",0.0,True
Bullying,muka kampung gaya sok soan kota nyet,"""MUKA KAMPUNG GAYA SOK SOAN KOTA NYET""",0.0,False
Bullying,ngapa lidah kamu stroke amin deh begitu,"""Ngapa lidah Lo stroke amin deh kalau gtu""",0.0,False
Bullying,ciah dihujat 1 indonesia sampai bunuh ya komtoll belum puas nguat kauuu,"""Ciah dihujat 1 Indonesia jangan sampe bunuh diri ya komtoll kami blom puas nguat kauuu""",0.0,False
Bullying,orang kampung otak dusun gaya sosoan hype tetap saja tidak bisa nutupin muka babu kamu,"""Org kampung otak dusun gaya sosoan hype. Ttep aja gabisa nutupin muka babu lu.""",0.0,False
Bullying,cowok foto lihat lidah nya jam ah jijik saya minus akhlak kek gini,"""Cowo foto liatin lidah nya jam ah jijik gue. Apa lagi minus akhlak kek gini""",0.0,True
Bullying,anjing saya juga ogah liat muka kamu,"""ANJING gue jg ogah liat muke lu""",0.0,True
Non-bullying,tidak boleh melet dosaa rik,"""G bole melet dosaa rik""",1.0,False
Bullying,paan melet melet jilat tai tabi,"""paan melet melet mau jilat tai tabi?""",0.0,True
Bullying,setan memang melet2 teross jijik asuuu,"""Setan emg melet2 teross jijik asuuu""",0.0,True
Bullying,ni anak lahir karena kondom bocor tidak syukur muka seperti selangkangan gorilla dapat cewek cntik seperti jessica setia dan lain lain sia2in bgsad,"""ni anak lahir krna kondom bocor.. ga ada rasa syukur muka kyk selangkangan gorilla dpt cewe cntik kyk jessica setia dll malah di sia2in bgsad""",0.0,False
Bullying,si melet2 sok ganteng,"""Apaan si melet2 sok ganteng""",0.0,False
Bullying,muka kek slangkangan biawak saja banyak blagu kamu,"""Muka kek slangkangan biawak aje bnyk blagu lu""",0.0,False
Non-bullying,sumpah sih jahat sekali benar-benar kasihan kak jessica,"""Sumpah sih jahat banget. Bener2 kasian sama kak jessica""",1.0,False
Bullying,anjing tidak pantes bidadari,"""Anjing gk pantes sama bidadari.""",0.0,True
Bullying,melet terus setan kaya ular,"""MELET MULU SETAN KAYA ULAR""",0.0,True
Bullying,njr melet melet saya kirain hewan,"""Njr melet melet gw kirain hewan""",0.0,False
Bullying,begitu saja deh kek anjg kamu kang,"""Gtu aj dh kek anjg lo kang""",0.0,False
Non-bullying,saya kesini pengen liat babang sumpah feeling saya benar sekali ama reynhard sinaga,"""Gw kesini pengen liat babang ini.. Sumpah feeling gw bener.. Mirip banget ama Reynhard Sinaga""",1.0,False
Bullying,ih ko melet2 si kaya hewan saja wkwkwkwk,"""Ih ko melet2 si kaya hewan aja wkwkwkwk""",0.0,False
Bullying,iuu pilih iblis daripada bidadarii kwkwkw jyjyq,"""Iuu milih iblis drpd bidadarii kwkwkw jyjyq""",0.0,True
Bullying,melet2 sudah kaya anjing eh emah anjing,"""MELET2 UDAH KAYA ANJING, EH KAN EMAH ANJING""",0.0,True
Bullying,tidak nyadar saja nih sampah haha,"""ga nyadar aja nih sampah HAHA""",0.0,True
Bullying,lidah kuman and virus nih,"""Lidah banyak kuman and virus nih""",0.0,False
Non-bullying,ngira baju endorse kfc,"""Awalnya ngira baju endorse dari KFC, mirip '-'""",1.0,False
Non-bullying,saya kamu berkarya perbaiki tinggalkan yang negatif terlambat tetap orang yang hebat bahagia xrickolim,"""GUA MAU LO TERUS BERKARYA , PERBAIKI, TINGGALKAN YG NEGATIF , TIDAK ADA KATA TERLAMBAT , TTP JADI ORANG YG HEBAT DAN SELALU BAHAGIA @xrickolim""",1.0,False
Bullying,cita cita pakboi eh narkoboy nasib nasib,"""Cita cita ingin jadi pakboi , eh tapi malah jadi narkoboy nasib-nasib""",0.0,False
Bullying,kenapa kamu penjara sih,"""Napa lu balik dari penjara sih?""",0.0,False
Non-bullying,mending kamu tobat sudah,"""Mending lu pada tobat dah""",1.0,False
Bullying,dipenjara apalo sikat gigi bau ya baubau aroma bangsatttt,"""selama dipenjara apalo sikat gigi? KOK BAU YA, BAUBAU AROMA BANGSATTTT""",0.0,False
Bullying,gigi kamu apanya jigong kondom nya nyangkut,"""Gigi lo ada apanya? Jigong? Atau kondom nya nyangkut?""",0.0,False
Bullying,ih mukanya kek anjing rumah gwa,"""ih mukanya kek anjing rumah gwa""",0.0,True
Bullying,woi anak anjing ngapain kamu hidup bgst,"""woi anak anjing ngapain lu hidup bgst""",0.0,True
Bullying,sudah jelek tidak di jelek2 in bro,"""Udah jelek gak usah d jelek2 in lagi bro""",0.0,False
Bullying,ganteng tidak berbakat tidak kelebihannya di mana cobak,"""Ganteng kagak berbakat juga kagak kelebihannya dimana cobak?""",0.0,False
Bullying,benci saja ama orang jelek pakai selingkuh,"""Benci aja Ama orang jelek pake selingkuh segala""",0.0,False
Bullying,sudah tutup mulut nya bau kambing,"""Udah tutup mulut nya bau kambing""",0.0,False
Bullying,jualan jualan kenapa tidak yutuber bro takut tidak yang nonton yah,"""Jualan jualan knp ngga jadi yutuber lagi bro takut ngga ada yg nntn yah""",0.0,False
Non-bullying,mirip randy pangalila kalau tidak pakai kacamata,"""Kayak Randy Pangalila klo gk pake kacamata""",1.0,False
Non-bullying,kenapa liat muka bagi eric kaya enak begitu yang,"""Entah knp liat muka BG Eric sekarang kaya enak gitu .. dari pada yg dulu""",1.0,False
Bullying,ganteng nyasih anjing kucel gini jadi model,"""Apa ganteng nyasih anjing.. Kucel gini jadiin model""",0.0,True
Bullying,sepertinya ngeliat hancur deh,"""keknya dia ngeliat masa depan yang hancur deh""",0.0,False
Bullying,ingett hidup kamu tidak seenak rikkk hidup kamu susah salam teman smp pas kamu burikkk eh sekarang saja,"""INGETT HIDUP LO DULU GA SEENAK INI RIKKK. HIDUP LO SUSAH!!!! SALAM TEMEN SMP PAS LO BURIKKK. EH SKRG SAMA AJA""",0.0,False
Bullying,yaaaa yaaa kalau liat muka nya sumpah ngeselin sekali sudah operasi sono biar gantengan sedikit kalau jalan mall tidak kenal orang,"""Yaaaa yaaa kalo liat muka nya sumpah ngeselin banget dah?.oprasi dulu sono..biar gantengan dikit.. Dan kalo jln ke mall gk di kenal orng.""",0.0,False
Bullying,sih artis jelek mah iya mukanya iyuhhh,"""dia ini siapa sih??? Artis bukan, jelek mah iya mukanya iyuhhh""",0.0,False
Bullying,era kamu mending kamu mati saja babi kalau baca balas nyet,"""Ini bukan era lo lagi, mending lo mati aja babi. Kalo baca bales nyet""",0.0,True
Non-bullying,segenap hati maaf,"""Saya segenap hati minta maap""",1.0,False
Bullying,bahagia utang,"""Dulu Bahagia Sekarang Banyak Utang""",0.0,False
Non-bullying,maju berkelas rik tidak jamannya lagi toxic tidak beraturan build sistem you will be big,"""Harus lebih maju berkelas rik!! Ga jamannya lg toxic dan ga beraturan.. build sistem!! You will be BIG""",1.0,False
Non-bullying,editan konsepnya nice sekali lahhh,"""editan sama konsepnya nice banget lahhh""",1.0,False
Bullying,iri babi hahah najis,"""iri kok sama babi hahah najis""",0.0,True
Bullying,kamu kaya anjing kaya babi,"""LO YANG DULU BUKANLAH YANG SEKARANG DULU KAYA ANJING SEKARANG KAYA BABI""",0.0,True
Bullying,jelek saja tukang selingkuh kamu buriq,"""Jelek aja tukang selingkuh lo buriq !""",0.0,False
Non-bullying,komennya kek gini ya,"""kok kalian komennya pada kek gini ya""",1.0,False
Bullying,rick kamu tuh manusia kek tidak gunanya kamu dilahirin kedunia berbuat sayang nya kamu ngecewain orang gimana mau masuk surga,"""Rick lu tuh jadi manusia kek gk ada gunanya lu dilahirin kedunia untuk berbuat baik, sayang nya lu ngecewain org lain gimana mo masuk surga""",0.0,False
Non-bullying,kaloga cocok paksain,"""Kalian kaloga cocok mau di paksain?""",1.0,False
Non-bullying,ya biarin xrickolim gatau gimana aslinya ambil keputusan kalau sudah takdir tidak ada nentang njir,"""ya biarin @xrickolim kita gatau gimana aslinya masa kalian semua ambil keputusan sepihak?kalo udah takdir gaada yang bisa nentang njir""",1.0,False
Bullying,cocok memang orang mah orang kalau yang bejat mah memang cocok bejat ehehe,"""Cocok kok, emang orang baik mah buat org baik, kalo yg bejat mah emang cocok buat yang bejat juga ehehe""",0.0,True
Bullying,erick goblok pacaran ama lonte anj so bat,"""ERICK GOBLOK,MALAH PACARAN AMA LONTE ANJ,SO BAT""",0.0,True
Bullying,cocok sekali sama2 orang tidak benar biar hancur,"""Cocok banget sama2 orang gak bener biar lah dia hancur bersama""",0.0,False
Bullying,eh kek penampakan lonte,"""EH KEK ADA PENAMPAKAN LONTE""",0.0,True
Bullying,meninggalkan berlian tai sapi,"""Meninggalkan berlian demi Tai Sapi""",0.0,True
Bullying,era kamu lagi wkwkw sekarang kamu penuh cacimaki telen ludah,"""Ini bukan era lo lgi, wkwkw skrng lo penuh dengan cacimaki, telen ludah sendiri""",0.0,False
Bullying,pantes mulainya si ajg berulah,"""Pantes disini mulainya si ajg berulah""",0.0,False
Bullying,open bo tidak bang si listy om om yang cari cewek yang sudah pengalaman,"""Open BO ga bang si listy? Kebetulan ada om-om yg nyari cwe yg udah pengalaman!!!!""",0.0,False
Bullying,buah nangka buah kemanggi tidak akhlak kamu babi,"""Buah nangka buah kemanggi gak ada akhlak lu babi""",0.0,True
Bullying,perlahan karirmu hancur bro kamu kebawan,"""Perlahan karirmu ancur bro dan lu akan kembali kebawan""",0.0,False
Bullying,biarkan sk69official bangkrut saja ceo nya gatau terima kasih haha,"""Biarkan @sk69official bangkrut aja. CEO nya gatau trimakasih haha""",0.0,False
Bullying,ngapain nginap rumah cowok tidak ada keluarga lagi kamu,"""ngapain juga nginap di rumah cowo, gaada keluarga lg lo?""",0.0,False
Bullying,eh pelakor pas sekali frame orang 3,"""Eh ada pelakor, pas banget frame ke tiga, orang ke 3""",0.0,False
Bullying,anak gblk dikasi berlian pilih kerikil,"""Anak gblk dikasi berlian malah milih kerikil""",0.0,False
Bullying,dikasih bidadari pilih dajjal awokawok v,"""Dikasih bidadari malah milih dajjal awokawok:v""",0.0,False
Non-bullying,hanya ngehina sadar tidak sempurna kaya,"""Jangan cuman bisa ngehina Dong Sadar Kalian Itu Ga sempurna sama kaya kami""",1.0,False
Bullying,kesihan saya orang otak dangkal kek gini,"""Kesihan gue sama org otak dangkal kek gini""",0.0,False
Bullying,murahh sekali kamu jijik saya dikick evos malah open bo,"""Murahh banget lo jijik gue ?. Dikick EVOS mlah open BO""",0.0,True
Bullying,senengnya menyesal nya seumur hidup miris sekali hidup kamu tolol meninggalkan berlian indah dipandang sayang segumpal tai kucing,"""senengnya sekali nyesel nya seumur hidup, miris banget hidup lu tolol meninggalkan berlian yang indah dipandang dan di sayang demi segumpal tai kucing""",0.0,True
Bullying,indahnya pemandangan lont lont jual,"""Indahnya pemandangan banyak LonT lonT mau di jual""",0.0,False
Bullying,bidadari ditunjukan memang tidak pantes sma dajjal tidak tahu,"""bidadari sudah ditunjukan , bahwa mmg g pantes sma dajjal g tau diri""",0.0,False
Non-bullying,tolong kasih tahu nya apaa gais,"""siapapun tolong kasih tau aku ini masalah nya apaa gais""",1.0,False
Bullying,dikasih hati yang malaikat pilih yang berhati iblis greget,"""dikasih hati yg malaikat milih yg berhati iblis greget:(""",0.0,True
Bullying,kasih bidadari pilih kotoran,"""Di kasih bidadari malah pilih kotoran""",0.0,False
Bullying,dikasih bidadari lonte,"""Dikasih bidadari malah minta lonte""",0.0,True
Bullying,tidak jadi beli model murahan barang murahan,"""Gajadi beli Model murahan barang pasti murahan""",0.0,False
Bullying,modelny saja murahan barangnya,"""Modelny aja murahan apalagi barangnya""",0.0,False
Bullying,muka macem pengamen gegayaan selingkuh untung sudah tidak sama jane lagi kebanting sama jane muka kamu,"""muka macem pengamen gegayaan selingkuh, untung udh ga sm jane lg, kebanting sm jane muke lu""",0.0,False
Bullying,males beli saya gara gara lonte,"""Males beli gua,gara gara ada lonte""",0.0,True
Bullying,bulug gini ya mukanya ehh maaf,"""Padahal bulug gini ya mukanya.. ehh,, maaf..""",0.0,False
Non-bullying,cantikan jessica ke mana,"""Padahal cantikan jessica kemana mana""",1.0,False
Bullying,dikasih bidadari pilih sampah,"""Dikasih bidadari malah milih sampah""",0.0,True
Bullying,yaelah muka pas an saja bangga kamu njing,"""yaelah muka pas""an aja bangga lu njing""",0.0,False
Bullying,pilih iblis bidadari haha,"""Wah ibarat lebih milih iblis daripada bidadari haha""",0.0,True
Bullying,rangga_kanahaya kenapa tidak truck sampah kek mukanya sampah,"""@rangga_kanahaya knp gk truck sampah, kek mukanya sampah""",0.0,True
Bullying,tidak jadi beli takut ketularan lonte nya,"""Gajadi beli, takut ketularan lonte nya""",0.0,True
Non-bullying,hujatan klean kasihan si listy kontrak nya di copot hujat dunia sangat kejam,"""hanya bisa melihat hujatan klean kasian si listy kontrak nya d copot , di hujat memang dunia sgt kejam""",1.0,True
Bullying,beli baju lonte nanti kena sial,"""Jangan beli baju lonte entar kena sial""",0.0,True
Bullying,dasar cewek kamu lonte tahu kamu,"""Dasar cewe lo itu LONTE tau kau!""",0.0,True
Non-bullying,sudah gapaham tolong,"""Disini pada kenapa dah? Aku gapaham tolong""",1.0,False
Bullying,ditengah manusia monyet kulitnya bercorak batik,"""Itu ditengah manusia apa monyet kok kulitnya bercorak batik""",0.0,True
Bullying,muka kamu anjing gwe ganteng anjing gwe rik,"""Muka lu sama anjing gwe..lebih ganteng anjing gwe rik""",0.0,True
Bullying,pens lonte jangan takut listi miskin karena dipecat karena bisa kaya lagi dengan ya nglonte,"""Buat kalian para pens lonte jgn tkut listi Miskin krna dipecat, krna dia bsa kaya lgi, dgn cara ya nglonte""",0.0,True
Bullying,etdah tinggalkan lonte situ waras mas wkwk,"""Etdah ninggalin yang baik demi lonte, situ waras mas wkwk""",0.0,True
Bullying,saya cewek murahan postingan,"""Gw melihat cewek murahan di postingan ini""",0.0,False
Bullying,sebelah kanan batik orang sudah warna nya kek taek babi si,"""yang kedua dari sebelah kanan itu batik apa orang dah? kok warna nya kek taek babi si?""",0.0,True
Bullying,ih ko muka jelek sekali siii seram kek setan,"""Ih ko muka jelek banget siii serem kek setan""",0.0,True
Bullying,foto ketiga jablay murahan,"""Itu yang foto ketiga jablay murahan bukan?""",0.0,True
Non-bullying,memang suci nghina segitu nya,"""Emang kalian se suci apa sampai nghina dia segitu nya""",1.0,False
Non-bullying,mending follow unfollow sudah tidak usah ribet,"""Mending yang follow pada unfollow Udeh gausah ribet""",1.0,False
Bullying,dekil tatoan mampus karir kamu hancurr pantek,"""Dekil tatoan, mampus karir Lo hancurr pantek""",0.0,True
Bullying,sudah berlian pilih batu nisan,"""Udah ada berlian malah milih batu nisan""",0.0,False
Bullying,alasan setan ama setan karena kalau setan bidadari sayapnya rontok diceker digigit dijambak2,"""Alasan setan ama setan, KARNA KALO SETAN SAMA BIDADARI, SAYAPNYA RONTOK, DICEKER, DIGIGIT, DIJAMBAK2""",0.0,True
Bullying,erick tidak akhlak jelek listy jelek,"""Lagian juga Erick gak ada akhlak jelek lagi Listy juga jelek""",0.0,False
Bullying,setan ma setan mahh memang cocokk udee,"""Setan ma setan mahh emg cocokk udee""",0.0,True
Bullying,lonte kurus pucet kek mayat hidup,"""Lonte kurus pucet kek mayat hidup""",0.0,True
Bullying,muka tutup panci wkwkekek jelek nya sampai ubun ubun,"""Itu muka apa tutup panci wkwkekek jelek nya ampe ke ubun ubun""",0.0,False
Non-bullying,xrickolim smngat terus bro tiada manusia yang sempurna kamu bangkit n gbu keepstrong,"""@xrickolim smngat trus bro tiada manusia yg sempurna kmu pasti bisa bangkit n jadi lebih baik GBU keepstrong""",1.0,False
Bullying,bodoh anak orang sudah tidak perawan noh gara kamu wkwkw,"""bego anak orang udah ga perawan noh gara"" lu wkwkw""",0.0,True
Bullying,frustasi habis uangnya kasihannn,"""Frustasi..Sudah habis uangnya..Kasihannn""",0.0,False
Non-bullying,bro kamu yang ngehujat erick tetapi masalah sok keras,"""Bro buat lu pada yg ngehujat erick tpi masih punya masala sendiri jangan sok keras""",1.0,False
Non-bullying,semangat rick usaha barunya,"""Semangat Rick untuk usaha barunya""",1.0,False
Bullying,hadehh muka kaya tong sampah,"""Hadehh muka kaya tong sampah .""",0.0,True
Non-bullying,sekali omongan kasar tobat kawan kawan comment kasar nya,"""banyak banget omongan kasar disini, tobat lah kawan kawan.. cukup comment kasar nya""",1.0,False
Bullying,ni orang jelek tidak obat jj liat ya,"""Ni org jelek ga ada obat.kok jj mau liat apa ya..""",0.0,False
Non-bullying,semangat bang orang ngejudge kamu peduliin,"""Semangat bang, walaupun banyak orang yang ngejudge lu. Jangan peduliin mereka""",1.0,False
Non-bullying,tuhan yesus semangat rick,"""Tuhan yesus baik semangat rick""",1.0,False
Non-bullying,balas komen hate bang bikin sakit jempol mending berkarya,"""Jangan di bales komen hate bang bikin sakit jempol, mending lanjut berkarya:)""",1.0,False
Bullying,eh kamu nyadar tidak sudah dekil tatoan nya kaya daki haha,"""Eh lo nyadar ga ? Udah dekil terus tatoan, jadi nya kaya daki haha""",0.0,False
Bullying,jelek dapat selingkuhan jelek keren yaa imbang wkkw,"""jelek dapet selingkuhan jelek juga keren yaa imbang wkkw""",0.0,False
Non-bullying,ngehina fisik ni orang tidak benar ya wkwkwkwk,"""Wah ngehina fisik ni orang,ga bener ya wkwkwkwk""",1.0,False
Bullying,bunuh sono goblox,"""BUNUH DIRI LAH SONO GOBLOX""",0.0,False
Non-bullying,sabar komentar ujian,"""Sabar semua komentar ini ujian""",1.0,False
Non-bullying,santai rick yang ngehujat kamu belum tahu perjalanan hidup kamu saja sok suci,"""Santai rick yg ngehujat lo belom tau perjalanan hidup lo aja! Mereka hanya sok suci!""",1.0,False
Non-bullying,sabar yah tetap semangat ngejar karirnya dengerin orang ngebacot komen saja,"""Yang sabar yah,tetep semangat ngejar karirnya jangan dengerin kata orang mereka Cuma bisa ngebacot di komen doank""",1.0,False
Bullying,erick masuk neraka jalur selingkuh bos,"""Erick masuk neraka jalur selingkuh bos""",0.0,False
Non-bullying,terus berkarya brd titik seperti,"""Trs berkarya walaupun brd di titik sprti ini""",1.0,False
Non-bullying,stop ngatain orang kamu yang ngatain orang ngaca dulu ngatain mirip suci saja hidup kamu,"""Stop lah ngatain orang lain lu pada itu yg ngatain orang lain ngaca dlu sebelum ngatain kayak suci aja hidup lu pada""",1.0,False
Non-bullying,ngatain sepertinya idupnya gapernag bikin kesalahan,"""Yang ngatain keknya idupnya gapernag bikin kesalahan""",1.0,False
Bullying,gila kamu karena tidak laku youtube,"""Jadi gila kau rupanya karna gak laku lagi di YouTube""",0.0,True
Bullying,kasihan yah sudah stress,"""Kasian yah sdh stress banyak masalah""",0.0,False
Bullying,jatohnya kek ajg sih rikkk,"""Kok jatohnya malah kek ajg sih rikkk""",0.0,False
Bullying,karir turun autis kasihan hahah,"""Karir turun jadi autis kasian hahah""",0.0,True
Non-bullying,erick kek gini saya kangenin keep itu up bruuh,"""erick yang kek gini yang gua kangenin, keep it up bruuh""",1.0,False
Bullying,sudah autis iya bagi awokawkk,"""Udah mau autis iya bg awokawkk""",0.0,True
Bullying,kasihan muda sudah stresss,"""Kasian masih muda udah stresss""",0.0,False
Non-bullying,komen yang support ketutup yang hate bgst memang ig,"""Banyak komen yg support malah ketutup yg hate bgst emang IG""",1.0,False
Non-bullying,maudy cantik na natural bnr2 cantik sangat cantik dalam,"""Maudy cantik na natural bnr2 cantik bgt, cantik luar dlm""",1.0,False
Non-bullying,bikin konten youtube student life at standford maudyayunda s1 at oxford fansmu tunggu nih,"""Bikin konten YouTube Student life at standford @maudyayunda seperti waktu S1 at Oxford. Fansmu pada nungguin nih.""",1.0,False
Non-bullying,aura orang pintar memang shining ya bun hy_dindut,"""Aura org pinter emg shining ya bun @hy_dindut""",1.0,False
Non-bullying,paket lengkap deh sudah cantik pintar,"""Paket lengkap deh.. udh cantik pintar lagi""",1.0,False
Non-bullying,sukaa sangat sama artis tidak neko2 natural bngett,"""Sukaa bnget sm artis ini? nggak neko2.. dan natural bngett""",1.0,False
Non-bullying,cantik pintar bertalenta orangtua yang tidak ingin anak seperti mba maudy,"""Cantik, pintar bertalenta, ortu mana yg gak kepengen punya anak kyk mba maudy""",1.0,False
Bullying,idih mak lampir dibanding uya ma kamu kamu butiran debu kamu dikenal bacot rajin2 ngaca deh,"""Idih mak lampir, dibanding uya ma lu, lu bagaikan butiran debu,, lu dikenal karena bacot? rajin2 ngaca deh""",0.0,True
Bullying,anjirlah muka kamu kek kuntilanak sok cantik,"""Anjirlah muka lo kek kuntilanak malah sok cantik""",0.0,False
Bullying,mbak cadel yang bangga cadelnya sih kasihan karena cadel jijik tidak bisu saja,"""Mbak cadel yg bangga dengan cadelnya,, Harusnya sih kasihan karna cadel tapi lama"" jadi jijik kenapa gak sekalian bisu aja""",0.0,True
Non-bullying,sudah pintar cantik tidak kebanyakan tingkah perfect,"""Uda pinter, cantik gak kebanyakan tingkah. Perfect""",1.0,False
Non-bullying,hati hati mody jaga jaga serangan brutal rasisme wajahmu sekilas onnie2 korea waspada,"""Hati-hati mody jangan keluar sendirian jaga-jaga serangan brutal rasisme, wajahmu sekilas mirip onnie2 korea. Tetap waspada""",1.0,False
Non-bullying,bikin konten youtube daily activity stanford kak maudyayunda,"""Bikin konten Youtube daily activity di Stanford dong kak @maudyayunda""",1.0,False
Non-bullying,motivasi aku ka maudy cantipp sangat,"""Motivasi ku ka Maudy cantipp bngt""",1.0,False
Non-bullying,semoga kecerdasan mbak maudy bermanfaat agama nusa bangsa aamiin,"""Semoga kecerdasan Mbak Maudy bermanfaat bagi agama, nusa, dan bangsa.. Aamiin""",1.0,False
Non-bullying,damage nya cewek pintar tidak ada lawann,"""Damage nya cewek pinter gada lawann""",1.0,False
Bullying,cantikan berisi kurus sangat kurus auranya,"""cantikan waktu berisi dulu? sekarang kurus bgt, kurus begini auranya kurang""",0.0,False
Bullying,cantik sih sayang kurus ya padahl sudah nikah kamu bahagia pernikahannya,"""cantik sih, tapi sayang kurus ya. padahl udh nikah lo, kurang bahagia sama pernikahannya?""",0.0,False
Non-bullying,good vibes lapar,"""masih good vibes walaupun sedang lapar""",1.0,False
Non-bullying,kakak cantik sangat bismillah cerdasnya nular,"""kakak cantik bgt bismillah cerdasnya nular""",1.0,False
Bullying,bodoh kamu alam semesta seisinya serentak murka mendengarkan lagumu,"""Bego lu. Alam semesta dan seisinya pun serentak murka mendengarkan lagumu""",0.0,True
Non-bullying,dua2 nya cantik sekali masya allah,"""Dua2 nya cantik banget masya Allah""",1.0,False
Non-bullying,ka nisa ariana grande,"""ka nisa mirip ariana grande masa""",1.0,False
Non-bullying,adiknya kak maudy cantik pintar aura positifnya ramah lemah lembut rajin sholeha,"""Adiknya Kak Maudy, cantik, pinter, aura positifnya keluar, ramah, lemah lembut, rajin, sholeha""",1.0,False
Non-bullying,sekilas yang abu ariana grande haha,"""Sekilas yg abu mirip ariana grande haha""",1.0,False
Non-bullying,nya ariana grande,"""Yang satu nya mirip Ariana grande""",1.0,False
Non-bullying,kakak adik cantik ya suka duanya,"""Kakak sama adek sama sama cantik ya aku suka sama dua duanya""",1.0,False
Non-bullying,rambutnya kak modd bagussss hitam berkilauu,"""Rambutnya kak modd bagussss? Item berkilauu""",1.0,False
Non-bullying,cantik congrats kak msuk nominsi tc candler,"""Cantik semua congrats kak msuk nominsi tc candler""",1.0,False
Non-bullying,maudy enak bet sudah cantik iya pintar iya,"""Maudy enak bet dah cantik iya pinter iya""",1.0,False
Non-bullying,kukira dedeknya berdiri mukul bang jer pakai ukulele salah salah,"""kukira dedeknya berdiri itu mau mukul bang jer pake ukulele? ternyata aku salah salah :""""",1.0,False
Non-bullying,bang jerome kalau nyanyiny kek gini bagus suaranya ganyangkaaa,"""Bang jerome KLO nyanyiny kek gini bagus suaranya ganyangkaaa""",1.0,False
Non-bullying,sutan lucu menggemaskan,"""Sutan kamu sangat lucu dan menggemaskan""",1.0,False
Non-bullying,bang vidio bareng sutan kayaknya senang ama bang jerom,"""Bang sering-sering dong buat vidio bareng sutan dia kayanya juga seneng ama bang jerom""",1.0,False
Non-bullying,kalau jeromepoline video berdua saja seharian anak hahah lucu gimana riwehnya,"""Klu @jeromepoline buat video tapi berdua aja seharian sama anak kecil, hahah lucu juga gimana riwehnya""",1.0,False
Bullying,muka kamu cabul sekali sih bagi hahah,"""Muka lu kok cabul banget sih bg hahah""",0.0,False
Bullying,raut mukanya saja sudah orang kalah judi makan enak,"""Dari raut mukanya aja udh terlihat seperti org kalah judi dan tidak pernah makan enak""",0.0,False
Non-bullying,kak jerome mirip boneka tahu hahah,"""Kak jerome kayak boneka tau hahah""",1.0,False
Non-bullying,mukbang makanan sehat kak salad jepang gituuu,"""Mukbang makanan sehat dong kak. Salad jepang gituuu.""",1.0,False
Non-bullying,yakinin niatnya bagi semoga sukses,"""Yakinin dulu niatnya bg? Semoga sukses""",1.0,False
Non-bullying,bang nonton kerja jepang bermanfaat sangat kontennya jadi gampang kalau cari jepang,"""Bang, aku nonton kamu setelah aku kerja di Jepang. Bermanfaat bgt kontennya jd gampang kalo mau nyari apa apa di Jepang""",1.0,False
Non-bullying,hanya rumus diet yang tidak dipecahka ya bang,"""Cuman rumus diet ini yg ga bisa dipecahka ya bang?""",1.0,False
Non-bullying,perut maju tetapi semangat maju,"""Perut makin maju tpi semangat jangan tak maju""",1.0,False
Non-bullying,pantas kak jessica bilang bang jerom beruang wkwkwk,"""Pantesan kak Jessica bilang bang jerom beruang wkwkwk""",1.0,False
Non-bullying,aduhh susah kalau urusan sma jerome rumus matematika bahasannya daya diriku yang suka bahas inggris daripada matematika,"""Aduhh susah klo urusan sma Jerome rumus matematika terus bahasannya? Apakah daya diriku yg lebih suka bhs Inggris drpd matematika""",1.0,False
Non-bullying,kaya tulus ya mukanya kalau diliat2,"""Kaya tulus ya mukanya klo diliat2""",1.0,False
Non-bullying,kak jerome trik biar paham cepat rumus matematika dung,"""Kak Jerome, bagi trik biar bisa paham dan ingat cepat rumus matematika, dung:)""",1.0,False
Non-bullying,x baca caption mikir pakai kalkulator cuyyy hahaha,"""Baru x ini baca caption harus mikir dan pakai kalkulator cuyyy hahaha""",1.0,False
Non-bullying,sumpah si kak kemeja jeans bikin kelihatan seger sangat mantap mantap,"""Sumpah si kak, kemeja jeans bikin keliatan seger bgt mantap mantap""",1.0,False
Non-bullying,ama aktor korea yang main film reply 1988 yang kaka nya jung hwan wkwk,"""Mirip ama aktor korea yg main di film reply 1988 yg jadi kaka nya jung hwan wkwk""",1.0,False
Non-bullying,iya bang jer berbeda kalau pakai style mirip gini fresh anak gaul,"""iya bang jer terlihat berbeda klo pake style kayak gini lebih terlihat fresh anak gaul""",1.0,False
Non-bullying,kalau style gini pas begitu bang sma umur kamu yang masih muda kelihatan lebih fresh saja sesuai sma umur,"""Klo style ke gini pas gitu bang sma umur lu yg msh muda keliatan lbh fresh aja sesuai sma umur""",1.0,False
Non-bullying,dewasa imutt aih cipaaaaaa,"""Kok makin dewasa makin imutt aih cipaaaaaa""",1.0,False
Non-bullying,maniss bangettt pengen sudah senyuman manis mirip ka syifaaa,"""maniss bangettt pengen dah punya senyuman manis kayak ka syifaaa""",1.0,False
Non-bullying,nih orang manis sangat sihh tidak ngerti,"""Nih orang manis bnget sihh ga ngerti lagi""",1.0,False
Non-bullying,kakak pintar nyanyi ya syifahadjureal suaranya bagus kak,"""Kakak pinter nyanyi ya @syifahadjureal, suaranya bagus kak""",1.0,False
Non-bullying,tidak salah kalau kak syifa cantik mamahnya saja cantik bgtt jujurr,"""Gk salah kalo kak syifa cantik mamahnya aja cantik bgtt!! Jujurr""",1.0,False
Non-bullying,lelaki yang kamu lelaki yang beruntung,"""Lelaki yg mendapatkan km. Adalah lelaki yg beruntung.""",1.0,False
Non-bullying,sangat ayahmu kalau adikmu sangat mamamu,"""Kamu mirip bgt ayahmu kalo adikmu mirip bgt mamamu""",1.0,False
Non-bullying,kakak sudah cantik sii cantikan kalau pakai hijab,"""Kakak udah cantik sii, tapi cantikan lagi kalo pake hijab""",1.0,False
Non-bullying,gemeshh kaya pengen cubit,"""Gemeshh rasanya kaya aku pengen cubit""",1.0,False
Non-bullying,angelkmgi cute sih ganteng parah masih juga,"""@angelkmgi ini paling cute sih, ganteng parah msh kecil jg""",1.0,False
Bullying,pengen saya pacul mulut kamu woii anjeng busuk,"""Pengen gw pacul mulut lo!! woii anjeng busuk""",0.0,False
Non-bullying,bilang orang-orang artis cewek yang menurutku cantik syifa ziu,"""Sering blg ke org2 artis cewek yg menurutku paling cantik syifa sama ziu""",1.0,False
Non-bullying,ka cipa itu sudah cantik manis sangat manisnya itu nglebihin gula,"""Ka cipa tu uda cantik, baik, manis bgt pula, manisnya tu nglebihin gula""",1.0,False
Non-bullying,sekilas cantikkan syifa,"""Dilihat sekilas pun tampak jelas kalau cantikkan syifa""",1.0,False
Non-bullying,setuju tidak sih si tetap cntik sangat tidak pakai pakai up tidak pakai pakai up pucet sangat seperti tidak makan setahunn,"""Setuju g sih? Si dia tetep cntik bgt meski g pke make up? lah aku g pke make up pucet bgt kyk g makan setahunn""",1.0,False
Non-bullying,dahlahh memang cantik kamu cippp,"""dahlahh emang cantik luar dalam kmu ini cippp""",1.0,False
Non-bullying,muka cantik pakai up hini bahagia sangat kali ya yang suaminya liat bidadari harinya,"""Muka cantik tanpa make up hini, bahagia bgt kali ya yg jadi suaminya, bisa liat bidadari setiap harinya.""",1.0,False
Non-bullying,suka bgtt sama kak cipaa orangnya humble sama orang temannya,"""Suka bgtt sm kak cipaa.. orangnya humble sm semua orang dan banyak temannya juga""",1.0,False
Non-bullying,artis remaja indonesia yang manis sangat kalau senyum deh perasaan yang nempel hati,"""Artis remaja di Indonesia yg manis bgt kalo senyum Cuma dia deh perasaan yg nempel di hati""",1.0,False
Non-bullying,doakan perempuan yang bernama nagita sehat bahagia lahir batin sayang sama,"""Aku doakan perempuan baik yg bernama Nagita selalu sehat, bahagia lahir batin, dan banyak yang sayang sm dia..""",1.0,False
Non-bullying,rafathar nya mantull ni pulang tidak jadi menginap karena tidak teman mamany di rumah papany pulangg jadi jagain temani mama ya aa,"""Rafathar nya mantull ni, pulang nggk jd nginep karna nggk ada temen mamany d rmh papany belum pulangg.. jd jagain dan temenin mama dulu  ya aa""",1.0,False
Non-bullying,kultur kerja kaya gini saya bagus si tidak kapitalis sekali petingginya kerja ngevlog endors semoga gaji tidak senjang si haha,"""kultur kerja kaya gini menurut gw bagus si ga kapitalis banget, petingginya juga ikut kerja misal ngevlog atau endors, semoga gaji juga ga senjang si haha""",1.0,False
Non-bullying,senang kerja rans mbak gigi tidak ngebossy,"""Pantas pada senang kerja di Rans.. mbak gigi nggak ngebossy..""",1.0,False
Non-bullying,senang yaa lihat orang sukses meeting ya allah pengen sukses mirip begitu biar status instastory,"""Seneng yaa lihat orang sukses meeting. Ya Allah pengen sukses kayak gitu biar ada status di instastory""",1.0,False
Non-bullying,semoga kelg crew sehat rejeki terus lancar ya kak gigi,"""smga semua kelg dan crew sehat semua.. dan rejeki trs lancar ya kak gigi..""",1.0,False
Non-bullying,fokus nagita pas minum sempet baca doa keren sangat hasil didikan orang tua nya,"""Fokus ke nagita pas mau minum masih sempet baca doa. keren bgt hasil dari didikan orang tua nya""",1.0,False
Bullying,kasihan ya nagita suami kerjaannya berzinah,"""Kasihan ya , Nagita punya suami kerjaannya berzinah terus""",0.0,False
Non-bullying,koreaable sekali face rafathar cakap ganteng manis sekali,"""Koreaable banget face rafathar cakep ganteng manis banget""",1.0,False
Non-bullying,masyaallah rafathar ganteng sangat tidak kuat ngeliat alisny,"""MasyaAllah Rafathar tambah besar makin tambah ganteng bgt gk kuat ngeliat alisny?""",1.0,False
Non-bullying,siwon ya lama2 perasaan saya saja,"""Kok mirip siwon ya lama2, apa perasaan gw aja.""",1.0,False
Non-bullying,lucunya berasa mirip kaka adik,"""Lucunya berasa kayak kaka dan adek""",1.0,False
Non-bullying,wajah nagita kya umur 20an,"""Itu wajah nagita kya masih umur 20an""",1.0,False
Non-bullying,foto nomor edit edit ya saayy kamera nyaa bening model fotonya bening tidak pakai filter tipu tipu,"""Foto no edit edit ya saayy kamera nyaa bening,,, model fotonya pun juga bening gak perlu pakai filter tipu tipu""",1.0,False
Non-bullying,look nya rafathar memang tidak dipungkiri diborong gen mama gigi haha,"""Look-nya Rafathar emang gak bisa dipungkiri, diborong gen mama gigi semua HAHA.""",1.0,False
Non-bullying,nagita kaya anak muda coba cantikk bangeett,"""Nagita masa kaya anak muda coba cantikk bangeett""",1.0,False
Non-bullying,masyaallah mamany cantik anaknya ganteng perfect,"""Masyaallah mamany cantik anakny ganteng, perfect""",1.0,False
Non-bullying,kaya adik kakak kak gigi kelihatan muda sekali,"""Kaya adek kakak.. kak gigi keliatan muda banget""",1.0,False
Non-bullying,gede saja rafathar ya pintar ya rafathar,"""Tambah gede aja rafathar ya tambah pinter ya Rafathar""",1.0,False
Non-bullying,mama gigi rambutnya pirang cantik muda,"""Mama gigi kalau rambutnya agak pirang tambah cantik dan tampak lebih muda""",1.0,False
Non-bullying,ootd mama gigi simple elegan nya masyaallah,"""OOTD mama gigi simple tapi elegan dilihat nya, masyaallah""",1.0,False
Non-bullying,masyaallah mamah gigi bening bet sudah sehat mamah gigi dan keluarga,"""Masyaallah mamah gigi bening bet dah, sehat selalu mamah gigi dn keluarga""",1.0,False
Non-bullying,mama gigi ketemu gajah gajahnya senang tertawa begitu ahhaha,"""mama gigi ketemu gajah. gajahnya seneng sampai ketawa gitu ahhaha.""",1.0,False
Non-bullying,ya allah tidak tahu kenapa aku suka lihat nagita pakai dress modelnya cakap cakap,"""Ya allah ga tau knp ak suka setiap lihat nagita pake dress modelnya cakep cakep""",1.0,False
Non-bullying,i see beauty in everything mba gigi sehat dede bayi nya,"""i see beauty in everything mba gigi sehat selalu sama dede bayi nya""",1.0,False
Non-bullying,mama gigi cantik sekali look younger than her age love mama gigi,"""Mama gigi cantik banget? look younger than her age.. love mama gigi""",1.0,False
Non-bullying,semoga adeknya rafathar anak tangguh kuat cerdas,"""Semoga adeknya rafathar menjadi anak yang tangguh kuat cerdas""",1.0,False
Non-bullying,pakaian apapun yang dipakai mama gigi keceee,"""Pakaian apapun yg dipake mama gigi selalu keceee""",1.0,False
Non-bullying,terima kasih kak nagita raffinagita1717 support molly si gajah satwa satwa bali zoo kunjungannya keluarga,"""Terima kasih kak Nagita @raffinagita1717 sudah support Molly si gajah dan satwa-satwa di Bali Zoo lainnya dengan kunjungannya bersama keluarga""",1.0,False
Non-bullying,kaya nya gajahnya merasakan aura positif nya mb gigi sumringah juga gajahnya loo,"""Kaya ny gajahnya merasakan aura positif nya mb gigi itu? kelihatan sumringah jg gajahnya loo..""",1.0,False
Non-bullying,manis sekali mbak gigi masya allah hamil bersinar,"""Manis banget mbak gigi.. Masya Allah.. hamil semakin bersinar..""",1.0,False
Non-bullying,mama gigi tidak pernah tidak cantik sih kalau,"""Mama gigi gapernah ga cantik sih kalo menurut aku.""",1.0,False
Non-bullying,semoga sehat bayi kandungan nya ibunya ya,"""Semoga sehat selalu bayi dalam kandungan nya sama ibunya ya.""",1.0,False
Non-bullying,cantik sekali semoga sehat kakak panutan,"""Cantik banget semoga sehat selalu kakak panutan""",1.0,False
Non-bullying,masyaallah mempesona kaum adam kaum hawa,"""MasyaAllah selalu mempesona baik kaum adam maupun kaum hawa""",1.0,False
Non-bullying,tidak orang bangun tidur siang secantik ka yaya,"""Gak ada orang lain yang bangun tidur siang secantik ini selain ka yaya""",1.0,False
Non-bullying,tua muda yehh mukanya cantik bngett mau nangiss ampun cantik ka yaya,"""makin tua makin muda yehh mukanya, mana cantik bngett mo nangiss ampun cantik terus ka yaya""",1.0,False
Non-bullying,gapaham cakeup nya natural masyaallah,"""Gapaham lagi cakeup nya natural Masyaallah""",1.0,False
Non-bullying,raisa mah tipe cantik sopan santun pakaiannya,"""Raisa mah tipe cantik tapi sopan santun pakaiannya""",1.0,False
Non-bullying,ka yayaaa why are you always stunning pretty girl,"""ka yayaaa, why are you always stunning pretty girl.""",1.0,False
Non-bullying,ya allah ni orang peri cantik amatt,"""Ya Allah ni orang apa peri, cantik amatt""",1.0,False
Non-bullying,cantik sekali heran samping kanan kiri dan lain lain tetap saja cantik,"""Kenapa cantik banget aku heran dilihat dari samping kanan kiri depan dll tetep aja cantik""",1.0,False
Non-bullying,berhenti cakap tidak kakk pusingggg ih,"""BISA BERHENTI CAKEP GA KAKK? PUSINGGGG IH""",1.0,False
Non-bullying,cantik bajunya keren warnanya bikin pangling,"""Cantik bajunya keren warnanya bikin pangling""",1.0,False
Non-bullying,dongggg liked congratulations,"""Sudah dongggg dan sudah di liked juga.. congratulations""",1.0,False
Non-bullying,udaaaahh nontonnnnn lagunya bajunya makeup hairdo nyaaa sukaakkkk,"""Udaaaahh nontonnnnn.. lagunya bajunya makeup dan hairdo nyaaa sukaakkkk""",1.0,False
Non-bullying,raisa tidak monoton suka deh sering2 kek gini,"""Raisa sekarang ngak monoton?. Jadi suka deh?. Sering2 kek gini?.""",1.0,False
Non-bullying,sudah kunyah saja cute sekali,"""udah dong. Lagi ngunyah aja cute banget""",1.0,False
Non-bullying,penyihir secantik saya rela dikutuk tokek laut,"""Penyihir secantik ini gue rela dikutuk jadi tokek laut""",1.0,False
Non-bullying,ya ampun kak makan sih cantik sekali,"""Ya ampun kak makan apa sih kok bisa cantik banget""",1.0,False
Non-bullying,ya allah kek anak yang masih batita kalau lagi marah manyunnya gemes hahaha,"""Ya allah kek anak yg msh batita klo lg ngambek manyunnya begitu, gemes hahaha""",1.0,False
Non-bullying,sudah sumpah bagus sekali serasa liat cerita disney begitu,"""Aku udah. Dan sumpah bagus banget. Serasa liat cerita disney gitu""",1.0,False
Bullying,kamu tidak sopan mukak kamu mirip babi,"""lu lebih gak sopan, mukak lu kayak babi!""",0.0,True
Non-bullying,ya allah sempurna sih ciptaanmu yang in,"""ya Allah kenapa begitu sempurna sih ciptaanmu yg satu in""",1.0,False
Non-bullying,ragu saja cantiknya sudah kek gini bagaimana kalau yak cantiknya kek heran,"""Ragu aja cantiknya udh kek gini, gmn kl yakin yak, cantiknya kek apa, heran""",1.0,False
Non-bullying,kelihatan ragu kelihatan cantik,"""Bukan keliatan ragu, tapi keliatan cantik""",1.0,False
Non-bullying,warna bikin raisa shinning merah hitam putih pink and emerald,"""Warna yang paling bikin Raisa makin shinning itu merah, hitam, putih, pink and emerald""",1.0,False
Non-bullying,raisa pakai baju merah sumpahh cantik bgttt,"""Raisa pake baju merah sumpahh cantik bgttt""",1.0,False
Non-bullying,liriknya pendek tetapi susah hafal pas putar kali eh candu sekali,"""Liriknya pendek tp susah di hafal pas awal awal, begitu di puter beberapa kali eh kok candu banget""",1.0,False
Non-bullying,kak yaya tidak ngeraguin pendengar lagu2 nya,"""Demi apa, Kak Yaya gk pernah ngeRAGUin para pendengar lagu2 nya""",1.0,False
Non-bullying,ka yaya kalau ragu tetap secantik yah,"""Ka yaya kalo ragu tetep secantik itu yah :"")""",1.0,False
Non-bullying,ragu saja cantik kak serius,"""Ragu aja cantik kan kak, apalagi kalau serius""",1.0,False
Non-bullying,tidak alay tidak muluk muluk natural sukaaaa,"""Ngga alay. Ngga muluk muluk. Natural. Sukaaaa",1.0,True
Non-bullying,seru sangat gemoy tim berkebun plus tim alam sangat niiii,"""seru bgt gemoy, tim berkebun plus tim alam bgt niiii""",1.0,False
Non-bullying,nikmatnya menghirup oksigen bebas ya,"""nikmatnya bisa menghirup oksigen dengan bebas ya :)""",1.0,False
Non-bullying,slide mukanya gaya saja tetap cantikk,"""Slide kedua mukanya mau gaya apa aja tetep cantikk""",1.0,False
Non-bullying,mba isyana foto gelap2an gini saja aesthetic sangat ya,"""mba isyana foto gelap2an gini aja aesthetic bgt ya""",1.0,False
Non-bullying,mba isyana sudah cantik suaranya bagus kompeten ah sukaaaa,"""mba isyana udah cantik suaranya bagus kompeten pula, ah sukaaaa""",1.0,False
Non-bullying,tidak taulah suka sekali gayanya isyan,"""Ga Taulah aku juga suka banget sama gayanya isyan""",1.0,False
Non-bullying,kangen nonton konser isyan langsung masih virtual experience nya saja begitu,"""Kangen nonton konser isyan secara lgsg, meskipun msh bisa virtual, Cuma experience-nya lebih dapat aja gitu""",1.0,False
Non-bullying,congrats ka isyanasarasvati berkarya sukses mnjd inpirasi,"""Congrats ka @isyanasarasvati, terus berkarya, makin sukses? dan terus mnjd inpirasi kita semua?""",1.0,False
Non-bullying,congrats kak pantes mendapatkannya,"""Congrats kak, kamu memang pantes mendapatkannya""",1.0,False
Non-bullying,berharap kak isyanasarasvati umur inspirasi musisi indonesia suka musik indonesia kak isyana,"""Saya berharap kak @isyanasarasvati panjang umur. Sehingga bisa jadi inspirasi untuk musisi seluruh Indonesia. Saya suka musik indonesia dengan adanya kak Isyana""",1.0,False
Non-bullying,sudah cantik agak gesrek ya kelebihannya semangat produktif,"""Udah cantik, rada gesrek tapi ya ini banyak kelebihannya, semangat tetap produktif""",1.0,False
Non-bullying,gatau serasa nonton wtf benar jakarta virtual and thankyouu for the performance kak syan keren pecah mengecewakan,"""Gatau lagi, serasa nonton wtf beneran di jkt meski virtual and thankyouu for the performance kak syan! Selalu keren dan pecah! Tak pernah sekalipun mengecewakan""",1.0,False
Non-bullying,tidak lihat ka isyana live benar panggung tetapi terpesona sangat ama live virtual asli keren,"""Walaupun ga pernah lihat ka isyana live beneran di panggung. Tp aku terpesona bgt ama live virtual asli keren""",1.0,False
Non-bullying,yash we the fest even virtual tetap keren sangat kak syann huaaa energi nya dapat sangat,"""yash we the fest even virtual tapi tetep keren bgt kak syann huaaa energi nya dpt bgt""",1.0,False
Non-bullying,keren sekali sebentar mantap habis ditunggu karya ya kak stay safe and healthy isyana aku,"""Keren banget!!! walaupun sebentar tapi mantap abis! Ditunggu karya selanjutnya ya kak! Stay safe and healthy isyana ku""",1.0,False
Non-bullying,makaseh jugaa kakaaa inyeeuuuu semoga pantang menyerah kakak teman musisi yaaa,"""makaseh jugaa kakaaa inyeeuuuu semoga aku bisa pantang menyerah seperti kakak dan teman musisi lainnya yaaa""",1.0,False
Non-bullying,thank you syan senang sekali kemarin haha semoga pandemi rencana dilancarkan ya syan,"""Thank you juga, Syan! Seneng banget kemarin haha! Semoga setelah pandemi ini, semua rencana dilancarkan ya, Syan!""",1.0,False
Non-bullying,hua senang sangat kemarin 35 menitan tetapi senang liat isyan adaptasi kebiasaan baruku semoga teratur maemnya ditunggu karya kaka,"""hua seneng bgt kmrn walaupun Cuma 35 menitan tp seneng liat isyan, adaptasi kebiasaan baruku semoga bisa lebih teratur maemnya, ditunggu karya selanjutnya kaka""",1.0,False
Non-bullying,senang indonesia musisi idealis berkualitas yang berkarya diapresiasi orang,"""senang akhirnya indonesia bisa mempunyai musisi idealis berkualitas tinggi yg masih bisa terus berkarya & diapresiasi oleh banyak orang?""",1.0,False
Non-bullying,berharap menghadirkan musisi dengan genre dari yang industri biar musik indonesia berwarna,"""Berharap bisa menghadirkan musisi dgn genre yang lain dr yg sudah ada di industri? biar musik Indonesia lebih berwarna""",1.0,False
Non-bullying,congrats kak isyan semoga impian impian baiknya terwujud aamiin,"""congrats kak isyan semoga semua impian-impian baiknya segera bisa terwujud aamiin""",1.0,False
Non-bullying,benar benar idola dari musisi dipandang sebelah mata sampai label musik congrats syan,"""Bener bener idola, dr musisi yang dipandang sebelah mata sampe buat label musik sendiri, congrats syan""",1.0,False
Non-bullying,congrats kak isyan semoga karya nya yang kakak sukses teruss,"""CONGRATS KAK ISYAN semoga karya nya apa yg dilakukan kakak sukses teruss""",1.0,False
Bullying,orang stres gila,"""ORANG INI TERLIHAT SANGAT SANGAT STRES DAN GILA""",0.0,True
Bullying,saya kalai tuhan gaakan saya jadi manusia pante tidak hidup orang dunia akhlaknya tidak ada tolol bangsat,"""Gua kalai jadi tuhan gaakan gua jadiin dia ini manusia, lebih pante ga hidup ini orang di dunia, akhlaknya gaada tolol bangsat""",0.0,True
Non-bullying,nya saya nangis kalau lagu nya seiihh kalau nangis karena saking bagus nya lagu nya,"""Biasa nya aq nangis kalo lagu nya seiihh, kalo sekarang nangis karna saking bagus nya lagu nya""",1.0,False
Non-bullying,definisi minat ketemu bakat ketemu kerja keras,"""definisi minat ketemu bakat ketemu kerja keras""",1.0,False
Non-bullying,vnagstn astaga si isyana keren sekali musisi lokal selera musiknya mirip gini,"""@vnagstn astaga si isyana keren banget ini; bisa ada musisi lokal yang selera musiknya kayak gini""",1.0,False
Non-bullying,mashaallah sudah cantik pintar jago nyanyi dan mainin alat musik neng isyanasarasvati ngefans benar mah,"""MashaAllah? udh cantik, pinter, jago nyanyi dn mainin alat musik pula neng @isyanasarasvati ngefans bener ini mah""",1.0,False
Non-bullying,gilaaaa gila gilaaaa tangan kaki ekspresi n emosi tertuang adi karya yang fantastis,"""Gilaaaa.. gila.. gilaaaa Tangan, kaki, ekspresi, n emosi tertuang adi suatu karya yg fantastis""",1.0,True
Non-bullying,gosh kali lihat isyana mainin alat musik kaya lihat jiwanya beda merinding gila kaya kepribadiannya serius sangat,"""Gosh, tiap kali lihat isyana mainin alat musik kaya lihat jiwanya beda. Merinding gila. Kaya kepribadiannya jadi serius bangett""",1.0,True
Non-bullying,sumpah allah bagus sangat kereennn merinding aku nya dengerin sampai habis tiba2 saja sampai netesin air mata,"""Sumpah demi allah bagus bangett kereennn merinding ak nya.. dengerin sampe abis tiba2 aja ampe netesin air mata""",1.0,False
Non-bullying,memutuskan fans isyana gila keren sekali ya otak berdua berfungsi dengan menjalankan perintah tangan kaki bersamaan,"""aku memutuskan untuk menjadi fans isyana. gila keren banget ya, otak mereka berdua bisa berfungsi dg menjalankan perintah ke tangan dan kaki, di waktu bersamaan""",1.0,True
Non-bullying,amzing isyanaa jujur amazed sekali skill minat isyana bermusik tidak bernyanyi main alat musik jago sekali,"""AMZING ISYANAA!! Jujur aku amazed banget dengan skill dan minat Isyana dalam bermusik. Ga Cuma bernyanyi tapi main alat musik pun jago banget""",1.0,False
Non-bullying,ngiri liat orang keren main alat musik dalam sekali nikmatin permainan,"""paling ngiri liat orang keren maen alat musik dan dalem banget nikmatin permainan sendiri""",1.0,False
Non-bullying,sampai tidak berkata2 isyana sangat2 sempurna orang,"""Sampe ga bisa berkata2 lagi buat isyana, sangat2 sempurna org ini""",1.0,False
Non-bullying,inimah main alat musik olahraga jari kaki mah,"""Inimah bukan main alat musik lagi. Olahraga jari dan kaki ini mah""",1.0,False
positif,jual makanan anjing dog food happy dog murah harga promo,JUAL MAKANAN ANJING (DOG FOOD) HAPPY DOG MURAH HARGA PROMO,1.0,True
positif,jual grosir makanan anjing makanan kucing petshop,JUAL GROSIR MAKANAN ANJING MAKANAN KUCING UNTUK PETSHOP,1.0,True
positif,mentang mentang kamu anak gaul pas dikejar anjing lari bilang saya kabur bilang wow begitu,Jangan mentang-mentang lu anak Gaul. Pas dikejar anjing bukannya lari malah bilang 'terus Gue harus kabur sambil bilang wow gitu?',1.0,True
negatif,males kalau kerja pagi terus tidak yang antar anjing,"Males itu kalo kerja pagi trus gak ada yg nganter, anjing",0.0,True
negatif,pagi panggil anjing saja kamu motornya ugal ugalan,Pagi ini cuma mau panggil anjing aja buat elo yang naik motornya ugal ugalan.,0.0,True
positif,hukumya orang islam pelihara anjing banyak kalangan artis yang plihara,"Mau tanya, hukumya org Islam pelihara anjing? Kan byk kalangan artis yg plihara?",1.0,True
positif,anjing okay,Cuma karena anjing... okay,1.0,True
negatif,sok geulis anjing,sok geulis anjing,0.0,True
positif,cokelat racun anjing kucing,Cokelat merupakan racun bagi anjing dan kucing.,1.0,True
negatif,anjing juga kamu ler,anjing jg lo ler,0.0,True
positif,memelihara anjing n kucing nih,Wah aku memelihara anjing n kucing nih,1.0,True
positif,so sweet pemain gendong anjing pengganggu laga,"So Sweet, Pemain Ini Gendong Anjing Pengganggu Laga",1.0,True
positif,anak anjing jantan sengaja anak anjing betina menang bermain,Anak anjing jantan sengaja membuat anak anjing betina menang ketika mereka sedang bermain,1.0,True
positif,anjing putih bertengkar,Sesama anjing putih berantem,1.0,True
negatif,kesal deh pagi2 anjing aku gigit perban kakiku,kesel deh pagi2 anjing ku masa mau gigit perban kakiku,0.0,True
negatif,lancau anjing stressnya,Lancau anjing.. stressnya aku..,0.0,True
positif,mei 2007 mourinho ditangkap diduga menghalangi polisi mengkarantina anjing peliharaannya,"Pada Mei 2007, Mourinho sempat ditangkap karena diduga menghalangi Polisi yang hendak mengkarantina anjing peliharaannya",1.0,True
positif,pria china tewas selfie anjing laut,Pria Asal China Tewas karena Selfie dengan Anjing Laut,1.0,True
positif,lucu anak anjing anak kucing,"Mana yang lebih lucu, anak anjing atau anak kucing?",1.0,True
positif,new jersey department of corrections melatih anjing mengendus ponsel tersembunyi,Di New Jersey dari Department of Corrections melatih anjing untuk mengendus ponsel tersembunyi.,1.0,True
negatif,beli anjing teman sudah teman kaya anjing,"Tadinya mau beli anjing buat jadi temen. Tapi, udah banyak temen yang pada kaya anjing",0.0,True
negatif,nyepam sangat anjing,nyepam bgt anjing,0.0,True
positif,anjing memang ganggu ya gonggong huf,anjing emang ganggu ya gonggong terus huf,1.0,True
negatif,sih sayang sayangan sudah putus eh anjing anjingan,Dulu sih sayang sayangan udah putus eh anjing anjingan,0.0,True
positif,cokelat kismis membunuh anjing,Cokelat dan kismis  dapat membunuh anjing.,1.0,True
negatif,anjing tolol ikut2an membicarakan kepercayaan orang dasar tolol urus kepercayaan kamu kasihan deh,Anjing tolol ini ikut2an ngomongin kepercayaan orang lain dasar tolol urus saja kepercayaan kau kasian Deh.,0.0,True
positif,kali jogging pas jalan sadar anjing berkeliaran,"Baru kali ini jogging di sini, dan pas di jalan baru sadar di sini banyak anjing berkeliaran",1.0,True
positif,pengen anjing mirip gini sayang,Pengen anjing kayak gini sayang,1.0,True
negatif,hp rusak anjing ah,Hp rusak anjing ah,0.0,True
negatif,si anjing jualan obat wkwk,Si anjing jualan obat.. wkwk,0.0,True
positif,penyakit anjing gila rabies penyakit menyerang anjing kucing kera dan lain lain,"Penyakit anjing gila atau Rabies :penyakit yang menyerang anjing, kucing, kera dll",1.0,True
positif,kehadiran orang anjing kucing rumah menyebabkan seekor kucing stres,"Kehadiran orang baru, anjing atau kucing baru, di sebuah rumah dapat menyebabkan seekor kucing menjadi stres.",1.0,True
positif,anjing menggonggong menggigit orang bicara,Anjing yang menggonggong biasanya tidak menggigit. Orang yang banyak bicara biasanya tidak bisa bekerja.,1.0,True
positif,kamu mirip anjing kucing setia gampang manja saja,"lu dan aku kayak anjing dan kucing. Yang satu setia, yang satu gampang manja sama siapa aja.",1.0,True
positif,hyena terkait anjing terkait erat kucing,"Hyena tidak terkait dengan anjing, mereka jauh lebih terkait erat dengan kucing.",1.0,True
negatif,nyawa kaca anjing,nyawa lebih penting dari pada kaca anjing,0.0,True
negatif,woyy anjing tolol terus kontolku,Woyy Anjing! TOLOL mulu mirip KONTOLKU!!!,0.0,True
negatif,anjing akun tolol,ANJING!! AKUN TOLOL,0.0,True
positif,anjing aing palanya habis bocor bertengkar anjing kampung rebutan cewek,anjing aing palanya habis bocor berantem sama anjing kampung rebutan cewe,1.0,True
positif,manusia satunya makhluk hidup tertawa hewan anjing kucing tertawa,Manusia bukan satu-satunya makhluk hidup yang bisa tertawa. Hewan seperti anjing dan kucing juga bisa tertawa.,1.0,True
negatif,eh tahu ni anjing kamu,eh mana tau ni anjing lah kau,0.0,True
negatif,hai salam kenal pending dpnya cantik orang pending ngapain nih pending dasar anjing delivered,"Hai salam kenal (pending) | DPnya cantik, orang mana? (Pending) | Lagi ngapain nih? (Pending) | Dasar anjing!! (delivered)",0.0,True
positif,ibu2 bapak2 nenek2 bawa kereta bayi diintip isinya anjing,"banyak ibu2 atau bapak2 atau nenek2 yang bawa kereta bayi, tapi begitu diintip isinya ternyata anjing.",1.0,True
negatif,kamu suka ama bilang tidak ngejelekin nama w anjing,Kalau lu juga suka ama dia bilang. Gak usah ngejelekin nama w di depan dia. Anjing,0.0,True
negatif,demen anjing sampai kaya anjing hehe,demen anjing sampe kaya anjing hehe,0.0,True
positif,hyorin memiliki hewan peliharaan anjing,Hyorin memiliki hewan peliharaan yaitu anjing,1.0,True
negatif,mukaa kamu passs smaa bulukkk jadi jadiann deh sono anjing babiii,MUKAA LO SAMA DIA PASSS SAMA SMAA BULUKKK JD JADIANN DEH SONO ANJING SAMA BABIII,0.0,True
negatif,tidak sok ngartis sih anjing sok cantik gaya kamu,"Ga usah sok ngartis sih anjing, jangan sok cantik banyak gaya lu...",0.0,True
negatif,cwok kaya anjing begitu,cwok kaya anjing gitu,0.0,True
negatif,efek bergaul anjing kelakuan si nong jadi,efek terlalu sering bergaul sama anjing makanya kelakuan si Nong jdi begitu.,0.0,True
negatif,dasar anjing,Dasar anjing,0.0,True
negatif,anjing ni orang mabok stress,anjing ni org mabok atau stress,0.0,True
negatif,anjing bangsat tai saja,Anjing bangsat tai doang lah,0.0,True
positif,menjalankan mobil periksa astikan hewan kucing anjing yang berlindung area ban mobil,sebelum menjalankan mobil periksa dan astikan tidak ada hewan seperti kucing atau anjing yg berlindung di area ban atau mobil.,1.0,True
negatif,si anjing si anjing,SI ANJING SI ANJING,0.0,True
negatif,kamu perek pemalan pejuh belaga pakai hijab neraka kamu anjing,lo perek pemalan pejuh belaga pake hijab segala. Neraka buat lo anjing,0.0,True
positif,pahamilah sifat anjing luhur moral beretika tuannya teman penjaga yang setia,"Pahamilah bahwa sifat anjing sangat Luhur moral dan Beretika kepada tuannya, teman dan penjaga yg baik , tentunya Setia",1.0,True
negatif,ok anjing anak pelacur mak sundal i m coming for u sooner or later,Ok anjing anak pelacur mak sundal?I'm coming for u sooner or later.,0.0,True
positif,lemah seekor anjing keras gonggongannya,Semakin lemah seekor anjing semakin keras gonggongannya,1.0,True
negatif,woy tony bangsat are you liverpool shit fan do you know liverpool is fuckin bullshit like city hah anjing,"Woy tony bangsat, are you liverpool shit fan? Do you know liverpool is fuckin bullshit like city hah anjing?",0.0,True
negatif,anjing si v tolak kamu,Anjing. Daripada sama si v yang nolak lu,0.0,True
positif,hewan dianugerahi jin keledai anjing,"Beberapa hewan dianugerahi bisa melihat jin, seperti keledai dan anjing",1.0,True
positif,memiliki kakak perempuan seekor anak anjing,Ia memiliki seorang kakak perempuan dan seekor anak anjing,1.0,True
positif,negara yurisdiksi memberlakukan sengaja melukai membunuh anjing polisi kejahatan,Di beberapa negara banyak yurisdiksi yang memberlakukan apabila sengaja melukai atau membunuh anjing polisi adalah kejahatan besar,1.0,True
negatif,anjing bangsat dikenang sampah merindu wes ora peduli,"Terlalu anjing untuk di ingat, terlalu bangsat untuk dikenang, terlalu sampah untuk merindu. Aku wes ora peduli ~",0.0,True
negatif,flaws on your face looks beautiful with a nice camera camera phone baling anjing hmmm,Flaws on your face looks beautiful with a nice camera. Dapat camera phone baling anjing.. hmmm,0.0,True
negatif,anjing jilat teman belaiin teman teman dijelekin eh ntahlah,Jangan jadi anjing jilat sana sini . Depan temen belaiin temen . Temen dijelekin malah eh ntahlah,0.0,True
positif,guinness book of world records anjing terkecil yang adalah seekor yorkshire terrier yang beratnya 2ons usia 2tahun,"Guinness Book Of World Records, anjing terkecil yg pernah ada adlh seekor Yorkshire Terrier yg beratnya hanya 2ons pada usia 2tahun",1.0,True
negatif,cewek cantik putih mulus sexy sayang dulunya laki haha kaga lucu anjing,Ada cewek cantik putih mulus sexy sayang dulunya laki haha kaga lucu anjing,0.0,True
negatif,sejenis anjing kamu,Sejenis anjing lah kau,0.0,True
positif,dokter hewan anjing sakit bau telinganya,Dokter hewan memastikan apa anjing itu sakit atau tidak melalui keadaan dan bau di dalam telinganya.,1.0,True
negatif,jangan percaya dengan orang suci macam anjing,"jgn pernah percaya dgn org, depan suci tapi belakang mcm anjing",0.0,True
positif,anjing trah basenji satunya anjing menggonggong menyalak dunia,Anjing trah Basenji adalah satu-satunya anjing yang tidak menggonggong/menyalak di dunia.,1.0,True
negatif,temenan saya elu pdkt kamu jadian pipi mimi putus anjing goblog,Temenan : gue elu | pdkt: aku lu | jadian: pipi mimi | putus: anjing goblog,0.0,True
negatif,bising ah anjing,Bising ah anjing,0.0,True
positif,nurani anjingmu kebanyakan makan anjing babi tingka lakumu tidak bedah bangsat,Nurani anjingmu kebanyakan makan anjing sama babi jadi tingka lakumu ngga bedah jauh bangsat,1.0,True
negatif,anjing kamu biadal bangsat kamu ulama dirimu,Anjing lu biadal bangsat lu kira ulama seperti dirimu,0.0,True
negatif,anjing,Kok anjing?!,0.0,True
positif,anjing laut jalannya pakai perut,Anjing laut jalannya pake perut,1.0,True
negatif,saya tidur berharap menang eh anjing tahunya pas bangun kalah tidak kntl,"Sama, gue juga Tidur.. dan berharap menang.. eh anjing, taunya pas bangun kalah. Apa ga kntl!",0.0,True
positif,dikejar anjing pagi pagi nuhun,Dikejar anjing pagi-pagi. Nuhun.,1.0,True
negatif,sekali2 memang kudu di kasih shock therapy anjing,Sekali2 emang kudu d kasih shock therapy itu anjing,0.0,True
negatif,ya otak goblok apa2 dikaitin agama tetapi munafik anjing,"ya biasa lah otak goblok, apa2 dikaitin sama agama, tp dia sendiri munafik anjing..",0.0,True
negatif,morning semoga baik2 saja deh maju kamu anjing,"Morning kalian.,moga kalian baik2 aja deh Maju Lu Sini Anjing",0.0,True
negatif,woi akun anjing palalu pitak ygvkaya begitu kena pasal modar saja luh nyet cebong,Woi akun anjing palalu pitak sejak kapan ygvkaya gitu kena pasal ? Modar aja luh nyet cebong !,0.0,True
positif,laika seekor anjing astronot angkasa dunia diluncurkan satelit bumi buatan 1957 pemerintah rusia,Laika adalah seekor anjing astronot luar angkasa pertama di dunia. diluncurkan satelit bumi buatan di tahun 1957 oleh pemerintah Rusia.,1.0,True
negatif,hipokrit anjing hahahaha,Hipokrit anjing hahahaha,0.0,True
negatif,kaya anjing beraninya cewek,kaya anjing beraninya cuma sama cewe,0.0,True
negatif,mantap anjing,Mantap anjing,0.0,True
negatif,muka macam anjing,muka mcm anjing,0.0,True
negatif,saja saya jejeritan anjing,BEGINI DOANG GW JEJERITAN ANJING,0.0,True
negatif,anjing bangsat gobloq,anjing bangsat gobloq,0.0,True
negatif,hdh tolong suka keluh friendless dikacangin dan sebagainya memandang rendah sudah jb tidak diwaro sadar kek anjing caper kamu bangsat hih geli,"Hdh itu tolong yang suka ngeluh friendless, dikacangin, dsb yang memandang rendah dirinya padahal udah di jb tapi gak diwaro sadar diri kek anjing caper lo bangsat hih geli.",0.0,True
positif,binatang anjing gajah pintar memahami gerakan tangan manusia,"Dari semua binatang, hanya anjing dan gajah yang pintar memahami gerakan tangan manusia.",1.0,True
negatif,malu malu anjing mah malu malu tetap jilat,"Malu malu anjing itu mah, malu malu tetep jilat sana sini.",0.0,True
positif,anjing menggonggong kafilah,Anjing menggonggong kafilah berlalu,1.0,True
negatif,babi nangis anjing,Babi buat aku nangis anjing,0.0,True
negatif,kepala kamu hahahahaha anjing,Kepala mana kau hahahahaha. Anjing.,0.0,True
negatif,dalam tubuh frank ocean apaansih anjing suaranya bagus sekali nangis 7 malam,DI DALEM TUBUH FRANK OCEAN ADA APAANSIH ANJING SUARANYA BAGUS BANGET NANGIS 7 MALEM,0.0,True
negatif,bangsat polisi anjing ya allah tolonglah yang teraniaya,Bangsat polisi anjing . Ya Allah tolonglah kami yg teraniaya,0.0,True
negatif,anjing kzl,Anjing kzl,0.0,True
positif,anak anak anjing dalmatian terlahir murni putih polos spot spot berwarna hitam muncul berkembang seiring dewasa,"Anak-anak anjing Dalmatian terlahir murni putih polos, spot-spot berwarna hitam muncul dan berkembang seiring dengan mereka dewasa.",1.0,True
negatif,anjing ya gausa dengar omongan orang bgst,Anjing ya gausa denger omongan orang bgst,0.0,True
negatif,gede sekali barangnya anjing,GEDE BANGET BARANGNYA ANJING,0.0,True
negatif,kalau teman anjing gimana,kalo temen yang anjing gimana? boleh?,0.0,True
negatif,kaya tai congor muka lebar kaya anjing,kaya tai congor muka lebar kaya anjing,0.0,True
negatif,salah colok anjing,Salah colok anjing,0.0,True
negatif,teman mirip anjing yaallah,TEMAN KAYAK ANJING YAALLAH,0.0,True
negatif,kardiograf anjing,kardiograf anjing!,0.0,True
negatif,sumpah lupa kemarin ngapain saja anjing,sumpah lupa kemarin ngapain aja anjing,0.0,True
negatif,apanya dibaca anjing kalah kalah saja alasan bacot,"Apanya yang perlu dibaca anjing!! Kalah kalah aja, banyak alasan bacot!!",0.0,True
negatif,kamu mukanya kaya anjing,tapi lu mukanya kaya anjing,0.0,True
negatif,anjing bgst omongan cowok cowok kumpul ehh tidak kebanyakan teman begitu si iya,"Anjing bgst adalah omongan para cowok cowok kalau lagi kumpul, ehh gak dong tapi kebanyakan temen saya gitu, saya si iya juga",0.0,True
negatif,saya tidak melihara tetapi banyak anjing koceng online saja pas ngeliat senang sangat kalau dibolehin melihara benar ya,"gue ga melihara tp punya banya anjing koceng online aja pas ngeliat rasanya seneng bgt, apalagi kalo dibolehin melihara beneran ya:'",0.0,True
negatif,saja supir angkot w bilang kiri tetapi sangat tidak berenti2 terus wey anjing tidak waras sangat sudah,"ADA ADA AJA SUPIR ANGKOT W BLG KIRI, TP LAMA BGT GA BERENTI2 TRS MALAH 'WEY ANJING' GA WARAS BGT DAH",0.0,True
positif,spngetahuan saya sih kalau anjing di dalam di rumah malaikat juga tidak msuk,Spngetahuan gw sih klu ada anjing d dlm drmh malaikat jg gk mau msuk.,1.0,True
negatif,sudah 18x masuk twiter game anjing,udah 18x saya masuk twiter game anjing,0.0,True
negatif,anjing tukang fitnah kamu pendukung yang didukung saja tukang hoax fitnah,"Anjing tukang fitnah lo, memang pendukung sama yg didukung sama aja, tukang hoax dan fitnah!!",0.0,True
negatif,kesal sekali anjing tidak ingat ingat kemarin memikirkan huhhhhhhhhhh gedek sekali,kesel banget anjing ga inget inget kemaren mikirin apa huhhhhhhhhhh gedek banget,0.0,True
negatif,pokoknya anjing yang lebay bodo makan rumor kaya begitu bub saya tidak mau mutual kaya begitu tai,"Pokoknya anjing lah kalian yg pada lebay. Bodo amat yang ke makan rumor kaya gitu, BUB gua sekarang!!! Gamau punya mutual kaya gitu. Tai.",0.0,True
positif,golden retriever anjing jaga rumah saja dengan maling gonggong sebentar buntutnya menari2,Yang pasti golden retriever bukan anjing untuk jaga rumah. Dia sama siapa aja baik termasuk dng maling mungkin. Paling gonggong sebentar terus buntutnya menari2.,1.0,True
negatif,lelaki bangsat lelaki kardus lelaki anjing kaloo ceweee kamu tidak gosahh dipaksaa anjeng genugg nihh,LELAKI BANGSAT LELAKI KARDUS LELAKI ANJING !!! KALOO CEWEEE LU GAK MAU GOSAHH DIPAKSAA ANJENG !!! GENUGG JUGA NIHH !!!,0.0,True
negatif,apasi anjing terserah saya tidak suka unfoll bebas,Apasi anjing terserah gue ga suka unfoll bebas,0.0,True
negatif,kamu saya gendong anjing,sini lu gua gendong anjing,0.0,True
negatif,lari jantung pecah anjing,Sekali lari jantung ke mau pecah anjing,0.0,True
negatif,ngatain orang sok inggris kamu men kalau bilang terima kasih tetap bilang terima kasih bro ah munafik anjing,"Ngatain orang sok inggris lu men, tapi dia sendiri kalo bilang makasih tetep bilang thanks bro, ah munafik anjing",0.0,True
negatif,muka kamu sudah kaya berak anjing tong,Muka lo udah kaya berak anjing Tong!,0.0,True
negatif,cari mutual twitter ig ena cari twitter sumpa ig sudah follbck unfoll anjing memang,Nyari mutual di twitter sama di ig ena nyari di twitter sumpa di ig udah di follbck malah di unfoll anjing emang,0.0,True
negatif,masi pagi si anjing,masi pagi si anjing,0.0,True
negatif,peler anjing bacot kamu anjing duel ama saya kamu anjing,Peler anjing... banyak bacot Lo anjing... Duel ama gw Lo anjing...,0.0,True
positif,kasih saya pencerahan nikmatnya lari pagi dihari minggu melihat cewek bening bawa anjing,"Kasih gua pencerahan, apa nikmatnya lari pagi dihari minggu selain ngeliatin cewek bening bawa anjing?",1.0,True
negatif,kenapasih orang orang rumah kek anjing sangat,Kenapasih org org rumah kek anjing bgt hari ini.,0.0,True
negatif,folow anjing komen saja,Folow anjing jangan komen doang,0.0,True
negatif,kesal bacanya anjing kaya baca puisi,"Kesel bacanya anjing, kaya baca puisi",0.0,True
positif,emosi nih kucing tetangga hobinya mengendap2 masuk balkon rumah nyolong makanan anjing,"emosi nih sama kucing tetangga , hobinya mengendap2 masuk ke balkon rumah terus nyolong makanan anjing saya",1.0,True
negatif,astaga pagi pay kamu aku anjing,Astaga masih pagi pay kau membuat ku ingin berkata anjing,0.0,True
negatif,sumpah saya kesal sudah lihat video mencari pendidikan berkarakter pendidikan barbar anjing,"Sumpah gw kesel amat dah lihat video ini, bukannya mencari pendidikan berkarakter tetapi pendidikan barbar anjing!!!",0.0,True
negatif,anjing ah ketawaaa,ANJING AH KETAWAAA,0.0,True
negatif,anjing tolol kamu goblog,ANJING TOLOL lu GOBLOG,0.0,True
negatif,memang anjing biadab kali polisi anjing,"Emang anjing ini, biadab kali polisi anjing",0.0,True
negatif,tuhan kamu bertengkar terus anjing ngapain sih,demi tuhan lu semua berantem mulu anjing ngapain sih,0.0,True
negatif,nurani bukan manusia tetapi binatang anjing,Mana punya nurani mereka.. Mereka bkn manusia tp binatang!! Anjing..,0.0,True
negatif,hijrah tetapi melihat video polisi jadi kaga kaya anjing,"mau hijrah tp ngeliatin video polisi jd kaga jadi, pada kaya ANJING soalnya",0.0,True
negatif,woy anjing anjing kurapan elu memang bangsat mampus kamu liat saja,Woy anjing anjing kurapan.. elu emang bangsat .... Mampus kau liat aja nanti,0.0,True
positif,pacar anjing beda ya anjing tidak tahu sabar always tunggu majikannya pulang pacar capai tunggu orang yang disayang,"pacar sama anjing beda ya, anjing gak tau sabar makanya always nungguin majikannya pulang tapi pacar capek nungguin terus orang yg disayang",1.0,True
negatif,mirip nonton bokep munafik kamu anjing,kalian kayak tidak pernah nonton bokep semua saja munafik lo anjing.,0.0,True
negatif,beda 1000 anjing,Cuma beda 1000 anjing,0.0,True
negatif,pukimak india babi ni,pukimak punya india babi ni,0.0,True
negatif,apasi anjing,Apasi anjing,0.0,True
negatif,saja anjing yang saya tertawa pagi pagi gini asu wkwkwk,"Ada aja anjing yg buat gue ketawa pagi pagi gini,asu lah wkwkwk",0.0,True
positif,pagi awali dikejar anjing,"pagi ini di awali dengan, dikejar anjing...",1.0,True
negatif,anjing pantas barang yang dikirim saya rusak,Anjing pantesan barang yg dikirim ke gua rusak!!,0.0,True
negatif,pagi pagi sudah emosi anjing,PAGI PAGI DAH EMOSI ANJING,0.0,True
negatif,tolol anjing,TOLOL ANJING,0.0,True
negatif,hahaha orang dirumah ninggal aing sakit pergi liburan jogja hahaha anjing,"hahaha dan akhirnya semua orang dirumah ninggal aing yang lagi sakit, dan pergi liburan ke jogja sendiri hahaha , anjing",0.0,True
negatif,sampah si anjing,Sampah si anjing,0.0,True
negatif,kara mengumpat anjing tai babi,Kara ingin mengumpat Anjing tai babi,0.0,True
negatif,dingin bat anjing bodo tidak mandi saja saya,"Dingin bat anjing, bodo amat lah ga mandi aja gua",0.0,True
negatif,anjing pagi emosi saya bacanya balas nder kontol kamu najis anjing amit amit,"anjing masih pagi, emosi gw bacanya bales nder: kontol lu najis anjing amit amit",0.0,True
negatif,malu anjing pakai ojek tuh bayarnya pakai gopay,Malu anjing. Biasanya pake ojek tuh bayarnya pakai gopay.,0.0,True
positif,nitip anjing fotonya temu reddit,"Nitip anjing, fotonya nemu di reddit",1.0,True
negatif,ganggu sangat anjing pengen saya penggal,ganggu bgt anjing pengen gue penggal,0.0,True
negatif,anjing yang bawa mobilnya buta matanya,"Anjing betul yg bawa mobilnya, buta matanya",0.0,True
negatif,capai ah bangsat bikin males pagi2 saja anjing kamu,capek ah bangsat bikin males pagi2 aja anjing lo,0.0,True
negatif,anjing tidak main twitter kak,Anjing gak main twitter kak,0.0,True
negatif,bloon anjing,Bloon anjing,0.0,True
negatif,anjing kamu hina mama kamu,Anjing kau. Yang hina itu mama kau.,0.0,True
negatif,anjing kamu hahahahah,ANJING LO HAHAHAHAH,0.0,True
negatif,anjing terbahak-bahak,anjing ngakak,0.0,True
negatif,yeee anjing sudah livestream 1 jam cancel karena cuaca,"Yeee anjing,udah livestream 1 jam lebih malah di cancel karna cuaca",0.0,True
positif,takut anjing cynophobia,Takut Anjing = Cynophobia,1.0,True
negatif,bisalah om meteka menggonggong bicaranya gaya anjing peking,"Bisalah om, kan meteka menggonggong bicaranya, gaya anjing peking",0.0,True
negatif,dih anjing sangat setannya ruqyah,dih anjing bgt setannya minta di ruqyah,0.0,True
negatif,sombong nih orang anjing,Sombong amat nih org anjing,0.0,True
negatif,anjing sumpahw tadu yang reply mba tara ganti dp om2 buru,Anjing sumpahw kira td yg reply mba tara. Ganti dp om2 lagi buru,0.0,True
negatif,culun bet w anjing,"culun bet w, anjing",0.0,True
negatif,keripik kaca maksud saya anjing suuzon terus kamu saya,keripik kaca maksud gua anjing suuzon mulu lu sama gua,0.0,True
positif,benar sekali mba suka gangguin anjing tetangga dikejernya,"Bener banget mba, dulu aku suka gangguin anjing tetangga terus aku dikejernya",1.0,True
negatif,kalau tidak anjing sama bgst itu ky saja ketik grup,kalo g ada anjing sm bgst tu ky kurang aja ngetik di ini grup,0.0,True
negatif,lgbt lgbt tai anjing kaga ngedukung dibilang tidak berperikemanusiaan tai,"LGBT LGBT tai anjing, kaga ngedukung dibilang ga berperikemanusiaan. Tai lah",0.0,True
negatif,loh mulainya jam stengah 7 kek sih anjing sekolahku,"loh, mulainya jam stengah 7? kek apa sih anjing sekolahku ini",0.0,True
negatif,wkwkwkwk memang ngapain anjing orang tidak ngapa2in,WKWKWKWK EMG NGAPAIN ANJING????ORG GA NGAPA2IN,0.0,True
negatif,anjing kek tidak ada akhlak sangat,makanya anjing kek gada akhlak bgt,0.0,True
positif,dunia nyata tokoh liciknya anjing kucing,Di dunia nyata juga ada tapi tokoh liciknya yang anjing bukan kucing.,1.0,True
negatif,anjing ngespill tetapi males,anjing rasanya mau ngespill tp males,0.0,True
negatif,anjing diam saja abangnya tolol sudah mending kalau ginian tidak usah nonton biar berhenti abangnya juga cari nafkah dengan saja,Anjing kenapa diem aja abangnya tolol. Udah mending kl ada ginian gausah nonton. Biar berenti abangnya jg cari nafkah dgn cara lain aja.,0.0,True
negatif,dasar anak anjing,Dasar anak anjing,0.0,True
negatif,mati saja kamu anjing,Mati aja lo anjing,0.0,True
negatif,kalau cewek cantik tidak bicara kasar berhubung tidak cantik trobos saja anjing,"Katanya kalo cewe cantik gak boleh ngomong kasar,berhubung aku gak cantik trobos ajalah anjing",0.0,True
negatif,yang goodlooking tetapi sok2 an insecure biar si anjing,itu yg goodlooking tpi sok2 an insecure biar apa si anjing?,0.0,True
negatif,pagi sudah mirip anjing saja hidup,masih pagi tapi udah kayak anjing aja ini hidup,0.0,True
negatif,weh anjing saya diam saja disalahin,weh anjing gue diem doang disalahin,0.0,True
negatif,tidak ada otak anjing,Gaada otak anjing,0.0,True
negatif,anjing asli goblok sudah saya kasih tahu panggil pakai real name saya saja tolol tidak bisa sangat mencoba belajar hargain orang,Anjing asli goblok udh sering gua kasih tau buat jangan manggil pake real name gua masih aja. Tolol. Gabisa bgt mencoba belajar hargain orang,0.0,True
negatif,guys sctv teh nct benar indo gimana saya kesal sekali anjing nct perform lagu ngapain diselipin reaction artis indo ah tidak jelas sangat,guys itu sctv teh nct beneran ke indo apa gimana? gua kesel banget anjing nct perform cuma satu lagu ngapain diselipin reaction artis indo ah gajelas bgt,0.0,True
negatif,janji anjing babi bangsat,janji anjing babi bangsat,0.0,True
negatif,kecewa sctv scene tidak ngotaknya anjing dipikir dih,aku kecewa sama sctv banyak scene ga ngotaknya anjing dipikir apaan dih,0.0,True
negatif,sumpah ya tuh sudah ganteng pakai item2 kameranya tidak gaya eh si anjing nyorot audience,"sumpah ya ini tuh mereka udah ganteng pake item2, kameranya juga ga banyak gaya, EH SI ANJING MALAH NYOROT AUDIENCE",0.0,True
negatif,oh elu anjing pantas so nice hap nya kenalin sama saya,"Oh elu anjing, pantesan. Mana sini so nice sekali hap nya, kenalin sm gua",0.0,True
negatif,anjing sekali ya pagi2 saya care teman sangka jelek kalau tidak kuat minum tidak usah minum sudah mabok mah berabe njing,Anjing banget ya pagi2 gw care sama temen malah di sangka jelek. Makanya kalo ga kuat minum gausah minum udh mabok mah berabe njing!!!,0.0,True
negatif,bodo anjing,Bodo amatlah anjing,0.0,True
negatif,kondisi di mana khawatirin si senang senang babi namanya,"Misalnya ada suatu kondisi dimana kita lagi khawatirin si dia, tapi dia malah seneng-seneng sama yang lain. Itu babi namanya.",0.0,True
negatif,itu ah babi kamu din,"tu ah, babi betul. kau pukul din",0.0,True
negatif,ups muka babi ngepet ditayangin lagi,ups... muke babi ngepet ditayangin lg,0.0,True
negatif,pagi pagi sudah babi,pagi pagi dah jadi babi,0.0,True
negatif,babi ngepet,BABI NGEPET !!!,0.0,True
negatif,babi la cok samaaaa,Babi la cok tak samaaaa,0.0,True
negatif,dasar babi,DASAR BABI,0.0,True
negatif,caper tolol babi tunggu kamu semester,caper tolol babi saya tunggu lu di semester tinggi,0.0,True
negatif,bangga tinggal nyebutin aneh nih otak babi,Padahal harusnya bangga tinggal nyebutin... aneh nih otak babi,0.0,True
negatif,kukira kamu rumah kandang babi,kukira kau rumah ternyata kandang babi,0.0,True
negatif,apasih ngentot kontol asu babi memek ginian saja kamu share base anjay,"apasih ngentot kontol asu babi memek, ginian aja lu share di base. anjay.",0.0,True
negatif,umur segini si babi,Kenapa harus umur segini si babi,0.0,True
positif,cinta monyet cie wkwk,Cinta monyet cie wkwk,1.0,True
negatif,heh kontol jan sok pemes kamu rp muka kek memek orang tua kamu kek monyet agama kamu saja agama kontol,"heh kontol, jan sok pemes lu di rp, muka kek memek, org tua lu kek monyet, agama lu aje agama kontol",0.0,True
positif,orang monyet revolusi manusia monyet manusia berjalan tegak,Orang melihat monyet adalah revolusi dari manusia karena monyet dan manusia dapat berjalan tegak.,1.0,True
negatif,kamu maenin cewek saya kasih monyet cewek biar puas,Lo mau maenin cewe? gue kasih monyet cewe sini biar puas,0.0,True
positif,harapan kamu sih tahun monyet api share harapan kamu bareng bear brand,Harapan km apa sih di thn Monyet Api ini? Share dong harapan km di bareng BEAR BRAND,1.0,True
positif,sifat monyet yang gesit pintar monyet api penuh keceriaan optimisme semangat bareng bear brand,"Seperti sifat monyet yg gesit dan pintar,tahun monyet api bakal penuh keceriaan, optimisme dan semangat bareng BEAR BRAND",1.0,True
negatif,alay kamu monyet,Alay lo monyet.,0.0,True
positif,shio baekhyun monyet,Shio baekhyun itu Monyet,1.0,True
positif,topeng monyet tontonan sudah jarang sekali peminatnya,Topeng monyet ... Tontonan yang udah jarang banget . tapi peminatnya masih banyak,1.0,True
positif,saya gatau kamu habis ketiban anak monyet terhura nih saya thankyou so much looooo njir,"gue gatau lo abis ketiban anak monyet jadi begini, terhura nih gue. thankyou so much buat looooo njir",1.0,True
positif,disaat serius nya main main disaat main main nya serius dasar cinta monyet,"Disaat kita serius dia nya main-main,disaat kita main-main dia nya serius. Dasar cinta monyet",1.0,True
negatif,monyet congrats woi,MONYET CONGRATS WOI,0.0,True
negatif,pacar monyet ko hobinya nge gantungin kamu terus sudah putusin saja makan hati,Itu pacar apa monyet. Ko hobinya nge gantungin lu mulu. Udah putusin aja daripada makan hati,0.0,True
positif,doktrin darwin iman buktikan monyet yang sekarang berbicara,"doktrin darwin sebagai iman anda, seharusnya anda bisa buktikan bahwa monyet yg ada skrg sudah bisa berbicara",1.0,True
positif,bot temennya dora monyet ya,Bot itu bukannya temennya dora yang monyet ya?,1.0,True
positif,tinggal indonesia barrack obama memelihara monyet bernama tata,"Saat tinggal di Indonesia, Barrack Obama pernah memelihara monyet bernama Tata.",1.0,True
positif,_waktu sekolah mah actual cinta monyet haha yakan tidak kasihan hati nutrijell saya yah saya alay,_waktu sekolah mah actual cinta monyet haha. yakan ga kasian apa mereka sama hati nutrijell gue yah gue alay,1.0,True
positif,terlibat cinta monyet abg pacaran pohon mencari kutu kepala,"Terlibat Cinta Monyet, Dua ABG Ini Pacaran di Atas Pohon Sambil Mencari Kutu di Kepala",1.0,True
positif,suka suka sih mama bilang cinta monyet,"Aku suka dia, sama dia juga suka. Tapi kenapa sih mama bilang kalau ini cinta monyet",1.0,True
negatif,si monyet bangsat saya coba memang situ saja yang keganjenan sok polos babiiii,"Si monyet bangsat, gue kurang apa coba. Emng situ aja yg keganjenan sok polos babiiii",0.0,True
negatif,habis beli monyet mukanya mantan kamu,"aku habis beli monyet, mukanya mirip mantan lu",0.0,True
positif,cinta monyet anak anak lucu konyol perasaan cintanya tulus pakai modus,"Cinta monyet waktu masih anak-anak itu lucu dan konyol, tapi perasaan cintanya tulus dan tidak pake modus.",1.0,True
positif,boneka monyet yang selalu menemani hari2ku,Boneka Monyet Kecil ini yg slalu menemani hari2ku,1.0,True
positif,sains yang hebat membantu anak2 bahwa usul manusia bukan dari keturunan monyet tetapi keagungan ciptaan tuhan,"Di tengah sains yg hebat, membantu mengingatkan anak2 kita, bhw asal usul manusia bkn dr keturunan monyet tp keagungan ciptaan TUHAN",1.0,True
negatif,monyet bicara monyet ah kamu,monyet ngomong monyet ah lu,0.0,True
negatif,diam monyet,diam monyet,0.0,True
negatif,jadi nih orang keturunan monyet liat saja mukanya,"jd nih orang, keturunan monyet.. Liat aja mukanya",0.0,True
positif,kecuali manusia monyet mamalia buta warna,"Kecuali manusia dan monyet, semua mamalia buta warna",1.0,True
positif,cinta monyet suka2 nilai2 fisik yang disukai cinta hewan sesamanya cinta sejati cinta pada anaknya penuh kasih,"Cinta monyet rasa suka2 pada nilai2 fisik yg disukai, seperti cinta hewan pada sesamanya. Cinta sejati itu cinta ibu pd anaknya penuh kasih.",1.0,True
negatif,ngarepin banjir tidak aktivitas egois sekali kaya monyet,"Ngarepin banjir supaya ngga ada aktifitas. egois banget, kaya monyet",0.0,True
negatif,monyet kamu,monyet lu,0.0,True
negatif,monyet memang terus nyerang nu banser ulama nu ajar memang,"monyet itu emang trus nyerang NU Banser dan Ulama NU ,semakin kurang ajar emang",0.0,True
negatif,kamu monyet,KAN ELO MONYET,0.0,True
negatif,ni monyet pakai dp kerja nya gibulin orang2,Ni monyet pake dp Tapi kerja nya gibulin Orang2,0.0,True
positif,monyet terbang angkasa albert ii terbang 83 mil ruang angkasa 14 juni 1949,Monyet pertama yang terbang ke luar angkasa adalah Albert II. Ia terbang 83 mil di ruang angkasa pada 14 Juni 1949.,1.0,True
negatif,nunggu lebaran kamu lebaran monyet,"Nanti nunggu dulu lebaran lu, lebaran monyet",0.0,True
negatif,tidak ngerti kenapa sih sekarang jadi musuhan gini padahal sering main sama2 karena beda manusia kamu monyet tetapi salahkah kita berteman,"Aku gak ngerti knp sih skrg kita jd musuhan gini?? pdhl dulu kita srg main sama2. Apa krn kita beda? memang aku manusia dan lu MONYET, tp salahkah kt berteman??",0.0,True
negatif,pesanan coba belagak monyet,Pesanan apa? Coba jangan belagak monyet...,0.0,True
positif,ilmuwan as mempelajari otak seekor monyet mengontrol tubuh monyet,"Pada saat ini, para ilmuwan di AS tengah mempelajari bagaimana otak seekor monyet dapat mengontrol tubuh monyet lainnya.",1.0,True
negatif,monyet nakal macem kamu,Disini Banyak monyet nakal. Macem lu,0.0,True
negatif,mimpi tercyduk gara gara si monyet,Mimpi tercyduk gara gara si monyet,0.0,True
negatif,eh nyet kalau kamu survey nya kandang monyet monyet yang menang,"Eh nyet... Kalo lu survey nya di kandang monyet, pasti monyet juga yg menang....",0.0,True
positif,monyet panda lucu,Monyet sama panda lucu mana?,1.0,True
negatif,monyet ya begitu om nya yang culas orang yang dicela bodoh namanya begitu,"Monyet ya gitu om, dia nya yg culas, orang lain yg dicela bodoh, apa namanya gitu?",0.0,True
negatif,yang monyet ky yang tanya,Yg jelas bukan buat monyet ky yg nanya,0.0,True
negatif,nyettt monyet goblog,nyettt monyet goblog,0.0,True
negatif,titid monyet kamu,Titid monyet lu,0.0,True
negatif,pendapat otak mu monyet babi anjing kamu,Itu pendapat otak mu..monyet. babi. Anjing..kau..,0.0,True
negatif,terbahak-bahak saya serius lucu sekali monyet,Ngakak gw serius lucu banget monyet!!!,0.0,True
negatif,anjing tai babi monyet manusia goblok kesal guaaa weh pengen saya banting,Anjing tai babi monyet lah ini manusia goblok kesel guaaa Weh pengen gua banting rasanya,0.0,True
negatif,si monyet dimenangkan kecurangan,Karena si monyet sudah dimenangkan dengan kecurangan..,0.0,True
negatif,ngapain sih monyet,Ngapain sih monyet,0.0,True
negatif,rusuh monyet wkwkwk,Rusuh monyet! Wkwkwk,0.0,True
negatif,benci player sun kelakuan kaya monyet,Paling benci sama player sun kelakuan kaya monyet,0.0,True
positif,duit kantong pas cinta monyet,Mungkin itu duit yang selalu ada di kantong pas masih cinta monyet.,1.0,True
negatif,tidak jelas kalau jadi monyet,Jangan gajelas kalo jd monyet,0.0,True
negatif,tidak dikatain monyet kelakuan monyet,Gak mau dikatain monyet tapi kelakuan mirip monyet,0.0,True
negatif,pengen artis sinetron tidak laku dandannya sudah heboh sekali mirip monyet didandani ribet,"Pengen jadi artis sinetron kagak laku, padahal dandannya udah heboh banget kayak monyet didandani ribet",0.0,True
positif,yaallah bagus btw salpok seprei monyet samaan kitaaaa,"yaAllah bagus. btw aku salpok ke seprei monyet, samaan kitaaaa",1.0,True
negatif,monyet ya proses mah bgst,monyet ya proses lah dia mah bgst,0.0,True
negatif,saya mandang fisik karena oke tahunya buriq ajg deh kamu monyet,"Gw kira dia Mandang fisik karna dia lebih oke lah taunya Buriq ajg, jauh jauh deh lu monyet.",0.0,True
negatif,saja makhluk tolol mirip kamu heran pekara hoax nya tidak kamu nyadar tidak sih bodoh gambarnya seram,"Masih ada aja makhluk tolol kayak lo, heran. Bukan pekara hoax nya atau engga. Lo nyadar ga sih bego itu gambarnya serem?",0.0,True
negatif,wooy monyet kamu tidak tahu kasih pisang sambal,"Wooy monyet lu gk tau diri, di kasih pisang minta sambel",0.0,True
positif,aku ikuti heart series monyet cantik saja yang ggs cjr nontonnya kadang saja,"Ak ngikutin heart series sama monyet cantik doang, yg ggs sama cjr nontonnya kadang' doang",1.0,True
negatif,sudah makan tai belum kamu nyet monyet,"Udah makan tai blum lu nyet, monyet",0.0,True
negatif,haha otak bodoh otak bodoh tukang makan tai anak monyet tukang sodomi hahaha,"Haha otak bodoh, otak bodoh, tukang makan tai, anak monyet, tukang sodomi, hahaha",0.0,True
negatif,kamu monyet mnusia,Lu kan monyet bukan mnusia,0.0,True
negatif,elu nyet kamu monyet,"itu elu nyet,lu monyet.",0.0,True
positif,shio mu babi monyet,Shio mu apa? Babi? Atau monyet?,1.0,True
positif,beli monyet seperti george di mana ya asyik kali ya monyet,Beli monyet kyk George dimana ya. Asik kali ya punya monyet.,1.0,True
negatif,goblog pas sd sih polos sekali pas dibego begoin cinta monyet anj,Banyak goblog pas waktu sd sih. Polos banget pas dibego-begoin. Demi cinta monyet anj,0.0,True
negatif,sapa monyet,TERUS SAPA MONYET,0.0,True
negatif,monyet mondar mandir kerja dasar presiden sialan,Monyet mondar mandir juga kerja... Dasar presiden sialan...,0.0,True
negatif,pantat monyet kadrun,Pantat monyet kadrun,0.0,True
negatif,diam nyet have a nice day nyet dasar monyet,"diam nyet, have a nice day nyet, dasar monyet",0.0,True
negatif,gosa ngegas nyet have a nice day nyet dasar monyet,"gosa ngegas nyet, have a nice day nyet, dasar monyet",0.0,True
negatif,tidak monyet,Gak begitu dong monyet,0.0,True
positif,doger monyet es doger,Doger monyet itu apaan es doger ?,1.0,True
negatif,kemasukan omongan kamu alias omongan monyet ya,kemasukan omongan lu alias omongan monyet ya?,0.0,True
positif,halus penginnya ludahi muka gus munafik bilang binatang kamu anjing babi monyet dan lain lain sudah terwakili didalamnya,"masih halus.. Penginnya ludahi muka Gus Munafik sambil bilang 'Binatang Kau..!' (Anjing, Babi, Monyet, dll sdh terwakili didalamnya)",1.0,True
negatif,bacot kamu monyet barbar,"Bacot lu,monyet barbar.",0.0,True
negatif,susah kalau bicara ama jembut monyet mulut kaya bol yang tai tidak ingat ama janji kamu yang kemarin dasar munafik kamu peler kuda ucapan tidak dipegang,susah klo ngomong ama JEMBUT MONYET...... mulut kaya BOL yg keluar cuma tai.... GK INGET AMA JANJI LO YG KEMAREN..... dasar munafik lo PELER KUDA.... UCAPAN KOK GK BISA DIPEGANG,0.0,True
negatif,bahasa inggrisnya anjing ya kunyuk kamu,Bahasa inggrisnya anjing ya kunyuk apa lo!,0.0,True
negatif,anjing ni akun kamu ngapain si nge share dasar otak miskin,Memang anjing ni akun ...lu ngapain si nge-share begini… dasar otak miskin,0.0,True
negatif,hyukjae bgst otak saya traveling ke mana ye kunyuk dikasih emot begituan,"Hyukjae bgst, otak gue traveling kemana-mana ye kunyuk segala dikasih emot begituan juga.",0.0,True
negatif,bajingan u pagi2 teriak pengen saya tabokin itu mulut2 tidak sanggup hidup dengan manusia2 aneh seperti,Bajingan u semua! Pagi2 teriak. Pengen gw tabokin tu mulut2 kalian. Semakin tdk sanggup hidup dngn manusia2 aneh spt kalian!!,0.0,True
negatif,mampus kamu perek duri2x dunia bajingan eneg habis,"mampus loe perek itulah duri2x dunia  ,bajingan mana pun pasti akan eneg abis",0.0,True
negatif,kamu dasar bajingan tidak dipercaya omongannya,lu DASAR BAJINGAN...GAK BISA DIPERCAYA OMONGANNYA...,0.0,True
negatif,grup kamu so asyik najis isinya cabe hahaha bajingan,grup lu so asik najis. Mana isinya cabe semua hahaha bajingan..,0.0,True
negatif,cowok jaman tuh bajingan,Cowok jaman sekarang tuh BAJINGAN !!,0.0,True
negatif,bajingan,wah BAJINGAN,0.0,True
negatif,btp tidak kelebihan kecuali pemimpin yang suka kotor tai bajingan keparat anjink dan lain lain memalukan,"btp gak punya kelebihan, kecuali pemimpin yg suka berkata kotor Tai,, bajingan,keparat..., anjink,,, dll Memalukan",0.0,True
negatif,intinya kamu kaya bajingan,Intinya lo itu kaya bajingan!!!,0.0,True
negatif,bajingan subuh dapat chat orang lagi ngedumel gara tanda nya tidak ketik,Bajingan subuh' dapet chat orang lgi ngedumel gara' tanda tanya nya gak bisa di ketik,0.0,True
negatif,sudah tahu bangsat sudah tahu brengsek sudah tahu bajingan tetap saja,"Udah tau bangsat, udh tau brengsek, udh tau bajingan. Tapi tetep aja",0.0,True
negatif,bajingan berasa bajingan,BAJINGAN MEMANG !!! SEMUA BERASA BAJINGAN !!!,0.0,True
negatif,saya tidak balikkan saya laku orang yang kamu kamu melebihi bajingan,Gue ga akan pernah mau balikan! Gue masih laku! Dan masih banyak orang yg lebih baik dari lo! Lo itu melebihi bajingan!,0.0,True
negatif,banggakan polisi bajingan bajingan,Apa yang harus di banggakan dari polisi ??? Mereka sama seperti kami bajingan bahkan mereka lebih bajingan,0.0,True
negatif,hah ngechat hanya bilang bajingan sekali hidup kamu,Hah ngechat cuman bilang seperti itu? bajingan banget hidup loe,0.0,True
negatif,kamu anak kok ajarin pakai baju kaya pelacur gimana si elu bajingan sekali kamu endut,"lu punya anak koq ajarin pake baju kaya pelacur,? Gimana si elu! Bajingan banget lu endut!",0.0,True
negatif,kamu idiot tetapi kamu bajingan anjing taik babi nenek kamu kakek kamu ayah kamu nyokap kamu anjing,lu bukan cuma idiot tp lu ini pun bajingan anjing taik babi nenek lu kakek lu bokap lu nyokap lu anjing semua,0.0,True
negatif,yang loh bajingan nya sial,YG ATAS ITU LOH BAJINGAN SEMUA TIGA TIGA NYA SIAL,0.0,True
negatif,dasar bajingan,Dasar Bajingan!,0.0,True
negatif,muka nipu yaa muka polos bajingan hhhh,"Muka nipu yaa, muka polos ternyata bajingan hhhh",0.0,True
negatif,cocok ko bajingan,Kalian cocok ko :) sama sama bajingan !!,0.0,True
negatif,anjing bajingan bangsat seri we goblog tai,Anjing bajingan bangsat seri we goblog tai,0.0,True
negatif,kiper bajingan,Kiper bajingan!,0.0,True
negatif,berkuasa orang2 keparat bajingan hancuuurrrr,"YANG BERKUASA ORANG2 KEPARAT BAJINGAN SEMUA....,HANCUUURRRR",0.0,True
negatif,bajingan sampeyan,BAJINGAN SAMPEYAN,0.0,True
negatif,bajingan wasitnya ckckckck,Mulai bajingan wasitnya ckckckck,0.0,True
negatif,fpi isinya orang bajingan tetapi pengecut,Fpi isinya org bajingan tp pengecut semua....,0.0,True
negatif,lonte bajingan,LONTE BAJINGAN !!!,0.0,True
negatif,dasar bajingan hilang kepercayaan berkat kamu sial,Dasar bajingan. Hilang kepercayaan aku berkat kau sial,0.0,True
negatif,dsar wanita pelacur pembhong ingkar janji pendusta bajingan,Dsar wanita pelacur pembhong ingkar janji pendusta besar bajingan,0.0,True
negatif,bandit tua bajingan tengik cahaya kian meredup kuasa menahan beban hidupnya,"Dia hanya bandit tua, bajingan tengik, dia hanya cahaya yang kian meredup, dan tak kuasa menahan beban hidupnya sendiri.",0.0,True
negatif,amin bajingan bajigur dasar biji,Amin bajingan bajigur. Dasar biji,0.0,True
negatif,dasar bajingan gub wagub dki sekarang,Dasar bajingan... gub wagub dki skr,0.0,True
negatif,maaf habis bikin ulah hina ulama mas bodoh bajingan bangsat kamu,"Minta maaf habis itu bikin ulah lagi hina ulama mas bego bajingan, bangsat kau",0.0,True
negatif,bajingan munafik memang harus kapok persekusi cikupa tidak terbukti mesum ditelanjangin,"Bajingan munafik begini emg hrs dibuat kapok. Ingat kasus persekusi Cikupa, gak terbukti mesum tetap ditelanjangin!",0.0,True
negatif,habis kesambet kamu sok bijak dasar tai nama kamu bagus tetapi sifat kamu bajingan,"Habis kesambet lu sok bijak. Dasar tai,nama lu bagus tp sifat lu bajingan",0.0,True
negatif,bajingan goblog,Bajingan Goblog!,0.0,True
negatif,bedain bajingan yang nangkap bajingan tidak goblok kamu cok,Bisa bedain bajingan sama yg nangkap bajingan gak ?? Goblok amat lu cok,0.0,True
negatif,bajingan bolt koneksi kencang mesti restart jam,bajingan bolt hari ini.. koneksi kenceng tapi mesti restart tiap setengah jam....,0.0,True
negatif,luhut si muka bajingan sekarang perusahaany banyak duit dari mana,Luhut si muka bajingan skrng perusahaany bnyk duit dr mn dia,0.0,True
negatif,luhut muka bajingan tengik perusahaanya banyak sekarang duitny dari mana yaaaa,Wah luhut ini muka bajingan tengik perusahaanya bnyk skrng duitny dr mn yaaaa,0.0,True
negatif,ahhhh bajingan kontol asu sing asu ki koe sak bojomu sing bosok ki koe sak bojomu,"Ahhhh bajingan, kontol, asu, sing asu ki koe! Sak bojomu! Sing bosok ki koe sak bojomu.",0.0,True
negatif,tim kontoollll anjeeeeng bajingan memek bangsaaat,TIM KONTOOLLLL ANJEEEENG BAJINGAN MEMEK BANGSAAAT,0.0,True
negatif,nyinyir dasar bajingan,Cuma bisa nyinyir...dasar bajingan,0.0,True
negatif,hahahahahahahahahaha bajingan kamu,HAHAHAHAHAHAHAHAHAHA BAJINGAN LO,0.0,True
negatif,dasar bajingan lemah,Dasar bajingan lemah,0.0,True
negatif,kalau bajingan mesum pengecut,Kalo itu bajingan mesum pengecut,0.0,True
negatif,bacot busuk eh tolol tidak yang memggunakan bus cok mobilisasi pakai bak terbuka motor,"Bacot busuk eh tolol gak ada yg memggunakan bus cok, mobilisasi pakai bak terbuka dan motor",0.0,True
negatif,kejahatan biadab mengeroyok membunuh orang berkurang bajingan biadab,"Tidak membuat kejahatan biadab, mengeroyok dan membunuh orang menjadi berkurang. Tetap bajingan biadab!",0.0,True
negatif,mamakmu pelacur bajingan kamu buktikan kamu anak pelacur bajingan,Mamakmu pelacur bajingan. Jadi kau harus buktikan kalau kau bukan anak pelacur bajingan. Bagaimana?,0.0,True
negatif,memang dasar bajingan tahu malu loo,Emang dasar bajingan enggak tau malu loo,0.0,True
negatif,fuck ustad bajingan sialan,fuck..benar!! ustad bajingan!! sialan!!,0.0,True
negatif,halah kontol jembut asu bajingan,Halah kontol jembut asu bajingan,0.0,True
negatif,berhenti anak biadab geser anak bajingan,Berhenti jadi anak biadab agar bisa geser ke anak bajingan,0.0,True
negatif,tidak mukul kali dasar manusia jenis kamu mbak seandainya keluarga saudara nya gituin goblok kamu bajingan kamu menghargai orang,"Gak usah mukul juga kali, dasar manusia jenis apa kau mbak, seandainya keluarga atau saudara nya di gituin apa mau goblok kau Bajingan kau tidak bisa menghargai orang lain",0.0,True
negatif,bajingan memang,Bajingan emang,0.0,True
negatif,ya memang kalau tidak brengsek ya bajingan tidak ada bedanya berseragam swasta saja anjeeeng,Ya emang kalo ga brengsek ya bajingan gaada bedanya semua mau yang berseragam mau yang swasta sama aja anjeeeng,0.0,True
negatif,bajingan wkwkwk,depan belakang sama-sama bajingan wkwkwk,0.0,True
negatif,benar-benar bajingan bangsattt setan anjing babiiiiii keboo iblisssss duuhhhh pengen gueh kunyaaah anak² setan ituuuu,"Bener2 bajingan, bangsattt, setan, anjing, babiiiiii, keboo iblisssss duuhhhh pengen gueh kunyaaah anak² setan ituuuu",0.0,True
negatif,anggap anjing iya anjing asu asu ndhasmu bajingan,"Anggap saja mereka anjing, iya anjing itu asu, asu itu ndhasmu. Bajingan kok",0.0,True
negatif,si bangsat lagi mancing memang bajingan itu orang,"Si bangsat lg mancing, emang bajingan tu orang.",0.0,True
negatif,pengendara bangsat bajingan,"Pengendara bangsat, bajingan !",0.0,True
negatif,bajingan ajg haha,bajingan ajg haha,0.0,True
negatif,anak bajingan ajar kamu mending tidak punya anak,Anak bajingan! kurang ajar lu! mending saya gapunya anak sama sekalian.,0.0,True
negatif,_ asu bajingan celeng,_ Asu bajingan celeng,0.0,True
negatif,bajingan asu pantek benci sekali cowok,Bajingan asu pantek benci banget sama cowok!!!!,0.0,True
negatif,anak bajingan,Anak bajingan ini,0.0,True
negatif,memang nya asu malu,Emang nya dua ASU itu punya malu...???,0.0,False
negatif,asu terbahak-bahak,Asu ngakak,0.0,False
negatif,kontol asu,Kontol asu,0.0,True
negatif,takut dibegal asu,Takut dibegal asu,0.0,False
negatif,anak asu,Anak asu,0.0,False
negatif,bgst orang yang ngutang saya terbawa sampai mimpi tidak bayar asu,"Bgst orang yg ngutang sama gua kebawa sampe mimpi,mana gk bayar juga lagi asu",0.0,False
negatif,dih sokan sangat jadi cowok pala kamu tidak sama cewek bukan tidak kamu saja yang maruk asu,"dih sokan bgt jd cowok. pala lo ga cukup sm satu cewek, itu bkn ga cukup, lo aja yg maruk asu.",0.0,False
negatif,bjir ya orang kek begitu tolol asu maju,"bjir ada ya orang kek gitu, tolol asu sini maju",0.0,True
negatif,bangsat kamu,bangsat lu,0.0,True
negatif,sudah dikasih hati baikin nusuk bangsat memang ya,Udah dikasih hati di baik-baikin malah nusuk dari belakang. Bangsat emang ya !!!,0.0,True
negatif,menyalak lagi woi bangsat,Menyalak apa lg woi bangsat,0.0,True
negatif,kamu ko teman depan saya kelihatan saya kamu lugu2 bangsat sih,Lu ko jadi tmn di dpn gua keliatan baik ? Tapi kenapa di belakang gua lu lugu2 bangsat sih,0.0,True
negatif,bajingan bangsat kamu sombong sekali,"Bajingan...bangsat... lo bukan siapa-siapa, kok sombong banget!!!!",0.0,True
negatif,teman makan teman teman aku panggil bangsat,Ketika teman makan teman maka teman itu ku panggil BANGSAT,0.0,True
negatif,kamu munafik yah baikin jelek jelekin bangsat,Lo itu munafik yah di depan baik-baikin tapi di belakang jelek-jelekin. Bangsat kan !,0.0,True
negatif,teman makan teman hhhaaa bangsat kamu,"Teman makan teman, hhhaaa.. BANGSAT loe",0.0,True
negatif,korupsi bangsat,"Korupsi , Selalu Saja !! Bangsat",0.0,True
negatif,kamar saya kebocoran jadi banjir bangsat,kamar gua kebocoran jdi banjir bangsat,0.0,True
negatif,pacar yang tidak seperti sekarang brutal seperti bangsat,"Dulu punya pacar yg baik, nggk kyak skrng brutal sprti bangsat!!",0.0,True
negatif,tai mirip member kamu bangsat,tai kayak member lu bangsat,0.0,True
negatif,eh bangsat ribut yuk saya,eh bangsat ribut yuk sini sama gua !!,0.0,True
negatif,anjing bangsat memang,Anjing! Bangsat emg!,0.0,True
negatif,mood hancur bangsat masi pagi iniiii,Mood ancur bangsat masi pagi iniiii,0.0,True
negatif,benci plk tengok bangsat ni fvck,Benci plk aku tengok bangsat ni fvck,0.0,True
negatif,menyesal saya ngestalk anjing bangsat,NYESEL GUE NGESTALK ANJING! BANGSAT,0.0,True
negatif,dasar cowok bangsat,Dasar cowok bangsat!!,0.0,True
negatif,tidak so islami kalau kelakuan bangsat saya tidak senang kamu,ga usah so islami kalo kelakuan masih bangsat! gua ga seneng sama lu,0.0,True
negatif,kartu merah yang tidak penting bangsat,kartu merah yg gk pntng. Bangsat,0.0,True
negatif,bangsat bas kimak,Macam bangsat dalam bas. Kimak,0.0,True
negatif,sumpah bangsat,Sumpah bangsat,0.0,True
negatif,bangsat kamu penipu anjing tobat kamu ajal menjemput,"bangsat kau penipu,ANJING tobat lo sebelum ajal menjemput",0.0,True
negatif,woi apa2an bangsat sekali bangun2 beritanya fuck 2016 fuck,WOI APA2AN BANGSAT BANGET BANGUN2 BERITANYA BEGINI. FUCK 2016!!! FUCK!!!,0.0,True
negatif,orang sih begitu sifah hati jelek sangat taik kamu anjing bangsat mampus saja kamu,"Orang sih gitu sifah , hati jelek bnget!!!! Taik lo anjing bangsat mampus ajah lo!!!",0.0,True
negatif,bangsat bangsat bangsat,Bangsat!! Bangsat!! Bangsat!!,0.0,True
negatif,saya sih pengennya naburin badan emak kamu babi kontol bacot kamu setan iblis kamu bangsat,Gue sih pengennya naburin di badan bapak emak lo babi! Kontol bacot lo setan iblis lo bangsat!,0.0,True
negatif,weh anjing bangsat bacot kamu kontol,"Weh anjing, bangsat bacot lo kontol!",0.0,True
negatif,kamu ulama bangsat,lu bukan ulama bangsat,0.0,True
negatif,aswww bangsat,ASWWW BANGSAT,0.0,True
negatif,teman kamu tidak kamu saya tidak rugi kali bangsat,temen apaan lo? gak ada lo juga gue gak rugi kali bangsat!,0.0,True
negatif,sabtu minggu masuk siangan jam 6 sudah dibangunin ih bangsat anj,sabtu minggu masuk siangan tapi jam 6 biasanya dah dibangunin ih bangsat anj,0.0,True
negatif,dosen bangsat,Dosen bangsat,0.0,True
negatif,kamu bejat bangsat brengsek,"Lo bejat, bangsat, brengsek",0.0,True
negatif,penipu nih bangsat,penipu nih bangsat,0.0,True
negatif,ketiduran bangun bangun pengen maki bangsat,"ketiduran, bangun bangun pengen maki. bangsat.",0.0,True
negatif,bangsat kntl orang kamu,Banyak bangsat dan kntl ini orang lo.,0.0,True
negatif,hih dasar kamu bangsat idolamu seprintilan saja sudah songong kamu ya,HIH DASAR lu BANGSAT IDOLAMU BARU SEPRINTILAN AJA UDAH SONGONG lu YA,0.0,True
negatif,cabul bangsat anjing pepek kontol,Cabul bangsat.. Anjing pepek kontol,0.0,True
negatif,jijik bangsat pagi ah,JIJIK BANGSAT MASIH PAGI AH,0.0,True
negatif,bejat bangsat biadab tuh orang,"Bejat,bangsat,biadab tuh orang",0.0,True
negatif,anjir bangsat kamu,"Anjir, Bangsat kau",0.0,True
negatif,brengsek bangsat goblok jancuk bacot,"Brengsek, bangsat, goblok, jancuk, bacot",0.0,True
negatif,bangsat si tai wkwk,bangsat si tai wkwk,0.0,True
negatif,manusia kek gini nya kebiri bangsat bejat,Manusia kek gini harus nya di kebiri ! Bangsat bejat,0.0,True
negatif,bangsat alay tenan asu,Bangsat alay tenan asu,0.0,True
negatif,bangsat story ig isinya rang orang spoiler endgame,Bangsat. Story ig isinya rang orang pada spoiler Endgame semua.,0.0,True
negatif,dasar bangsat sialan,dasar bangsat sialan,0.0,True
negatif,ya memang bangsat,Ya emang bangsat,0.0,True
negatif,njirrr tidur bangsat,Njirrr kurang tidur bangsat!,0.0,True
negatif,mantan bangsat,Mantan paling bangsat!,0.0,True
negatif,bangsat saja tidak memperhatikan sampai situ cuk,Bangsat aku aja sama sekali gak merhatiin sampe situ cuk ??,0.0,True
negatif,orang tua didik kamu anak bangsat,"wahai orang tua,didik yang betul kau punya anak,bangsat",0.0,True
negatif,halah bangsat,Halah bangsat,0.0,True
negatif,kalau tahu malu gaakan nge bangsat,Kalo tau malu gaakan nge bangsat,0.0,True
negatif,mampus kamu bangsat cuekin ngabisin kuota saya kamu kimaq,Mampus lu bangsat. Di cuekin ibu ibu.. ngabisin kuota gue lu kimaq,0.0,True
negatif,bangsat cuti sudah habis,bangsat cuti dah habis,0.0,True
negatif,bangsat homo kirain yang komen cewek cowok anjeng cewek tidak respon asu,"bangsat pada homo semua,, kirain yg komen cewe malah cowo anjeng,, cewe malah gak di respon asu",0.0,True
negatif,dibesarin terima kasih kamu tidak hadir hidup bangsat anjg,"aku dibesarin ibu seorang diri,terima kasih lu ga pernah hadir dalam hidup kami. bangsat anjg",0.0,True
negatif,potong saja k9ntolnya tuh bangsat nih orang,Potong aja k9ntolnya tuh...bangsat nih org,0.0,True
negatif,untung puasa kalau tidak sudah saya maki kamu anjeeng bangsat,Untung puasa klo gak udah gua maki lo anjeeng bangsat,0.0,True
negatif,jijik sangat bangsat,Jijik bgt bangsat,0.0,True
negatif,sok bijak bangsat,"Sok bijak, padahal bangsat!",0.0,True
negatif,anjing absen saya kosong 2 absen bangsat,"anjing absen gua kosong 2 hari, padahal tiap hari absen bangsat",0.0,True
negatif,bacol tidak apa-apa kalau dijual ya kamu memang bangsat anjing,dibuat bacol gpp klo dijual lagi ya lo emg bangsat anjing,0.0,True
negatif,ketrigger bangsat rcti kontol,ketrigger bangsat rcti kontol,0.0,True
negatif,anjing saya belum tidur bangsat pas tidur telepon ayah bangsat,"anjing gw blm tidur bangsat, pas mau tidur malah di telpon sama bokap bangsat",0.0,True
negatif,pagi jay bangsat lupa sarapan nyet,pagi jay bangsat jangan lupa sarapan nyet,0.0,True
negatif,asu burung gembrot saya tidak ngapa2in tuduh robot bangsat,asu burung gembrot gw ga ngapa2in di tuduh robot bangsat,0.0,True
negatif,duh anjing nama kamu seperti saya wkwkwkwk bangsat,Duh anjing nama depan lo sama lagi kyk gue wkwkwkwk bangsat,0.0,True
negatif,susah benerrr bangsat,susah benerrr bangsat,0.0,True
negatif,aaaa bangsat ketauan bohong,aaaa bangsat ketauan boong,0.0,True
negatif,eneg bangsat,Lama kelamaan eneg juga bangsat,0.0,True
negatif,sama tuh dalam hati tidak salah terus saya bangsat begitu ya anying terbahak-bahak sangat pda suuzon,"sm tuh dalem hati apa gak 'salah mulu gue bangsat' gtu ya anying, ngakak bgt pda suuzon",0.0,True
negatif,username tolol tidak hubungan nya keguguran dengan pakai hijab syar i yang kamu bilang bayi nya kepanasan didalem tidak hubungan nya woyyyy otak jempol kamu tidak singkron sih ya nulis komentar,<USERNAME> TOLOL!! Gak ada hubungan nya keguguran dgn pake hijab syar'i yg lo bilang bayi nya kepanasan didalem gak ada hubungan nya woyyyy!! Otak sama jempol lo gak singkron sih ya jadinya asal nulis komentar!,0.0,True
negatif,geblek kamu tata cowok sangat dibela2in balikkan hadeww nanti ditinggal lagi nyalahin tuh cowok kitenya yang oon,Geblek lo tata...cowo bgt dibela2in balikan...hadeww...ntar ditinggal lg nyalahin tuh cowo...padahal kitenya yg oon.,0.0,True
negatif,kemarin termewek2 sekarang lengket lagi duhhh labil sangat sih mbak kya abege saja atau yang kemarin cari sensasi biar top markotoppp ertong tidak berkualitas,Kmrn termewek2 skr lengket lg duhhh kok labil bgt sih mbak kya abege ajah ato yg kmrn cari sensasi biar top markotoppp ertong gk berkualitas,0.0,False
negatif,intinya kesal att nya tidak usah anaknya kasihan perkembangan psikis anak kedepannya orang benar benar tolol sekarang seandainya anak anaknya dikatain orang benci gimana perasaan benci tahu batesnya namanya manusia gaakan penyuka haters,"Intinya kalau kesel dengan ATT nya, gausah ke anaknya juga. Kasian buat perkembangan psikis anak kedepannya. Itu orang bener bener tolol, skrg seandainya dia punya anak, terus anaknya dikatain sama orang yang benci sama dia, gimana perasaan dia ? Benci sama seseorang boleh, tapi harus tau batesnya ?? toh namanya manusia, gaakan semua jadi penyuka, pasti ada haters ??",0.0,True
negatif,hadewwwww permpuan lagi sakit jiwa kenapa yang jadi peran utama film hantu jeruk purut ky khabisan stok artis ja,"hadewwwww permpuan itu lg!!!!sakit jiwa,knp harus dia yg jd peran utama di film hantu jeruk purut,ky khabisan stok Artis ja",0.0,False
negatif,pantas tinggalin laki ya lakinya mikir kali perempuannya kayagni urus saja tidak becus gimana urus anak mending anak bapake nya saja benar didiknya,"Pantesan di tinggalin laki, ya lakinya juga mikir kali kalau perempuannya kayagni. Ngurus diri aja dia gak becus gimana ngurus anak, mending anak sama bapake nya aja bener didiknya",0.0,False
negatif,kebiasaan balajaer nyampah di ig artis suka2 yang ig bikin caption balajaer yang heboh asyik ceramahin yang ig tar lama2 di bikinin lagu sama teh melly loh balajaer yang berjudul balajaer bersabda seonggak koin laknat nya balajaer ngamuk mengiyakan sekali koin laknat nya jadi penggoda di rt nya gigi duh elah balajaer semua tahu kale kelakuan biduan kamu kek minus segala2nya di bela mati2an pada sakit jiwa,"kebiasaan balajaer nyampah d ig para artis..suka2 yg punya ig lah mau bikin caption apa,kok balajaer yg heboh dan asik ceramahin yg punya ig.tar lama2 d bikinin lagu sm teh melly loh balajaer yg berjudul""ketika balajaer bersabda""demi seonggak koin laknat nya.balajaer ngamuk berarti mengiyakan banget koin laknat nya jd penggoda d rt nya gigi.duh elah balajaer kami smua tau kale kelakuan biduan lo itu kek apa.minus segala2nya!lagi masih d bela mati2an,pd sakit jiwa",0.0,False
negatif,karena rakyat indonesia bodoh tidak membedakan yang yang buruk sudah tahu prilaku buruk tidak tahu sopan santun yang dipilih jadi panutan mengidolakan yang murahan dari pada yang berkelas ber etika,krn sebagian besar rakyat indonesia itu bodoh. Tdk bisa membedakan mana yg baik mana yg buruk. Sdh tau prilaku buruk tdk tau sopan santun itu yg dipilih jd panutan. Lebih mengidolakan yg murahan dr pd yg berkelas dan ber etika,0.0,True
negatif,ayu janda bodoh punya suami kapan nikah laginya,ayu janda bego pny suami kpn nikah laginya?,0.0,True
negatif,anyiennnnggg suaranya hancur sekali merdu tukang gorengan,"Anyiennnnggg.. Suaranya ancur banget, lebih merdu tukang gorengan",0.0,False
negatif,syarat sah nikah agama islam 5 cpp cpw saksi wali nikah mas kawin mahar perkara makeup tidak manglingi syarat sah pernikahan tidak makeup syarat yang 5 terpenuhi pernikahannya sah yak emak emak julids,"Syarat sah nikah menurut agama islam hanya 5 yaitu : adanya CPP, adanya CPW, saksi, wali nikah dan mas kawin/mahar. Perkara makeup gak manglingi bukan syarat sah pernikahan. Sekalipun gak makeup tapi syarat yg 5 tersebut terpenuhi maka pernikahannya SAH yak emak emak julids",0.0,False
negatif,cewek gatau nih ngerebut pacar orang sudah abang yang ngedukung sifat jeleknya lagi ckck,"Cewek gatau diri nih, ngerebut pacar org. Udh mana punya abang yg ngedukung sifat jeleknya lg. Ckck",0.0,False
negatif,username eh situ kids jaman now ya kebanyakan micin mana yang ngina bodoh dipelihara,<USERNAME> eh... Situ siapa??? Kids jaman now ya kebanyakan micin.. Mna kata aku yg ngina??? Bego dipelihara??????,0.0,True
negatif,jijik liatnya suer deh minceeee,Jijik liatnya suer deh minceeee,0.0,True
negatif,memang tabu ciuman begitu iya memang yang bikin eneg pencitraan nya yang sok alim sok sok bijak sok sok yang lainya seandainya pencitraan sok alim sok suci serius,"Emang bukan hal tabu ciuman gitu (iya emang) tapi yg bikin eneg itu ""PENCITRAAN"" nya yg sok alim sok baik sok bijak dan sok sok yg lainya. Seandainya dia lebih apa adanya itu lebih baik dari pada pencitraan. Bukan sok alim atau sok suci serius!",0.0,False
negatif,yang jadi 1 ciuman depan orang banyak yang sih malu kecuali mungkin lagi mabok jadi tidak malu 2 berteman helooow pertemanan tidak melibatkan ciuman bibir coba saja bayangin sanggup tidak ciuman bibir ma teman lebih dari teman dasar kelakuan kids jaman now yang memang bodoh karena kebanyakan micin lho yah,"Yg jd masalah disini adalah 1. mereka ciuman dpn org bnyk yg SEHARUSNYA sih punya rasa MALU, kecuali mgkn lg mabok jd gak ada rasa malu. 2. Mereka berteman?? Helooow sebuah pertemanan tdk akan melibatkan ciuman BIBIR, coba aja kalian bayangin, sanggup gak ciuman bibir ma TEMAN? pasti lbh dr teman lah itu. Dasar Kelakuan Kids jaman now yg emg bego, bukan krn kebanyakan micin lho yah ??",0.0,True
negatif,anjing nya ngamuk hidup dmana2 punya musuh sudah kliatan mana yang orang tidak punya banyak musuh,Anjing nya ngamuk..hidup kok dmana2 pny musuh..udh kliatan mna yg baik dan bukan..org baik ga pny byk musuh..,0.0,True
negatif,username ahhh jaga ucapan lahh ucapan tidak dijaga dasar munafik dasar betina zaman now ellu kali yangg kelebihan micin kamu otak kamu selangkangan paham semoga tuhan ampunin kemunafikan kamu cun,"<USERNAME> ahhh katanya jaga ucapan, lahh ucapan dia ngk dijaga sendiri.. dasar munafik.. dasar betina zaman now ellu kali yangg kelebihan micin.. loe sendiri otak loe kan di selangkangan mana paham.. semoga Tuhan ampunin kemunafikan loe cun",0.0,True
negatif,username yaa ampun upil naruto kata2nya mencerminkan kalau yang pecun pengalaman sekali kamu yaa kasihan saya prihatin mati saja deh kamu ngotorin dunia manusia kamu,"<USERNAME> yaa ampun ini upil naruto,, kata2nya makin mencerminkan klo dia yg sebenarnya pecun.????pengalaman banget lu yaa. Kesian. Gua jadi prihatin. Mati aj deh lu. Ngotorin dunia manusia macam kau.??",0.0,True
negatif,hanya jual goyangan yak suara taik,"Cuman jual goyangan yak, suara macam taik...",0.0,False
negatif,kasihan ih cari uang sampai segitunya,Kasian ih nyari uang sampe segitunya,0.0,False
negatif,anjir tontonan yang bermutu,anjir tontonan yg sangat tidak bermutu!,0.0,True
negatif,dulu inul goyang ngebor baju ketat dcekal harus nya ni juga dengan sgja goyang dada terus suara tidak sbrpa mrsk moral anak muda yang nonton bawaannya nafsu saja,"Dlu inul goyang ngebor baju ketat dcekal. Hrs ny ni jg dg sgja goyang dada mulu, suara ga sbrpa. Mrsk moral ank muda yg nnton bawaannya nafsu aja nanti ????",0.0,False
negatif,pnyanyi dangdut yang tidak berkelas begini nih y nonjolin suara nonjolin dada,Pnyanyi dangdut yg ga berkelas bgini nih... bukan'y nonjolin suara malah nonjolin dada,0.0,False
negatif,najis najis sudah homo saja orang kaya gini musnahkan muka bumi,"Najis najis udh homo aja harusnya, org kaya gini di musnahkan dari muka bumi",0.0,True
negatif,haduuh orang tidak akhlak bangeg perasaan kerjaan bertengkar terus musuhnya,"Haduuh ini orang gak punya akhlak bangeg, perasaan kerjaan berantem mulu, banyak musuhnya",0.0,False
negatif,s lonte bukan sensasi ngjak ribut orang terus sampah,S lonte ini bkn sensasi ngjak ribut org mulu sampah,0.0,True
negatif,mirip banci deh nenek2 punya cucu mau operasi mua top tetap saja kalau asli nya tidak cantik dalam,Kayak banci dh mirip nenek2 pny cucu . Mw di operasi di mua top ttp aj klo asli ny g cantik luar dlm..,0.0,True
negatif,bagus kalau mingkem saja hahahahahaha jahatnya akuuu,Dan lebih bagus lagi kalo mingkem aja hahahahahaha jahatnya akuuu,0.0,False
negatif,oplas dipermak tetap jelek pokoknya mukanya tegang kek banci sudah sekian,Walaupun Oplas ATAU dipermak sekalipun tetep jelek. POKOKNYA MUKANYA TEGANG KEK BANCI. UDAH SEKIAN??,0.0,True
negatif,mending liat dek molen biarpun cowok tetapi cuantik tidak kaya cewek tetapi mirip bencong wkwkwk,"Mending liat dek molen biarpun cowok tp cuantik, gak kaya ini cewe tp malah kayak bencong wkwkwk ??",0.0,True
negatif,bencong rombeng menjijikan gay juga,bencong rombeng.menjijikan!!!gay jg.,0.0,True
negatif,orang gila pengen hitz cri tenar rela dipenjara cari sensasi settingan beken sampai hina2 orang astagfirullah sekaya sih orang kaya mulut nya ky sampah tidak sekolah ya,"Orang gila itu ???? pengen HITZ cri tenar rela dipenjara? Cari sensasi settingan supaya beken smpe hina2 org,,, astagfirullah... Sekaya apa sih??? Org kaya mulut nya ky sampah,ga sekolah ya???",0.0,True
negatif,cowok anjing cuihhh orang kaya berkoar saya orang ping kaya sedunia orang tahu kalau orang kaya orang kaya malahn berperilaku orang sederhana memamerkan kekayaan dunia akhirat mampus kamu harta tidak bawa mati pants buang laut kamu orang anehhh,Cowok macam anjing cuihhh... Orang kaya tidak akan pernah berkoar gua orang yang ping kaya sedunia...karena semua orang juga tau klo dia orang kaya... Orang kaya malahn berperilaku sebagai mana orang sederhana buat apa memamerkan kekayaan di dunia di akhirat mampus lu harta kagak akan di bawa mati yang pants di buang ke laut itu lu orang yang paling anehhh,0.0,True
negatif,cari sensasi tenar terus banyak folowers nya tidak begitu begitu juga kali darar orang setres bicara saja belepotan tidak begitu kamfungan,"cari sensasi supaya tenar, trus banya folowers nya. gak gt gt jg kalee... darar orang setres, ngomong aja masih belepotan gk jelas gt. kamfungan",0.0,False
negatif,bicara saja belepotan gaya kamu bencong,ngomong aja belepotan banyak gaya lu bencong,0.0,True
negatif,orang kebanyakan makan taik ya gini otaknya sudah penuh taik jadi tidak berfikir positif berbicara saja tidak bermoral dasar kaum2 laknat banci anjing kbanyakan burit sih kamu jadi stres manusia ogah jumpa kamu anjing anjing yang ketemu kamu taik,Orang kebanyakAN makan TAIK ya gini!OTAKnya udah penuh sama TAIK jdi gak bisa berfikir positif!dari cara dia berbicara aja Gak BERMORAL!dasar kaum2 LAKNAT BANCI ANJING kbanyakan BURIT SIH LO jdi Stres!MANUSIA ogah JUMPA sama LO anjing!cuma ANJING yg mau ketemu sama LO taik!,0.0,True
negatif,sikat abiss lahh orng2 sialan kaya gini pemimpin negara tidak hormatin jangan mentang2 president sembarangin marah tidak hina pemimpin harap tindak hukum orang iniö,Sikat abiss lahh orng2 sialan kaya gini. Pemimpin negara sendiri gak di hormatin. Jgn mentang2 Bapak President kita terlalu baik jadi di sembarangin. Saya marah.. Gak boleh kita hina pemimpin kita sendiri.. Saya harap segera di tindak hukum orng iniÖ,0.0,True
negatif,jijik sekali lihat tingkah si upil mudah2an secepatnya tidur,Jijik banget lihat tingkah si upil ini. Mudah2an secepatnya tidur selamanya,0.0,True
negatif,edan nih orang sudah makan uang rakyat tidur,"WONG EDAN NIH ORANG, UDH MAKAN UANG RAKYAT TIDUR PULA",0.0,True
negatif,manusia laknat matinya apakan ya,"Manusia laknat, matinya di apain ya",0.0,False
negatif,sakit otak hatinya mah sudah tidak nurani urat malunya pajak loh ngegaji orang2 gila hormat,Sakit di otak sama hatinya itu mah dia. Udah gak ada nurani dan urat malunya. Pajak saya loh yang ngegaji orang2 gila hormat ini,0.0,True
negatif,anak babi bangsat pengen sumpel timah panas congor kamu biar modar,Anak babi bangsat pengen sumpel timah panas ke congor lu biar modar,0.0,True
negatif,pengen sumpel timah panas congor si anak babi pesek buruk rupa,Pengen sumpel timah panas ke congor si anak babi pesek buruk rupa,0.0,True
negatif,hey anak bangsat babi pesek buruk rupa keriting pengen penggal leher kamu sampai putus lumayan makanan buaya,Hey anak bangsat babi pesek buruk rupa keriting.pengen penggal leher lu sampe putus??lumayan buat makanan buaya??,0.0,True
negatif,ratu pelakor sejagat raya dimana2 lonte ya tidak malu yang merasa lonte tolong malu sedikit,"RATU PELAKOR SEJAGAT RAYA, DIMANA2 LONTE YA GAK PUNYA MALU. YG NGERASA LONTE DISINI TOLONG PUNYA MALU DIKIT",0.0,True
negatif,mahhhh pertemuan buah ranum buah busuk sudah tahu yang busuk yang manah mentok2nya mah begitu saja kalau pelakor,Wah ini mahhhh pertemuan buah ranum dan buah busuk ??....dah tau dong yg busuk yg manah ??????????....mentok2nya mah gitu aja kalo pelakor??,0.0,False
negatif,ah manda mah gatal tidak liyat cowok sedikit langsung disosor begok saja yang ama manda kegatelan cewek,"Ah manda mah gatel, ga bisa liyat cowo dikit lgsg disosor.. Begok aje yg mau ama manda . kegatelan jadi cewe",0.0,False
negatif,si amanda mukanya tante umur tetapi muka boros sekali dasar cabe jujur saya mah tidak suka ama ni haltis,"Si amanda mukanya ke tante"" umur baru berapa tp muka boros banget .... dasar cabe . Jujur gua mah kgk suka ama ni haltis",0.0,False
negatif,astagah demen ama cewek dekil kumel nagita turun att nagita kaya emas att kaya barlen,"Astagah, demen ama cewek dekil kumel. Ibaratnya dari nagita turun ke att. Nagita kaya emas att kaya barlen",0.0,False
negatif,alah laki laki jaman sekarang sama saja bejat ustad kek kek gila sangat sama perempuan yang istrinya stju sangat sama yang bilang ustazah username msuk surga bukan karena poligami masih banyak yang bisa jadi akhlak bisa masuk surga yaa semoga saja sih perempuan perempuan pelakor diluar sna azab yang tidak diampuni hidupnya tidak selamat dunia akhirat,Alah laki laki jaman skrg sm aja. Sama sama bejat. Mau ustad kek bukan kek gila bgt sm perempuan yg bukan istrinya. Aku stju bgt sm yg di blg ustazah  <USERNAME> . Msuk surga bkan krna poligami. Msh bnyk hal yg kita buat supaya bs jd akhlak baik untuk bs masuk surga. Yaa smoga aja sih perempuan perempuan pelakor diluar sna mendapat azab yg gak diampuni. Yang hidupnya gk bakal selamat dunia akhirat,0.0,True
negatif,gilaaaaa pelakor sangat laki2 gatal alasan berpoligami woiii mikir pakai otak haduh pikir orang pintar tahu agama buruk allah menguji kesetiaan nafsunya eh kaya begitu menyakiti istri saja menutup pintu rejekimu anak istri kamu korbankan sebagai seorg imam keluarga gagal mmpertahankan rumah tangganya mencoreng nama nya sendiri semua orang suka sekarang benci m,Gilaaaaa pelakor banyak bnget laki2 gatal juga banyak alasan untuk berpoligami woiii mikir pake otak haduh saya pikir dia org pintar tau agama mana baik mana buruk.... Allah menguji kesetiaan dan nafsunya eh malah kaya gtu... Menyakiti istri sama sja menutup pintu rejekimu... Anak istri kau korbankan! Sbg seorg imam keluarga dia telah gagal mmpertahankan rmh tangganya mencoreng nama baik nya sndiri... Smua org suka skrg benci sama dia.. M,0.0,False
negatif,biasalah kalau pelakor lebih hancur mukanya istri sah barang bagus cepat laku pelakor jelek tidak laku ngembat laki orang ya sudah sama2 gatal cocok wes username,"Biasalah kalo pelakor banyak yang lbh ancur mukanya dari istri sah.. barang bagus pasti cepat laku, karena pelakor jelek nggak laku makanya ngembat laki orang.. ya udah sama2 GATEL kok.. cocok wes..  <USERNAME>",0.0,False
negatif,lama2 ilfil deh sama ni ertong caption ig story nya membicarakan orang mlu orang jadi ambigu nilai si a si b si c sudah begitu kaya zholimi salahinnya lawan jangan omong status ah nya dewasa,"lama2 ilfil deh sm ni ertong. caption/ig story nya ngomongin org mlu, org kan jd ambigu nilai si a si b si c. udah gt kaya paling di zholimi, salahinnya depan lawan dong jgn ngmg di status ah. kata nya dewasa ??",0.0,False
negatif,username pemikiran manusia bodoh eehhh tante oma empo otak kamu picik sangat ya juga manusi larangan memang dunia orang larang ngungkapin unek2 stupid human,"<USERNAME> ini lagi pemikiran manusia bodoh, eehhh tante/ibu/oma/empo, otak lu picik bngt ya, dia jga manusi biasa ada larangan emang di dunia ini orang di larang ngungkapin unek2???? stupid human",0.0,True
negatif,heran deh yang ngatain si via baperan ya wajar dese baper udin muak orang yang munafik sok an dese kabar yang baperan laki orang tidak nyadar tuh pemujanya att gotong royong nasehatin att menggila muja att mojokin viaa dese manusia keles ahh,"Heran deh yg ngatain si via baperan ya wajar lah dese baper karena udin muak sama orang yg munafik sok""an baik sama dese, lah apa kabar yg sering baperan sama laki orang ? Ga pada nyadar diri tuh pemujanya att, bukannya pada gotong royong buat nasehatin att ini malah menggila buat muja"" att dan mojokin viaa. Dese juga manusia keles ahh",0.0,True
negatif,username yang komen via nyinyir terus duh seperti tidak nyinyirin orang saja parah kalau orang sok benar mah begitu padahal media sosial hak instagram instagram yang nyinyir tidak pakai ig s,"<USERNAME> itu yg komen via nyinyir mulu duh kyak dia gak pernah nyinyirin orang aja, mungkin lebih parah, kalo org sudah sok bener mah gitu, pdhal ini kan media sosial, hak dia dong instagram juga instagram dia, yg penting kan nyinyir gak pake ig s",0.0,False
negatif,username nya ngatain orang nyindir netijen goblog banyakan masyako,<USERNAME> bisa nya cuma ngatain org . Nyindir siapa ..netijen goblog banyakan masyako !,0.0,False
negatif,username didik ortunya nagita bagus heran dengan balajaer nagita yah yang dirugikan sama junjunganny kenapa yang dibenci bodoh sangat asli,"<USERNAME> cara didik ortunya nagita bagus, makanya amat sangat heran dg balajaer, kan nagita yah yg dirugikan sm junjunganny.. Knp dia yg dibenci, bodoh bgt asli.",0.0,True
negatif,username padahal kamu kampungan loh pakai kerudung mulutnya cuihh,"<USERNAME> pdhl km lebih kampungan loh,pake kerudung tapi mulutnya cuihh..",0.0,True
negatif,belajaer tuh ya hahahaha bela artis sampai sebegitunya manusah2 begoh,Belajaer tuh apa ya? Hahahaha bela artis ampe sebegitunya... manusah2 begoh ????????,0.0,False
negatif,username iya norak kampyuung coba liat artis adem ayem liat isyana liat agnezmo liat mba liaaat diliat saja coba telaah deh dikasih tahu contoh artis better eh jawabannya ya cocok la,"<USERNAME> iya banyak berarti mereka norak kampyuung, coba liat artis yang adem ayem liat isyana liat agnezmo liat mba liaaat..... jangan diliat aja coba di telaah deh, dikasih tau contoh artis yang better eh jawabannya begini ya cocok la",0.0,False
negatif,username tidak sok high class mba liat komenmu artis beda2 mbak yang suka curhat ig yang curhat teman yang curhat tuhan tidak terus mulut situ maju otaknya mikirnya yang curh,"<USERNAME> gak usah sok jadi high class mba, liat komenmu sendiri, memang semua artis itu sama, beda2 mbak, ada yg suka curhat di ig, ada yg curhat ke temen ada yg curhat ke Tuhan.... ngak usah trus mulut situ maju dulu otaknya belakangan mikirnya, yg curh",0.0,False
negatif,username goblok tidak netizen yang kontra sama postingan si via bakajaer kali mba mas ih goblok dipiara lol,"<USERNAME> lah goblok amat, gak semua netizen yg kontra sm postingan si via ini bakajaer kali, mba/mas. Ih goblok kok dipiara. Lol",0.0,True
negatif,sih memang artis ko artis indo nya urus prestasi sosmed nya terus isi nya jadi jatuh nya kampungan,Ini siapa sih emg artis? Ko artis indo bukan ny ngurus prestasi malah di sosmed ny beginian mulu isi nya jd jatoh nya kampungan,0.0,True
negatif,username saja kan y mba kaya agnes mau banyak penghargaan nya tetapi tidak kampungan beda am yang,"<USERNAME> baru itu aj kn y mba, apa lagi kaya agnes mo bnyk penghargaan ny tp g kampungan beda am yg ini",0.0,True
negatif,munafik sangat yang bicara curhat sosmed kampungan saya elu kitu keleusss wkkwkww mending mba via artis cantik bisa nyanyi la elu lebih kampungan wkwkwkwkw,Munafik bgt yg ngomong curhat di sosmed kampungan... Gua yakin elu juga kitu keleusss wkkwkww..... Mending mba via dia artis cantik bs nyanyi.. La elu pada? Lbh kampungan wkwkwkwkw!!!!,0.0,True
negatif,username wawan zzzzz memang artis tidak teman sedikit sedikit att hahaha curhat sosmed kampungan,<USERNAME>.wawan zzzzz emng ini artis ga punya tmn apa? Dikit dikit att hahaha lagi juga apa apa curhat di sosmed kampungan,0.0,True
negatif,lemas ya mulutnya berani ststus sudah begitu tulisannya sengaja biar tidak kebaca takut kali labrak mmmm artis kampungan sih ya wajar ya,Lemes ya mulutnya. Berani lewat ststus udah gitu tulisannya sengaja biar ga kebaca takut kali di labrak. Mmmm artis masih kampungan sih ya jadi wajar lah ya ????????,0.0,True
negatif,username main main jawa timur biar tidak begok,<USERNAME> main main lah ke jawa timur.. Biar ga begok!!,0.0,False
negatif,username sudah nunjukin karyanya situ punya karya karya nyinyir hidupnya via tolol,"<USERNAME> dia udah nunjukin karyanya, situ pny karya apa? Karya nyinyir hidupnya Via?? Tolol ??",0.0,True
negatif,username bilang saya fansnya via duh nantangin saya nih orang anak tolol anak alay jablay,"<USERNAME> siapa bilang gw fansnya Via?? Duh nantangin gw nih org... anak tolol ank alay, jablay!",0.0,True
negatif,username yutub ya mba aplikasi ya saya tahunya youtube mba tidak tahu ya seseorg bisa dapat penghasilan salah satunya dari youtube loh mereka juga bayar kalau banyak yang nonton video mereka sekolah yang benar deh mba biar pintar generasi muda,<USERNAME> yutub apaan ya mba? Aplikasi baru ya? Sy taunya youtube. Mba gak tau apa ya seseorg bs dpt penghasilan besar salah satunya dr youtube loh. Mreka jg di bayar apalagi klo bnyk yg ntn video mreka. Sekolah yg bener deh mba biar pinter. Generasi muda,0.0,False
negatif,saya suka gangerti deh yaa kalau via vallen bikin status apalah disangkut pautin ama att terus att nya saja saja fansnya sih yang bikin jelek orang kalau sangkut pautin terus juga gerah kali,"gue suka gangerti deh yaa, kenapa kalo via vallen bikin status atau apalah itu disangkut pautin ama att mulu?? padahal att nya aja biasa aja.. Fansnya sih yg bikin jelek.. Orang kalo di sangkut pautin mulu jg lama-lama gerah kali..",0.0,False
negatif,jujur saja ya ni orang bagusan kaga oplas itu foto sebelum dan oplas dioplas mukanya aneh kyknya gagal oplasnya,Jujur aja ya ni org malah bagusan kaga oplas..ada tu foto dia sblm dn sesudah oplas..dioplas mukanya aneh...kyknya gagal oplasnya...,0.0,False
negatif,noraaak abiiis kebeli emas az pamer apalagi mainan berlian ciiinnnnn,Noraaak abiiis... Baru kebeli emas az pamer aplg mainan berlian ciiinnnnn.... ??,0.0,False
negatif,before and after pasca oplas tidak ngefek ya tetap jelek n seram mukanya ahahahhaha,Before and after pasca oplas ga ngefek ya.. tetep jelek n serem mukanya..ahahahhaha..,0.0,False
negatif,salfok mukanya sumpah jelek oplas model failed,"Salfok ke mukanya, sumpah jelek... Oplas apaan model begitu... Failed!!!",0.0,False
negatif,norak benar kegaet penjahat,Norak bener. Kegaet penjahat baru rasa.,0.0,False
negatif,najis di philipine sangat kali di saja bangga jadi perusak moral ko bangga najis sekali liatnya cukup di saja komen nya ingin ngetop lewat nitezerrre wkwkwk mengharap laku,"Najis..,apalagi d philipine biasa bgt kali,d sana aj bangga..jd perusak moral ko bangga..najis banget liatnya.ckp d sini aj komen ny,dia pngn ngetop lwt nitezerrre.....wkwkwk..ngarep laku",0.0,True
negatif,saya bingung jujur media rebutan ngeliput orang kayaknya hanya net saja media informasi waras,Yang gua bingung jujur kenapa media pada rebutan ngeliput ini orang. Kayaknya cuman net doang media informasi yang masih waras,0.0,False
negatif,jedun yang tidak becus perempuan terhormat tidak becus perempuan cerdas tidak becus perempuan yang mencari suami sah suami orang tidak becus perempuan yang menghindari narkoba tidak becus perempuan yang menjaga nama keluarga semoga perempuan yang mirip kamu dunia ya jedun,"Bukankah Jedun yg ga becus jadi perempuan terhormat, ga becus jadi perempuan cerdas, ga becus jadi perempuan yg mencari suami sah bukan suami orang, ga becus jadi perempuan yg menghindari narkoba, ga becus jadi perempuan yg menjaga nama baik keluarga... semoga hanya ada satu perempuan yg kayak lu di dunia ini ya Jedun",0.0,False
negatif,cewek yang begini yang hrsnya gosong jadi abu saja kebakaran pabrik yang lagi viral kemarin itu bnr2 slain tidak brguna gda otak cuma modal ngangkang terus gebet laki orang terus bangga btw kalau memang instastory nya nyindir sesebini tua mah ehhh at least biar tidak becus jadi prewi tetapi becus cuii jadi emak buktinya anak nya bejibun terus semua pro emaknya daripada bapaknya,"cewe yg bgni yg hrsnya gosong jd abu aja di kebakaran pabrik yg lg viral kmrn tu. bnr2 slain ga brguna, gda otak.. cm modal ngangkang trs gebet laki org trs bangga.. btw klo emg instastory nya buat nyindir sesebini tua mah. ehhh at least biar ga becus jd prewi tp becus cuii jd emak. buktinya anak nya bejibun trs smua pro ke emaknya drpd bapaknya",0.0,False
negatif,hahaha kasihan ya tidak becus perem ngerebut laki orang biar dikata perempuan dasar perempuan sadar anda cuy,"Hahaha..kasian ya...gak becus jadi perem...harus ngerebut laki orang dulu biar dikata ""perempuan""? Dasar perempuan tak sadar diri ente cuy.",0.0,False
negatif,dasar artis abal abal enggk laku layar kaca sudah enggk duit kere miskin main ke dukun elmu pelet perebut suami orang yang kaya,Dasar artis abal abal enggk laku di layar kaca...udh Enggk ada duit kere Miskin..Jadi maen k dukun buat minta elmu pelet perebut suami org yg kaya...,0.0,False
negatif,ih becus makrum becus ngrebut suami orang hehe,"ih dia kan paling becus makrum, paling becus ngrebut suami orang hehe????",0.0,False
negatif,eeee si pelacur situ becus jadi brempuan memang becus sampah sih iya edeuuuuuh lonte lonte,Eeee si pelacur. Situ becus jd brempuan emang? Becus jadi sampah sih iya. Edeuuuuuh lonte lonte,0.0,True
negatif,biarin puas puasin mumpung deseu berasa muda nanti kalau sudah tua nyaho karma,"Biarin,,,puas puasin mumpung deseu masih brasa muda. Ntar klo dah tua juga nyaho! Karma itu ada.",0.0,False
negatif,anak perempuan lho contohin jelek anaknya becus perempuan amit amit,Dia ini punya anak perempuan lho. Ibu macam apa contohin jelek ke anaknya. Jauh dari kata BECUS ini perempuan. Amit amit...,0.0,False
negatif,kaya becus saja jadi permpuan yang tidak becus jadi perempuan ko sukanya sama laki orang heheh,Kaya becus aja jd permpuan dia yng g becus jd perempuan ko sukanya sm laki orng heheh,0.0,False
negatif,yang tidak becus tuh loh jedun hidup nya bisanya ngerusak kbhgiaan orang hidup serba mewah tetapi tidak kerja malah morotin laki orang karma pasti akan mnghampirimu,Yg gk becus tuh loh jedun...hidup nya cuma bisanya ngerusak kbhgiaan org lain .mau hidup serba mewah tp g mau krja mlh morotin laki org..karma psti akn mnghampirimu????????,0.0,False
negatif,saya tidak suka sama ni orang idupnya kebanyakan ribut,Gue gak suka sm ni orang. Idupnya kebanyakan ribut.,0.0,False
negatif,yang nama nya plagiat ya plagiat laku tetapi tetap saja ciptaan dari hasil plagiat wkwkwkwk saya mah ogah dwngerin saja sudah ingin muntah,"Yg nama ny plagiat ya plagiat, walaupun laku tp tetep ajah ciptaan dri hasil plagiat..wkwkwkwk gua mah ogah dwngerin ajah udh pngen muntah",0.0,False
negatif,dasar plagiat tidak kreatip memalukab sangat,"Dasar plagiat semuanya, ga bisa kreatip.memalukab bgt",0.0,False
negatif,begonya bilang apanya yaaa liriknya saja percintaan begitu lagu benar-benar tolol si ayu tidak punya kuping y orang yang dipermasalahin nadanya,"Dan dengan begonya dia bilang ""apanya yang sama yaaa liriknya aja tentang percintaan gitu kok lagu saya"" bener2 tolol si ayu. Gapunya kuping apa y orang yg dipermasalahin nadanya ????????",0.0,True
negatif,pacarnya anggel pietrs kali cowok bocah username yaelah jes terxta kelakuan mu saja seperti ayuting2 hidupmu penuh drama murahan,Itu pacarnya anggel pietrs kali.... dan cowok itu juga masih bocah....  <USERNAME> yaelah jes.. terxta kelakuan mu sama aja sprti ayuting2 Hidupmu penuh dengan drama MURAHAN,0.0,False
negatif,japok gateeel memang sudah main si mamad sampai si jessica dimusuhin deddy corbuzier saja jijik si japok semenjak nagita diundang hitam putih nagita cerita panggung saja sih saya,"japok gateeel emang,uda jelas dia ada main sama si mamad,sampe"" si jessica dimusuhin,deddy corbuzier aja jijik sama si japok semenjak nagita diundang di hitam putih berarti nagita cerita di belakang panggung,itu aja sih menurut gue",0.0,True
negatif,username memalukan buk bicara pelakor memang ibuk sudah pelakor ya tahu ayu pelakor wkwkwkwkwk awas rumah tangga yang dimasukin pelakor anaknya pelakor,<USERNAME> lebih memalukan anda buk ...ngomong pelakor emang ibuk udah pernah jadi pelakor ya kok bisa tau ayu pelakor wkwkwkwkwk. ..awas ibu nanti malah justru rumah tangga ibu yg dimasukin pelakor atau anaknya nanti jadi pelakor ..,0.0,False
negatif,kerdus mulutnya busuk sampah makanannya,Wah itu Kerdus mulutnya busuk...jangan jangan sampah makanannya,0.0,True
negatif,username tai kamu gedein bagus pupuk jangan bacot kamu goblok nih cewek kenapa bawa2 suku,<USERNAME> TAI loe di gedein bagus buat pupuk jngan bacot loe goblok !!! nih cewek knpa bawa2 suku ?,0.0,True
negatif,kamu artis papan blenyek saja belagu artis tidak populer sekalu hahaha,LAH ELO ARTIS APAAN? PAPAN BLENYEK AJA BELAGU AMAT ARTIS APAAN KGA POPULER SAMA SEKALU HAHAHA,0.0,False
negatif,anang muka nya kaya babiii begitu saja demenin jijikk,ANANG MUKA NYA KAYA BABIII GITU AJA DI DEMENIN JIJIKK,0.0,False
negatif,tidak suka ayu ting ting tidak separah ngejudge nya hati otak manusia kekurangan kelebihan perasaan seenak nya menjudge orang kaya sudah sempurna saja kamu username,"Kalau ga suka sama ayu ting ting ga usah separah itu dong ngejudge nya. Punya HATI dan OTAK kan? Dia juga manusia punya kekurangan dan juga punya kelebihan dan dia juga punya perasaan. Jadi jangan seenak nya menjudge orang seperti itu, kaya udah SEMPURNA AJA LO!  <USERNAME>",0.0,False
negatif,tidak pantes dipanggil ustad orang munafik ceramah orang kelakuan sndr saja menzolimi istri sah nya dengan poligami diam2 kacian istri pertamanya tidak tahu malu istri aduh kalau yang masih panggil buat ceramah namanya bodo,"Ga pantes dipanggil ustad..org munafik ceramah sana sini org kelakuan sndr aja menzolimi istri sah nya dgn poligami diam2.kacian istri pertamanya,ga tw malu istri keduanya.. hadeh klo ada yg msh manggil dia bwt ceramah namanya bodo..",0.0,True
negatif,biadab kalau anak kamu bully saya mampusin ya,Biadab!! Klo nanti anak lo di bully.. Gue mampusin ya!!!,0.0,False
negatif,dasar anjing tuh cowok orang berani cowok one by one yang lemah dasar yah cowok2 jaman sekarang casing saja cowok nyali nya lebih2 banci,"Dasar ANJING tuh cowok bukan org, berani sama cowok biasa one by one jangan sama yg lemah, dasar yah cowok2 jaman skrg, casing doank cowok, nyali nya lebih2 dari banci",0.0,True
negatif,username iya kasihan si micin perusahan produk micin mengiklan kalau masak tambahkan micin biar sedap netizen menyudutkan mecin kebodohan orang yang gangguan jiwa ngemil micin justiceformicin,"<USERNAME> iya kasian si micin?? padahal perusahan produk micin mengiklan kan kalo masak ""tambahkan micin biar tambah sedap"" netizen menyudutkan mecin seolah semua kebodohan orang yg punya gangguan jiwa ngemil micin??#justiceformicin",0.0,False
negatif,wahh jngn2 vidio bajunya norak bngtt ayuu murahaan,Wahh jngn2 ini Vidio lama...kok bajunya norak bngtt seorang ayuu...terlihat murahaan,0.0,False
negatif,username bodoh kamu ya,<USERNAME> bego lo ya,0.0,True
negatif,editan sekali ya ampun si mommy lambe kehabisan gosib ya si pelakor,Editan banget itu. Ya ampun si mommy lambe kehabisan gosib ya buat si pelakor ?????????,0.0,False
negatif,yah admin nya golongan pengonsumsi mecin pil pcc otak kamu rusak min,yah admin nya termasuk golongan pengonsumsi mecin dan pil pcc.. otak lu rusak min?,0.0,False
negatif,orang govlok yang prcya ayu slgkuh sma rafi buktinya rafi sma gigi sekarang baek2 saja ktamu ayu pelakor suami yang di rebut woyy sekarang ayu suami fikir pakai otak makanya jangan kbanyakan micin jadi govlok,cuma org govlok yg prcya ayu slgkuh sma rafi.buktinya rafi sma gigi skrg baek2 aja..dan ktamu ayu itu pelakor?? SUAMI Siapa yg d rebut woyy?? skrg ayu punya suami?? fikir pke otak mkanya jgn kbanyakan micin kan jdi govlok,0.0,False
negatif,username hoy barisan sakit hati jijikk sekali fans billy mah alhamdulillah sangat billy putus manusiaa buluk ituu yang ditunggu lama2 akhiry putus kobil juga jijik ni orang v,<USERNAME> hoy barisan sakit hati ?? jijikk banget.. fans billy mah ALHAMDULILLAH bgt billy putus sama manusiaa buluk ituu... itu yg ditunggu lama2 akhiry putus juga.. dan sekarang kobil jg jijik sama ni orang :v,0.0,True
negatif,mba username kamu tidak merasa cinlok babang anthony ketemu di mana sih sinet boy alah ngaku ajaaa mba dumang cinlok sok2 bilang tidak cinlok namanya pembodohan wajar netizen bilang ratu cinlok kenyataan memang ya marah resiko artis hahahhaa pinter2 ya mba cari alasan hahahahaha,"MBA  <USERNAME> KALAU lu GAK NGERASA CINLOK SAMA BABANG ANTHONY TERUS KALIAN AWALNYA KETEMU DIMANA SIH? DI SINET BOY KAN? ALAH NGAKU AJAAA. BERARTI KAN MBA DUMANG CINLOK, JANGAN SOK2 BILANG GAK CINLOK ITU NAMANYA PEMBODOHAN . WAJAR DONG NETIZEN BILANG RATU CINLOK KENYATAAN EMANG YA KAN? JANGAN MARAH .... RESIKO JADI ARTIS HAHAHHAA PINTER2 YA MBA KALAU MAU CARI ALASAN HAHAHAHAHA",0.0,False
negatif,username noh urus itu kuin kamu biar tidak gatal nempel2 ama laki orang masyarakat sudah tahu kali japok gundik janda gatal sudah kenyataan nya begtu anak sholehah agama nya kuat mata kuliah agama cuma dapat 1 agama nya kuat tetapi hamil,"<USERNAME> Noh urus tu kuin lu, biar ga gatel nempel2 ama laki orng, masyarakat udh tau kali japok gundik janda gatel,udh kenyataan nya begtu KATANYA ANAK SHOLEHAH AGAMA NYA KUAT TAPI MATA KULIAH AGAMA CMA DPT 1,KATANYA AGAMA NYA KUAT TPI HAMIL DI LUAR",0.0,False
negatif,username bilang itu kuin kamu gesek grepe ama lakik orang tidak malu sudah hamil nikah kegatelan janda,"<USERNAME> bilang tu sama kuin lu, jangan gesek grepe ama lakik orng, ga malu apa udh hamil di luar nikah, kegatelan amat jadi janda",0.0,False
negatif,username please kamu bela pelakor hukuman si muljem karena sudah tega recut suami sahabat menjalani sanksi sosialnya valakor mesti dibenci karena biar tidak valakor indonesia biar musnah sem,"<USERNAME> please lo jangan bela pelakor,ini semua hukuman untuk si muljem karna uda tega recut suami sahabat sendiri,dia lagi menjalani sanksi sosialnya!! kenapa valakor mesti dibenci?? karna biar ga ada valakor"" lainnya di Indonesia,biar musnah sem",0.0,False
negatif,najis muakk menjijikan pelakor jijik,"NAJIS. INI BARU MUAKK, MENJIJIKAN, PELAKOR. JIJIK",0.0,True
negatif,semoga pelakor2 kena karma semoga karma yang meninggalkan istrinya yang bwrjuang dengan dari nol tetapi sukses selingkuh sok jadi penguasa istri ya,Semoga pelakor2 kena karma dan semoga dapat karma yg meninggalkan istrinya yg bwrjuang dg dia dr nol tp setelah sukses selingkuh dan sok jd penguasa ke istri ya..,0.0,False
negatif,sedih ya sekarang ngamen kawinan orang mantan istri mahhhh pesawat jet bhay pelakor n botakbego,Sedih ya skrg ngamen di kawinan org .. mantan istri mahhhh naik pesawat jet .. bhay pelakor n botakbego ??????,0.0,False
negatif,username heeehh kamu pelakornya yaaaakkk ngapa kamu emosi situuu kenal saya kalau berani pakai akun asli pantes pakai akun bodong ngerebut laki orang diem2 keceplosan yak pakai bodong terbahak-bahak gueeee lucu kamu,<USERNAME> heeehh lo pelakornya yaaaakkk??? Ngapa lo jadi emosi??? Situuu kenal gw??? Kalo berani pake akun asli dong. Pantes pake akun bodong! Ngerebut laki orang juga diem2. ?????????? keceplosan yak pake aku bodong. Ngakak gueeee ?????????? lucu lo!,0.0,False
negatif,wkwkwkwk sudah tidak laku jadi nyanyi dhajatan si lonte pelakor,Wkwkwkwk udh gak laku lagi jd nyanyi dhajatan si lonte pelakor,0.0,True
negatif,username wakakak cerita seperti gituu pembelajaran saja jangan sampai ni swamik swamik pilih pelakor daripada istri hancuuurr bookk tidak bohong deh kere kismin nyungsep memang yang ngatur rezeki itu tuha,"<USERNAME> wakakak banyak lah cerita kyk gituu, buat pembelajaran aja.. jgn sampe ni swamik swamik lebih milih ke pelakor drpd istri pertama. Bakalan hancuuurr bookk ga bohong deh. Bakalan kere bakalan kismin bakalan nyungsep. Emang yg ngatur rezeki tu tuha",0.0,False
negatif,cwenya yang bodoh cwonya yang pintar ya memang lakinya kaya macho begitu plus nya kayaknya jago gombal maennya gesit ulala ngakakabis,Ini cwenya yg bego apa cwonya yg pinter ya ?! Emg lakinya kaya ?! Atau macho atau apa gitu plus nya ? Kayanya cuma jago gombal ?? atau maennya gesit ?! Ulala #ngakakabis,0.0,True
negatif,username kamu yang bodoh ngapain keluarga depok komen orang yang tidak saja yang hidupnya tidak bahagia yang suka menghujat orang hidup artis ayu berpengaruh kamu memang dasar kamu benci ayu kalau,<USERNAME> lu itu yg bodoh! Ngapain keluarga depok komen org yg gak ada artinya lagi buat mereka??. ..cuma kalian aja yg hidupnya gak bahagia yg suka menghujat orang dan hidup artis ayu terlalu berpengaruh buat lu!!. Emang dasar lu benci ayu..klo,0.0,True
negatif,username mah lihat yang main prasangka mirip elu elu haters mirip dukun dukun titisan dajjal sok pintar otak kosong sorry ye saya bala nabi muhammad yang percaya kalau sudah ditunjukkin 4 saksi bukti kalau,<USERNAME> saya mah lihat yg terlihat jelas.. bukan main prasangka kayak elu.elu itu haters kayak dukun...dukun titisan dajjal .. sok Pinter tapi otak kosong?????? sorry ye.. gue bala Nabi Muhammad yg percaya klo udh ditunjukkin 4 saksi Dan bukti.. klo,0.0,False
negatif,mata aku sepet baca koment fans ubul empang minggir woy bikin rusuh saja nih jaer amis jijik sumpah enji sama cewek tetap saja bala jaer nyampah bikin ribut,Mata ku sepet baca koment fans ubul empang ..minggir woy bikin rusuh aja nih jaer amis jijik sumpah.soal enji sm cewek lain ttp aja bala jaer nyampah bikin ribut .,0.0,True
negatif,sih si enji hartis kah males sekali jijik laki model mah tidak tanggung jwbnya ayu bunting tinggalin anak tidak akuin sekarang anak sudah nongol bilqis cantek eh sampek bini nya ngeposting yang enji kangen anaknya najonggg jijik betoll sudah deh min tidak bahas laki hartis saja tidak panutan yang ambil username,"Ini siapa sih si enji, hartis kah ? Males banget jijik laki model beginian mah gak ada tanggung jwbnya. Ayu bunting di tinggalin anak gak di akuin, skrg anak udh nongol bilqis cantek eh sampek bini nya ngeposting yg seolah enji kangen anaknya. Najonggg jijik betoll.. Dah deh min gak usah di bahas lagi laki macam begini, hartis aja bukan gak ada panutan yg bisa di ambil  <USERNAME>",0.0,True
negatif,username bodoh nya pede bicara yang bilang benar bukti saja kaga kelihatan pintar jatohnya bodoh,"<USERNAME> bego nya lagi pede amat ngomong seolah yg dia bilang paling bener, padahal bukti aja kaga ada. Mau keliatan pinter jatohnya bego??",0.0,True
negatif,bilang enji ganteng bebas slingkuh bodoh kali ganteng pala kamu bau menyan tidak ada ganteng ganteng nya kebanyakan gaya kek mantan bini depok nya,Yang pada bilang enji ganteng bebas slingkuh bego kali. Ganteng pala lu bau menyan. Gada ganteng ganteng nya. Kebanyakan gaya kek mantan bini depok nya.,0.0,True
negatif,sebenarnye cocok enji att gateeeel hahah pantas si tongtong dipertemukan dengan enji sudah hukum alam kalau jodoh cerminan si entong hrsnya bekaca dengan biar sadar tetapi teryata otak 1 m tetap pertahankan jadi sekarang malah guatelnye saja kek enji hah,"Sebenarnye cocok enji sama att, sama sama GATEEEEL hahah pantesan si tongtong dipertemukan dgn enji, udh hukum alam klw jodoh kita cerminan diri kita, nah si entong hrsnya bekaca dgn masa lalu biar sadar tp teryata otak 1 M tetep mau di pertahankan jd skrg mlh menjadi jadi guatelnye, sama aja kek enji, hah",0.0,False
negatif,username oalaahhh saja pelakor laki nya juga kegatelan tetapi namanya laki kucing kasih ikan jaer gratis ya tidak tolak wkwkkwkw,"<USERNAME> oalaahhh,, semakin banyak aja pelakor ?? laki nya jg kegatelan, tp namanya laki ibarat kucing di ksh ikan jaer gratis ya kga nolak wkwkkwkw",0.0,False
negatif,laki2 ya sis suka pecun2 murahan prempuan baik2 berjilbab atau pintar enji2 downgrade sih pedangdut kelas prempuan berjilbab ehh pilih pecun jeleknya seleramu,"Begitulah laki2 ya sis, lebih suka pecun2 murahan, daripada prempuan baik2 berjilbab ato pintar. Enji2, kok downgrade sih? Dari pedangdut naik kelas prempuan berjilbab ehh milih sama pecun lagi.. jeleknya seleramu",0.0,True
negatif,motorninja saja songong mba orang yang mobil lamborgini saja wae,Motorninja aj songong amat mba org yg punya mobil lamborgini aj biasa wae kok ????????,0.0,False
negatif,goblok saya nonton berkali kaget,GoBlOk ?????? gua nonton berkali≤ kaget juga ??,0.0,True
negatif,tidak usa pakai anjing babi kalau saya balas begitu wkwk,"Ga usa pake anjing, babi!! ?????? kalo gw bls gitu wkwk",0.0,True
negatif,oh kemarin menghargai karya orang bilang jelek sekali aduh penganten perempuan nya kekenyangan yah sampai kembung begitu perut nya pepuralugu,Oh ini toh yang kemaren TIDAK MENGHARGAI KARYA ORANG DAN SEENAKNYA BILANG JELEK BANGET... Aduh itu penganten perempuan nya KEKENYANGAN yah... Ampe kembung gitu perut nya... #pepuraLuGU,0.0,False
negatif,percaya gimik raffi gigi dan att att peserta keluarga hujad dan anak nya hujad kesini penonton bodohin publik yang kasihan penghujad tidak ayu tidak pesbukers biar ngeluarkn album single artis halan nengri gimik yoo,"Dari awal percaya gimik Raffi gigi dn att...sehingga att peserta keluarga di hujad dn anak ny...di hujad ...semakin kesini penonton semakin di bodohin?? semakin publik tertuju mereka ??????yg kasihan para penghujad ....ga apa"" lah ayu ga ada di pesbukers biar dia ngeluarkn album"" baru single baru setelah para artis halan"" keluar nengri gimik"" apa lagi yoo",0.0,False
negatif,kalau benar gimmick bodoh sekali si ayu rating n popularitas berani taruhin harga nilai buruk mata masyarakat,"Kalo bener gimmick, bodoh banget si ayu cuma demi rating n popularitas berani taruhin harga dirinya buat di nilai buruk oleh mata masyarakat ????",0.0,True
negatif,susah otaknya diemvang mah bikin rusuh dilapak orang,Susah otaknya diemvang mah bikin rusuh dilapak orang,0.0,False
negatif,najiiisss mirip si mba dese tidak begitu ajaaa hahahahaha maling teriak maling ngaca buuuuuk,najiiisss kayak si mba dese ga gitu ajaaa. hahahahaha maling teriak maling. ngaca buuuuuk,0.0,False
negatif,username iyak kaa hahahahah geli sangat gasih att ih kampung habis,<USERNAME> IYAK KAA HAHAHAHAH geli bgt gasih sama att ih kampung abis:(((,0.0,False
negatif,jogetnya bikin ngakakkk anjirrrr kampungan sekali username username,"JOGETNYA BIKIN NGAKAKKK ANJIRRRR, KAMPUNGAN BANGET??????  <USERNAME>  <USERNAME>",0.0,True
negatif,bagus la saya otak tidak mirip kamu malu maluin mak kamu saja tong akun asli pakai itu yang namanya bodoh username,Bagus la gue berarti ada otak gak kayak lu malu maluin mak lu aja tong akun asli di pake tu yg namanya bego!  <USERNAME>,0.0,True
negatif,yang bodoh mah elu sih yang kasih contoh buruk anaknya pakai mata kamu memang dugem bawa anak bodoh sih _ jaman sudah texas saya jamin dijaman anaknya juga sudah texas selagi tidak ngerugiin kamu yaudah sewot sekali,"Yg bego mah elu, ibu mana sih yg mau ngasih contoh buruk ke anaknya , pake mata lo, emg ada di dugem bawa anak , bego sih -_- jaman udah texas , dan gue jamin dijaman anaknya jga pasti udh lebih texas . Selagi ga ngerugiin lo yaudah . Sewot banget .",0.0,True
negatif,si wanita jahiliyah lesbi sekarang sudah py pacar lagi kasihan anaknya kemarin kasih bencana slnya tega misahin anak dari nya ktakutan anak nya masuk islam padahal bp nya tidak pernah nuntut anaknya memeluk islam sudah kasih nikmat anak 3 orang masih saja begajulan,"Si wanita jahiliyah.. Lesbi , skrg udh py pacar lg. Kasian anaknya. Kmrn di ksh bencana slnya dia tega misahin anak dr bapak nya, dia ktakutan anak nya masuk islam pdhl bp nya g prnh nuntut anaknya memeluk islam. Udh di ksh nikmat anak 3 org, msh aja begajulan.",0.0,True
negatif,username saya memang kador artis benar komen kamu tolol sumpah kenal nilai artis hahaha orang indo juga setuju kalau kador artis tetapi celebgram dari kampung kamu tahu bedanya artis dengan selebgra,<USERNAME> gw tanya. Emang kador artis beneran? Komen lo tolol sumpah. Masa harus kenal dia buat nilai dia artis atau bukan. Hahaha semua org indo jg pasti setuju kalo kador bukan artis tp cuma celebgram dr kampung. Lo tau kan bedanya artis dg selebgra,0.0,True
negatif,username hahahaaaa terus saya kamu tolol pakai tanya kador bencong tidak belum kenal wkwkwkwkw eh orang juga nilai si kador bencong benar dari gerak gerik melambay suara ngondek pakai baju cewek nyaman cowok itu,<USERNAME> hahahaaaa trs gue tanya. Lo tolol? PAke nanya kador bencong atau ngga padahal blm kenal wkwkwkwkw. Eh semua org jg bisa nilai si kador bencong beneran dr gerak gerik melambay suara ngondek dan pake baju cewek begitu nyaman. Mana ada cowok tu,0.0,True
negatif,username maklumin shaaay fans gatis keras otaknya bebel realita juga tidak terima halnya nagita artis sudah dari jaman eh bilang numpang tenar rapi mamad padahal yang jadi si mamad gede y ph n,"<USERNAME> maklumin shaaay... Fans gatis keras itu otaknya bebel, realita seperti apa jg ga bakalan dia terima... Seperti halnya nagita itu artis uda dr jaman dia kecil eh di bilang numpang tenar ke rapi mamad,pdhl kan yg jadiin si mamad gede y PH n",0.0,False
negatif,username bee idih najong kamu tag2 orang nimbrung saja kek mujaer kamu tidak terkenal kalau tidak bawa2 nama ayu ting ting sama nagita duh bodoh dipiara kasihan,<USERNAME>.bee idih najong lu tag2 org! Nimbrung aja kek mujaer lo! Dia ga bakal terkenal klo ga bawa2 nama ayu ting ting sm nagita! Duh bego dipiara! Kesian,0.0,True
negatif,langsung bilang yang maksud kalau gini namanya munafik,"langsung saja bilang siapa yg di maksud, klu gini namanya MUNAFIK!",0.0,True
negatif,jedar memang muka 2 kali di depan di belakang busuk mulutnya kek banci cucoklah 2 banci itu,"Jedar emg muka 2 kali, didepan baik, dibelakang busuk, mulutnya kek banci cucoklah 2 banci tu",0.0,True
negatif,amit amit deh orang jahat penjilat pembohong pelakor jijik sekali,AMIT AMIT DEH ORANG JAHAT... PENJILAT PEMBOHONG PELAKOR JIJIK BANGET,0.0,True
negatif,wkwkwkwk ya allah ya tuhan aku kenapa orang-orang munafik ni tetapi sok suci mulan jamela ayu ting2 ngikuti jejak a wkwkwk username,"Wkwkwkwk... Ya Allah ya Tuhan ku knp lah org2 munafik ni tp sok suci, mulan jamela kan ayu ting2 ngikuti jejak a bukan? Wkwkwk  <USERNAME>",0.0,True
negatif,dulu si pelakor yang sombong karena brhasil mendapatkan si botak sampai mnceraikan bunda maya sekarang hdp nya mkin anjlok bunda maya yang sering jelong2 kluarnegri,"Dlu si pelakor ini yg sombong krn brhasil dapetin si botak smpe mnceraikan bunda maya,skrg hdp ny mkin anjlok malah bunda maya yg sring jelong2 kluarnegri..??????",0.0,False
negatif,hahhahaha sesungguhnya allah swt melaknat wanita perebut pezina suami sah oranglain,Hahhahaha dan sesungguhnya allah swt melaknat wanita perebut dan pezina dengan suami sah oranglain ????????,0.0,False
negatif,w lina2706 hemmmm capekmiskin sist sekarang balik kere lagi jadi artis juga tidak laku sudah karma itu username dari sirik nyinyirin nyonya tuh bantuin jualan cireng nya tuh cilok nya tuh untunnya liburan monaco bromo terus,"@w.lina2706 hemmmm capekmiskin sist, skrg blik kere lg jd artis jg g laku, dah lah karma tu pasti ada...  <USERNAME> dr pada sirik nyinyirin nyonya, tuh bantuin jualan cireng nya tuh, cilok nya tuh untunnya buat liburan monaco, jangan bromo trus",0.0,False
negatif,kepo sama nyonyiah kamu jongos username memang tetehlu pas hamil peak sudah dinikahin brojol anak baru sirih memang lonteeeee kelas akun jamahliur junjungan hehe,Kepo juga sm nyonyiah lu jongos  <USERNAME> emng tetehlu pas hamil peak udeh dinikahin ?? Brojol anak br di sirih EMNG LONTEEEEE kelas akun jamahliur dan junjungan hehe ??????,0.0,False
negatif,eh jongos cba saya duluan yang tanya sama kamu memang nyonyiah gembar gembor sudah nikah adakah nyonyiah ngaku sudah nikah dari tetehlu yang lonte perek brojol ngaku nikah siri sama laki nyonyiah hamidun sapeak anak ilegal dibilng fitna keji haha lonte menolak lupa xixix username,"Eh jongos cba gue duluan yg nanya sm lu .. emng nyonyiah ada gembar gembor udah nikah.. adakah nyonyiah ngaku udeh nikah ???? Dr pada tetehlu yg lonte perek itu tiba"" brojol dan ngaku nikah siri sm laki nyonyiah dan hamidun sapeak anak ilegal dibilng FITNA KEJI haha lonte menolak lupa xixix ??????  <USERNAME>",0.0,True
negatif,username saya currr ya bunmai sudah nikah tetapi janda janda suami nya rampas mulan jameela menjijikkan sekali ya mulan jameela sebelum rumah tangga bunmai hancur sudah berani bilang dani suami aduha sudah wanita be,"<USERNAME> sini gua jawab currr ya bunmai sdh pernah nikah Tp sekarang janda dia janda karena suami nya di rampas Mulan jameela,menjijikkan banget ya Mulan jameela sblm rmh tangga bunmai hancur sdh berani bilang Dani suami bersama aduha udh wanita be",0.0,False
negatif,w lina2706 username lucu saja ya sist lonte bela2 mati2an guoblok pelihara bayar begitu muljamban sampai bikin account username maia nikah belum nikah urusan situ nyinyirnya sirik nya,"@w.lina2706  <USERNAME> lucu aja ya sist, lonte di bela2 mati2an... Guoblok di pelihara, di bayar berapa gt sama muljamban, sampe bikin account  <USERNAME> mau maia nikah atau blm nikah apa urusan situ, kelihatan nyinyirnya sirik nya. Sekarang balik",0.0,True
negatif,yaela muljem seperti stu benar saja gag ingat sudah ngrusak kbhagian klwrga orang bodoh di prtahanin y gini,"Yaela muljem kyak stu bner aja. Gag inget apa udh ngrusak kbhagian klwrga org. Bego d prtahanin y gini ini,",0.0,True
negatif,lakik suka banci banci kawinin banci jijik,Banyak lakik doyan banci! Jadi banci & kawinin banci.... jijik!,0.0,True
negatif,username comment yang lihat berapa pengguna medsos yang bodoh bunyi situ sehat pakai hijab masi nyinyir saja,"<USERNAME> itu comment yg tidak anda lihat, ada brp banyak. Jangan jadi pengguna medsos yg bodoh jangan asal bunyi. Situ sehat pakai hijab masi nyinyir aja??",0.0,True
negatif,username malu tuh kerudung kamu sayang ibadah nya sholat saja daripada nyinyirin orang dandanan sudah sok suci mulut nya kaya sampah,"<USERNAME> malu tuh sama kerudung lu sayang, sama ibadah nya. Sholat aja drpd nyinyirin org dandanan udh sok suci mulut nya kaya sampah??",0.0,True
negatif,username tolong baca arti dari comment sudah kerdus bodoh lagi bilangin orang tua nya besok kalau masak pakai mecin jadi sudah kerdungab tidak sesuai mulut besok makan salmon kalau tidak besok deliv rumahmu,"<USERNAME> tolong di baca arti dr comment saya, udah kerdus+bodoh lg bilangin org tua nya besok kalo masak jangan pakai mecin, jd udah kerdungab ga sesuai mulut. Besok makan salmon kalo g mampu besok aku tak deliv ke rumahmu .",0.0,True
negatif,maaf mukanya jelek attitude nya buruk spesialis plagiat ketauan,"Maaf mukanya jelek terus attitude nya buruk,,spesialis plagiat,,dan ketauan pula ,,,",0.0,False
negatif,orang otaknya tidak sekolahin ya resiko sudah upload sosmed ya dapat perbincangan netizen public figure tidak otaknya,"ini orang otaknya ga pernah di sekolahin ya? itu resiko ketika udah upload sesuatu di sosmed, ya pasti bakal dapet perbincangan dari netizen. public figure kok ga ada otaknya.",0.0,False
negatif,artis kampungan wkwk,Artis kampungan wkwk,0.0,True
negatif,iyaaa saya pacaran sudah nikah tidak senorak eloo tidak risih memang jangan aplod perhatiin followers kamu yang lumayan tar terbawa norak,"Iyaaa gue pernah pacaran? Udah nikah malah, tapi gak seNORAK eloo.. Gak risih emang? Jgn asal aplod, Perhatiin followers lu yg lumayan banyak itu, tar kebawa norak.",0.0,False
negatif,y ampun pnyanyi dangdut tenar songong bangt bacotnya ingin cari sensasi kmpungan bangt deh amit amit bool ko di instastory,y ampun pnyanyi dangdut kurang tenar songong bangt BACOTNYA ??pngn nyari sensasi tapi kmpungan bangt deh amit amit bool ko d instastory,0.0,False
negatif,waaaaoooo sopan bahasami kelasmu heeeehh yang repot ama hidup kamu siapahh elu live nampilin hal2 tidak yang nggilanikk menjijikkan diliat orang ya pantes dikomen kalau tidak mau dikomen videoin pribadi saja nonton kamu ama keluarga kamu rumah tambah niy ertong yang tidak punya attutude kampungan,Waaaaoooo..sopan sekali.. bahasami menunjukkan kelasmu !!! Heeeehh.. yg repot ama hidup lu siapahh ?? Elu live nampilin hal2 gak penting..yg nggilanikk.. menjijikkan..diliat org banyak.. ya pantes lah dikomen..klo gak mw dikomen videoin pribadi aja.. nonton sendiri lu ama kluarga lu di rmh.. nambah lagi niy ertong yg gak pny attutude!! Kampungan!!,0.0,True
negatif,norak sih mirip tidak malunya kalau bilang terserah ya sudah simpan fotonya tidak dibagi kesemua orang dipamer ke mana resikolah dinyinyiri orang insecure sekali kudu ya pamer2 begitu biar orang ngerti kalau si mbaknya sudah py pacar yang dipamer2 pantatnya kampung sangat,"Norak sih,kayak ga ada malunya.kl dia bilang terserah dia,ya udah,simpan fotonya.gak perlu dibagi kesemua orang.lah ini dipamer kemana,resikolah dinyinyiri orang.Insecure banget,kudu ya pamer2 gitu biar semua orang ngerti kl si mbaknya udh py pacar yg bisa dipamer2 pantatnya?Kampung bgt",0.0,False
negatif,kok marah sehhh dasar wanita kampungan,Koq marah sehhh???dasar wanita kampungan...??,0.0,True
negatif,kampungan artis yang numpang tenar gara2 mukanya katy perry doangö,Kampungan.... Artis yg numpang tenar gara2 mukanya mirip Katy Perry doangÖ,0.0,True
negatif,susah kalau artis kampung,Susah kalo artis kampung,0.0,False
negatif,ah min saya lama2 tidak suka akun nih berita nya basi kamu liat min si kellen amora datang pakai jingkrak2 kamu saring min biar berita nya tidak blunder kamu posting itu kd sudah posting videon kellen ma amora joget2 ma si arsya arsyi,"Ah min, gue lama2 gak suka sama akun ini nih! Berita nya basi! Lo liat dong min.. itu si kellen sama amora lagi dateng.. pake ikut jingkrak2 kok!! Lo saring dulu dong min.. biar berita nya gak blunder.. lo posting juga tu KD udah posting videon kellen ma amora lagi joget2 ma si arsya arsyi!!",0.0,False
negatif,username iya kamu bening kelewat bening buluk ya mbak mbaknya telan apasih komen kaya gini kesurupan,"<USERNAME> iya""km bening, kelewat bening jadi buluk kan ya mbak ?? mbaknya baru nelen apasih komen kaya gini? Apa baru kesurupan ?",0.0,False
negatif,sekeluarga ngefans kagum lihat username nya deh lihat anak nya yang jelek buluk username hermansyah username kutuk yang menimpa bunda kd untung allah swt menggantikan amora adik nya gemezzzzzzz lihat nya cocok sekali anak artis class bunda kd,"kita sekeluarga sangat ngefans dan kagum lihat  <USERNAME> semua nya deh.tapi lihat anak nya yg jelek,buluk kan.  <USERNAME>.hermansyah  <USERNAME> kutuk kan apa yg menimpa bunda KD untung Allah swt sudah menggantikan amora dan adik nya.gemezzzzzzz lihat nya cocok banget jadi Anak artis se class bunda KD ??????",0.0,False
negatif,memang dasar si anak nya saja yang lebay urusan pribadi umbar biar blow up hadehh gunanya whatsapp sms or telp suka aneh,Emang dasar si anak nya aja yg lebay....urusan pribadi di umbar..biar di blow up... hadehh..gunanya whatsapp sms or telp buat apa..suka aneh....,0.0,False
negatif,coba liat bibir mu sayang pantat ayam wajah mu bulukan kentut perfectoooo,"Coba liat bibir mu sayang, seperti pantat ayam. Wajah mu bulukan seperti kentut?? perfectoooo?",0.0,True
negatif,gagal fokus dengar suaranya kok jengkel ya dengernya sorry hanya manusia kalau jengkel,Gagal fokus dengar suaranya.. koq jengkel ya dengernya... sorry cuman manusia biasa kalo jengkel????,0.0,False
negatif,muljem bicara tidak blepotan tidak nyadar hidup enak saja pakai rebut laki orang,"Muljem ngomong gak jelas blepotan, gak nyadar mau idup enak aja pake rebut laki orang dulu",0.0,False
negatif,lucu ya si yang bikin kata2 bawa2 tuhan sudah kepepet tidak tahu orang yang merusak rumah tangga orang merobohkan bangunan masjid mbak nya bayangin saja nya dosa mu nasi sudah jadi bubur mba nya semoga bahagia dunia,??lucu ya si yg bikin kata2.bawa2 Tuhan.kalau dah kepepet. Masa dia ga tau ibarat apa org yg merusak rumah tangga org.ibarat merobohkan bangunan masjid mbak nya.bayangin aja seberapa besar nya dosa mu.nasi dah jdi bubur mba nya moga bisa bahagia di dunia.??,0.0,False
negatif,iyah benar merubah pandangan tuhan elu setan mikirrrr suami majikan diembat,Iyah bener. Tidak Akan merubah pandangan Tuhan terhadap Kita. Terutama elu Setan!! Makanya mikirrrr.. suami majikan kok diembat!!,0.0,True
negatif,gilingan mulan jalang lagi kasih ceramah hahahaha dasar cireng tidak tahu tidak ngaca si cireng lagi ceramah sok2 seperti pahlawan kesiangan biar berteman ama sekuter seperti selpii,Gilingan mulan jalang lg kasih ceramah. Hahahaha . dasar cireng gak tau diri gak pernah ngaca. Si cireng lg ceramah sok2 kyk pahlawan kesiangan biar bisa berteman ama sekuter kyk selpii ini.,0.0,False
negatif,ya pandangan tuhan kamu jelek sih saya perebut suami orang tuh mulia dimata tuhan,"Ya pandangan Tuhan terhadap lo juga jelek sih gue rasa, dikira perebut suami orang tuh mulia apa dimata Tuhan?????????",0.0,False
negatif,karena sejatinya kamu setan berwujud manusia karena pekerjaan setan ya menggoda manusia,"Karna sejatinya kau adalah setan berwujud manusia ,,karna pekerjaan setan ya menggoda manusia ????",0.0,True
negatif,tidak mba username baca netizen yang menyesal tidak bisa nimpuk telur si mulan saya saja tertawa bacanya karena terwakili ya ngapain buang2 waktu ketemu orang tidak mutu dengan si mulan masih untung nyempet2in bisa nuli biar nyadar tuh pelakor tidak harga mending ketemu orang baik2 seperti bunmai ketularan aura positifnya,Pernah ngga mba  <USERNAME> baca ada netizen yg nyesel ga bs nimpuk telor ke si mulan..gw aja ketawa bacanya krn terwakili. Ya ngapain buang2 wktu ketemu orang gak mutu dng si mulan...msh untung nyempet2in bs nuli? disini biar nyadar tuh pelakor ga punya harga diri. Mending ketemu org baik2 spt bunmai...ketularan aura positifnya.,0.0,False
negatif,editanx paraaaahh oplas saja laaah nyai daripada ngedit2 gn hahaa kan maluuu,Editanx paraaaahh...oplas aj laaah nyai drpd ngedit2 gn hahaa kn maluuu,0.0,False
negatif,jelek lecek bantet,"jelek,lecek,bantet ??????",0.0,False
negatif,gini pengen tenar ya ampuuun malu kalau anaknya yah kasihan,Gini amat pengen tenar ya ampuuun...malu kalo jadi anaknya yah kasian,0.0,False
negatif,heran saya mak username kenapa saja pakai ma an v pesbu r nya bederet skandal bertubi2 tidak malu nya muka tembok tidak faedah nya nonton acara yang si manusia kardus,"Heran gw mak  <USERNAME> knp dia masih aja di pake ma AN*V di pesbu**r. Kasus ny bederet, skandal bertubi2.... Gk ada malu ny ?? muka tembok ?? sangat gak ada faedah ny nonton acara yg ada si manusia kardus ini ??",0.0,False
negatif,wey orang goblok bedain vape shisha sama rokok kamu merokok pakai acara tidak ngaku,"wey org goblok juga bisa bedain vape, shisha sm rokok. jelas jelas lo ngerokok pake acara ga ngaku segala",0.0,True
negatif,jijik liatnya kaya ulet bulu kluget2 begitu hihihi sampai sgitunya pengen terkenal,Jijik saya liatnya...kaya ulet bulu kluget2 gitu...hihihi..ampe sgitunya pengen terkenal...!!,0.0,True
negatif,jablay anjir mukanya murahan bangetttt najisss,Jablay anjir mukanya... Murahan bangetttt najisss,0.0,True
negatif,username alycia iya sist jijik sekali saya liatnya sok suci ngatain orang kalau saya sih malulah artis papan otak tidak fikir kalau bicara ketauan sangat tidak ada wibawanya kalau memang nyadar tahu berkomentar manusia tidak ada yang,"<USERNAME>.alycia iya sist jijik banget gw liatnya sok suci ngatain orang kalo gw sih malulah artis papan atas tapi otak gak di fikir kalo ngomong ,ketauan bngt gada wibawanya kalo emang dia nyadar dia siapa seharusnya dia tau cara berkomentar manusia gada yg",0.0,True
positif,sabar yaa insya allah pembuka pintu syurga penghalang api neraka orang tuanya,yang sabar yaa.. insya Allah menjadi pembuka pintu syurga dan penghalang api neraka bagi kedua orang tuanya,1.0,False
positif,lagu barunya mbak tata kisah rumah tangga mbak tata mbak tata benar-benar sayang get suaminya syukur baikan semoga awet,Lagu barunya mbak tata kan kisah nyatanya rumah tangga mbak tata.... jadi rasanya mbak tata bener2 sayang get sama suaminya... syukur kalau baikan.... semoga awet...,1.0,False
positif,yang komen si mbak tidak sedih ketawa2 ya iyalah kalau sudah disakiti sama pasangan sampai berlarut2 ngapain sih sedih sampai depresi serahin sama allah saja bawa happy saja mski sakit si mba senyum2 wajahnya tetapi hatinya tahu senyumannya bisa jadi menetralisir kondisi hatinya yang lagi terpuruk pepatah bilang kalau bahagia jangan trllu bahagia kalau sedih jangan trllu sedih diimbangi saja biar tidak gila,"Yg komen kenapa si mbak ini ga sedih malah ketawa2.. ya iyalah klo kita dah disakiti sm pasangan smpe berlarut2 ngapain juga sih kita sedih ampe depresi segala.. serahin sm Allah aja..bawa happy aja mski sakit.. lagian si mba senyum2 di wajahnya tp hatinya mana tau kan... senyumannya bs jd buat menetralisir kondisi hatinya yg lg terpuruk... ada pepatah bilang ,, klo bahagia jgn trllu bahagia, klo sedih juga jgn trllu sedih... diimbangi aja biar ga gila ??????",1.0,True
positif,suka sekali pasangan semoga gigi raffi keluarga sakinnah mawaddah warrahmah semoga pihak2 memisahkan jodoh maut memisahkan amin,"Suka banget sama pasangan satu ini. Semoga gigi dan raffi menjadi keluarga sakinnah, mawaddah, warrahmah. Semoga tidak ada pihak2 yang ingin memisahkan mereka. Jodoh sampai maut memisahkan. Amiin",1.0,False
positif,jemima anak angkat celine eleeya anak hubungan celine dirly terharu tahu jemima anak panti asuhan rawat wajar stefen pilih celine karena hatinya,"Jemima kan anak angkat celine, eleeya anak hubungan celine dan dirly. Dan saya terharu saya tau kalau jemima adalah anak panti asuhan yang dia rawat. Dan wajar kalau stefen lebih pilih celine karna hatinya baik",1.0,False
positif,lucu yang bilang stefan menghabiskn muda wkwk umurnya mah tidak muda mukanya saja yang baby face bersyukur bonus celinenya dulu mantannya begimane dibawah umur ude pacran mcam laki bini hiks selepas itu deh susah mengambil keputusan kaya stefan tipical cowok yang tnggung jwabnya,Lucu yg blg stefan menghabiskn masa muda wkwk.umurnya mah gak muda mukanya aja yg baby face. Bersyukur.bonus buat celinenya?? lah dlu mantannya begimane. Dibawah umur ude pacran mcam laki bini. Hiks. Selepas tu yakin deh susah mengambil keputusan kaya stefan. Tipical cowo yg tnggung jwabnya tinggi,1.0,False
positif,yang bawa2 keenan raisa sudah berbahagia ngedapetin suami super ngemong mature kaya hamish raisa dewasa banding wanita seumurannya memikirkan jadi saya raisa hamish sama2 beruntung sepasang suami istri tidak tuh gagal move on so congratz raisa hamish semoga pernikahannya sakinah mawadah warahmah,Dan lagi ada yg masih bawa2 keenan ????. raisa udah paling berbahagia ngedapetin suami yang super ngemong dan mature kaya hamish. Raisa itu cukup dewasa di banding wanita seumurannya yang masih mikirin dirinya sendiri. Jd menurut gue raisa dan hamish sama2 beruntung bisa menjadi sepasang suami istri. Ga ada tuh gagal move on ???????? so congratz raisa dan hamish. Semoga pernikahannya sakinah mawadah dan warahmah,1.0,False
positif,raisa cantik yaaa artis tidak menonjolkan kalau nikah tuh mewah sudah cantik sederhana sempurna sangat,"Raisa cantik yaaa, meskipun artis tapi ga menonjolkan kalo nikah tuh harus mewah, udah cantik, sederhana, sempurna bgt,",1.0,False
positif,karena orang syudah cantik tidak dandan heboh untuk membuatnya cantik makeup simple begitu saja mempesona bikin hamish klepek2,"Karna orang yang syudah cantik, ga perlu dandan heboh utk membuatnya terlihat cantik.. dengan makeup yang simple gitu aja sudah mempesona?????? bikin hamish klepek2",1.0,False
positif,bagus mencari ilmu di mana pun suaminya orang berpendidikan,Bagus dong.. mencari ilmu kapanpun dimanapun.. itu karena suaminya orang berpendidikan ????????????,1.0,False
positif,sukak cewek cantik kmauan blajarnya,Sukak cewe cantik dan kmauan blajarnya tinggi ???,1.0,False
positif,yaampun artis benar benar good attitude layak panutan saja kuliah negeri tetapi karena baktinya suami pilih kuliah wilayah suaminya salut sekali,"Yaampun ini artis bener bener good attitude yang layak jadi panutan. Dia kan bisa aja kuliah di luar negri. Tp karna baktinya sama suami , dia pilih kuliah di wilayah dekat suaminya . Salut banget",1.0,False
positif,semangat batman username va support kamu karena manusia kesalahan tolong bahas pliis karena sudah 2,"Semangat batman  <USERNAME> kita VA selalu support lu karna setiap manusia pasti pernah punya kesalahan ???????? ,, dan buat yang lain tolong jangan di bahas lagi pliis karna itu udah 2 tahun yang lalu ????",1.0,False
positif,username y sudah salam kenal y mbk senang kenal sama mbk sebagai manusia ingatkan y sebagai manusia harus tahu jangan sombong yang digedein mentang2 sudah jadi artis haha y sudah mbk cabut ja y dari komen di foto ni nnt jadi korban dia sel,<USERNAME> y udh .salam knl y mbk seneng bisa knl sm mbk. Sbagai manusia kita saling ingetin.y sbagai manusia kita hrs tau diri jgn sombong yg digedein mentang2 dah jd artis haha..y udh mbk kita cabut ja y dri komen d foto ni nnt kita jd korban dy sel,1.0,False
positif,keren yaaa kesederhanaannya terpancar sukak sama keluarga presiden,"keren yaaa, kesederhanaannya terpancar jelas. sukak sm keluarga presiden ini??",1.0,False
positif,presiden embel gelar bangga,"Seorang presiden tanpa embel"" gelar .. bangga sekali",1.0,False
positif,proud of you indonesia god bless indonesia,Proud of you Indonesia. God bless Indonesia,1.0,False
positif,amazing sangat miss national costume kereenn bangga ama budaya indonesia,Amazing bngt Miss National Costume. Kereenn!! Bangga ama budaya indonesia ????,1.0,False
positif,bangga pastinya,Ikut bangga pastinya ??,1.0,False
positif,proud of you kak dea patut dibanggakan,PROUD OF YOU KAK DEA. Sangat patut dibanggakan??,1.0,False
positif,suka sangat sama pidatox dia pembawaanx begitu elegan n brwibawah pntas memang dia mdptkan salut,Suka bgt sm pidatox dy cara pembawaanx bgtu elegan n brwibawah pntas mmg dy mdptkan.salut,1.0,False
positif,percaya kak niki orangnya jujur semangat kak niki hebat,aku percaya kak niki orangnya jujur semangat kak niki???? hebat,1.0,False
positif,username m mba saya juga tidak benci nikmir salut ama tidak muna artis maaf image saja depan sok sok teraniaya n jual air mata nikita real sygnya msyarakat cendrung yang yang superfisial,"<USERNAME>.m sama Mba! Gua jg ga bisa benci Nikmir. Salut malah ama dia ga muna! Artis lain maaf image aja di dpan, sok baik, sok teraniaya n jual air mata. Nikita ini real.. sygnya msyarakat kita cendrung yg dilihat apa yg ada di superfisial",1.0,False
positif,cantik alami bedak tebel gaya bak tante2,cantik alami tanpa perlu bedak tebel dan gaya bak tante2,1.0,False
positif,cantik gagah mudahan lancar dampe h,Cantik dan gagah mudahan lancar dampe hari h,1.0,False
positif,cantik penampilannya dewasa sesuai mukanya cantik indonesia classy ayu ayu gimana begitu,"Cantik yang ini dong,penampilannya dewasa yang sesuai. Mukanya cantik Indonesia,classy. Ayu ayu gimana gitu.",1.0,False
positif,lcb cantikk lcb beruntung dapat duren duren beuntung dapat neng lcb sakina mawaddah warahmah amin,"Lcb cantikk sangat??, lcb beruntung dapet duren dan duren pun beuntung dpt neng lcb. Sakina mawaddah warahmah Amin",1.0,False
positif,ganteng berseragam ganteng panutan keluarganya semoga anak memiliki fisik elok mahluk allah ni,"dia ganteng tidak hanya saat berseragam, tapi ganteng saat menjadi panutan keluarganya.. semoga anak saya memiliki fisik yang elok macam mahluk Allah ni",1.0,False
positif,beruntung sekali deh mba username dapat mas username ganteng sholeh sayang keluarga suami idaman sekali semoga keluarga samawa,"Beruntung banget deh mba  <USERNAME> dapet mas  <USERNAME>. Ganteng,baik,sholeh,sayang keluarga.ini suami idaman banget.semoga selalu menjadi keluarga yang SAMAWA",1.0,False
positif,semoga mas agus pemimpin salah pemimpin yang sukses sukses dalam memimpin dalam rumah tangga,Smoga mas Agus menjadi pemimpin di masa akan datang.salah satu pemimpin yg sukses adalah dia sukses dlm memimpin dlm rumah tangga,1.0,False
positif,dear bapak username cara berpakain bapak mencerminkan kepribadian bapak yang sangat lembut tetapi gagah semoga bapak username kelurahan dalam lindungan allah swt salam hormat dari yang mengagumi bapak,"Dear...Bpk  <USERNAME> cra berpakain bpk sangat lah mencerminkan kepribadian bpk yg sngt lembut tpi tetap gagah semoga bpk  <USERNAME>&kel selalu dlm lindungan allah swt, salam hormat dri saya yg selalu mengagumi bpk :-)",1.0,False
positif,sukses kak ayu semoga senantiasa naungan allah swt sehat amin,"Sukses terus kak ayu dan semoga selalu senantiasa dalam naungan Allah SWT, dan sehat selalu amin...",1.0,False
positif,semoga kesehatan umur yah nek muda sekali cantik mashaallahhh,"Smg selalu di berikan kesehatan dan panjang umur yah nek ,muda banget cantik dan MashaAllahhh",1.0,False
positif,terima kasih username keluarga memilih plataran darmawangsa acara keluarga staff plataran darmawangsa terkesan menunggu kedatangan keluarga sehat keluarga amin amin ya rabbi,Terimakasih Ibu  <USERNAME> serta seluruh keluarga telah memilih Plataran Darmawangsa sebagai tempat acara keluarga Besar. Saya selaku bagian staff di Plataran darmawangsa sangat terkesan dan sangat menunggu kedatangan Ibu dan keluarga di lain waktu. Sehat selalu Ibu dan keluarga. Amin amin ya rabbi,1.0,False
positif,salam dirgantara terima kasih mendukung menyebarkan awareness terkait program pesawat r80 semoga momen emas titik kebangkitan industri pesawat terbang indonesia berjaya eyang habibie yuk satukan langkah terbangkan pesawat r80 langsung klik link bio yaaa,"Salam Dirgantara! Terima kasih telah mendukung dan menyebarkan awareness terkait program pesawat R80. Semoga momen emas ini menjadi titik awal kebangkitan industri pesawat terbang Indonesia agar kembali berjaya. Bersama Eyang Habibie, yuk kita satukan langkah terbangkan pesawat R80. Caranya? Langsung klik link di bio kami yaaa ????",1.0,False
positif,semangat ya eyang habibie sehat dalam lindungan allah ambisinya kuat dalam kereeeennnnn semoga banyak penurus2 bangsa seperti eyang habibie,"Semangat ya eyang habibie, sehat selalu, selalu dlm lindungan Allah, ambisinya selalu kuat dlm melakukan segala hal. Kereeeennnnn. Semoga bnyk penurus2 bangsa sprti eyang Habibie ????????????????????????",1.0,False
positif,memiliki cucu2 kebahagian yang ternilai cucu sebagai generasi penerus bangsa,"Memiliki Cucu2 merupakan kebahagian yg tak ternilai, cucu sbg generasi penerus bangsa...",1.0,False
positif,wahhh kerenn tempatnya bagus bernostalgia bersmaa keluarga,Wahhh Kerenn..... dan saat ini tempatnya semakin bagus Ibu. Kapan kapan Bernostalgia di sana lagi bersmaa keluarga ??????,1.0,False
positif,cantik ganteng ganteng sehat bu ani sekeluarga,Cantik dan ganteng-ganteng. Sehat selalu untuk mereka dan Bu Ani Sekeluarga ????,1.0,False
positif,barakallah cucu2 yang cantik ganteng semoga anak yang sholeh sholeha kebanggaan kelg,Barakallah dengan cucu2 yg cantik dan ganteng ... semoga menjadi anak yg sholeh dan sholeha ... menjadi kebanggaan kelg...????,1.0,False
positif,bu username cucu bikin hati gembira ngangeni kadang kangen keceriaan salam kangen cucu2 tercinta,Bu  <USERNAME>...cucu bikin hati kita gembira...ngangeni...kadang kangen sama keceriaan mereka...salam kangen buat cucu2 tercinta,1.0,False
positif,lucu ganteng parah gede pinternya tidak ketulungan salam hormat bu,"Yang kecil lucu, yang tengah ganteng parah, yang gede pinternya ga ketulungan, salam hormat saya bu, pak",1.0,False
positif,terima kasih sby ani yang menemani beliau kontribusinya yang indonesia 10 memimpin semoga bahagia sehat amin,Terima kasih pak SBY & ibu Ani yg selalu menemani beliau..& sudah memberikan Kontribusinya yg sangat Luar biasa kepada Indonesia selama 10 tahun memimpin..semoga selalu bahagia & sehat selalu..amin,1.0,False
positif,caption kali membaca captionnya langsung belajar bahasa inggris terima kasih personal tidak mengenal anie tetapi betapa bangganya anak cucumu kamu didik generasi bangsa mandiri unggul sehat semoga cinta kasih keluarga engkau tebarkan,Setiap caption yang di buat ibu..dan setiap kali saya membaca captionnya secara tidak langsung saya belajar bahasa Inggris ... Terima kasih ibu... Secara personal saya tdk mengenal ibu Anie tp saya yakin betapa bangganya Anak Cucumu bisa lu didik ibu menjadi generasi bangsa yang mandiri dan unggul ... Sehat terus ibu .. Semoga Cinta Kasih dalam Keluarga selalu engkau tebarkan untuk mereka ...,1.0,False
positif,assalamualaikum terhormat salam sekeluarga banda aceh membanggakan keluarga membahagiakan nya sikap etika perilaku keluarga sungguh bijaksana mas agus suami mencalonkan presiden beliau bangga salam hangat perkenalan keluarga ya bu darmanto rapi photo studio,"Assalamualaikum ibu yang terhormat. salam dari kami sekeluarga di banda Aceh. kami semua sangat membanggakan keluarga ibu yang sangat membahagiakan kami bila melihat nya. sikap etika perilaku keluarga ibu sungguh sangat bijaksana apalagi mas agus, ibu.. suami saya terlebih lagi sangat yakin pada saat bapak mencalonkan diri jadi presiden dulu beliau sangat bangga pada bapak salam hangat dan perkenalan dari keluarga kami ya bu (Darmanto Rapi photo studio)",1.0,False
positif,senang liat n bapak sby menikmati tua brsama cucu tercinta sehat terus ya memo n pepo allah swt melindungi memo n pepo n kelurahan kisss,"senang liat ibu n bpk sby menikmati hari tua brsama cucu tercinta ,, sehat trs ya memo n pepo ,,, Allah SWT melindungi memo n pepo n kel #kisss",1.0,False
positif,semangat mebangun indonesia yang maju jokowi,Semangat mebangun indonesia yg lebih maju pak jokowi ????,1.0,False
positif,artis berkualitas wajahnya itulohhh berkualitas sangat hihi cantik bangetsss top deh tidak pakai drama gimick idupnya hihi tajir tetapi sederhana,"Artis berkualitas, wajahnya itulohhh berkualitas bgt hihi.. Cantik bangetsss.. Top deh.. Ga pake drama dan gimick idupnya hihi.. Tajir tp. Sederhana",1.0,False
positif,mba via sptnya siyok kejamnya dunia artis an mudah2an tetap sabar tetap berkarya dengan,Mba via sptnya siyok melihat kejamnya dunia per artis an... mudah2an tetep sabar tetep berkarya dg baik... ????,1.0,False
positif,suka via orang nya jujur kaga gimmick2an hidupnya hitam ya hitam putih ya putih kalau bicara blak2an kalau tidak suka dia bicara jadi tidak pura2 saya sekali sih tidak munafik seperti ajaran orangtua saya suka senyum kepalsuan tidak kaya artis yang onoh noh yang mulutnya lebar kya gorong2 tukang ngibul munfik sangat kalau wartawan juga perilaku ama omongan tidak balance,"Selalu suka sama via,org nya jujur apa adanya kaga gimmick2an hidupnya..hitam ya hitam,putih ya putih..kl ngomong blak2an,kl ngga suka dy ngomong jd ga pura2(gw banget sih),apa adanya ga munafik..sprti ajaran ortu gw..jangan suka memberi senyum kepalsuan????ga kaya artis yg onoh noh yg mulutnya lebar kya gorong2,tukang ngibul,munfik bgt kl ditanya wartawan jg jawabnya,perilaku ama omongan ga balance????",1.0,True
positif,go a head via cuekin saja sudah pergaulan dunia kerja masyarakat pergaulan ertong yang gatal bin sirik kalau liat orang sukses anggep saja kuman tidak dibikin status kesenengan bahan ngetawain tidak,"Go a head Via...... Cuekin ajalah, udah biasa itu dalam pergaulan dunia kerja dan masyarakat biasa, apalagi pergaulan ertong. Pastilah ada yg gatel bin sirik klo liat orang sukses, anggep aja kuman gak usah dibikin status, malah kesenengan mereka ada bahan buat ngetawain. Betul nggak?? ??????",1.0,False
positif,gagah kali abang borisq kalau tidak baca nmx bner2 tidak ngeh kalau itu bang boris,Gagah kali abang borisq ini.. Klo gk bc nmx bner2 gk ngeh klo it bang boris...??,1.0,False
positif,weewww bangga kali aku liatnya bang username pakai baju adat karo syip,Weewww bangga kali ak liatnya bang  <USERNAME> pake baju adat karo.... Syip,1.0,False
positif,bagus sekali baju pengantinya happy weding,Bagus banget baju dan pengantinya happy weding,1.0,False
positif,masyaallah bagus sekali,MasyaAllah . bagus banget ..,1.0,False
positif,gileee suaraaanyaa kereen parah sukak,Gileee suaraaanyaa.. kereen parah.. sukak,1.0,False
positif,keren dari penyanyi aslinya,Lebih keren dr penyanyi aslinya,1.0,False
positif,kereeeeeeeeeeeeeeennn sampai merinding brrrrr,Kereeeeeeeeeeeeeeennn sampe merinding brrrrr,1.0,False
positif,yatuhan suaranyaaaaaaa bagus bangetttttttt,Yatuhan suaranyaaaaaaa bagus bangetttttttt,1.0,False
positif,keren suaranya super merdu coba audisi nyanyi bakatnya bisa tersalurkan,"Keren suaranya super merdu. Coba ikut audisi nyanyi, pasti bakatnya bs tersalurkan",1.0,False
positif,bagus daripada artis yang modal tampang saja padahal suara jelek lebih baik mas yang nyanyi memang dasar nasib orang yak tidak yang tahu semoga masnya sukses,Bagus drpd beberapa artis yg modal tampang doang pdhl suara juga jelek. Mendingan mas ini yg nyanyi. Emg dasar nasib org yak gk ada yg tau. Semoga masnya bisa sukses,1.0,False
positif,dgrin sampai bulu kuduk saking bgusnya masyaallah apik sangat suaranya,"Dgrin ini sampe bulu kuduk naik saking bgusnya, masyaallah apik bgt suaranya",1.0,False
positif,subhanallah tergetar hati dengar suara nya,Subhanallah tergetar hati dengar suara nya,1.0,False
positif,allah suaranya bagus sekali cantik orangnya idaman cowok,Masa allah suaranya bagus banget cantik lagi orangnya idaman semua cowo,1.0,False
positif,bagusss suaranya penampilannya sesuai anak sekolahan natural sesuai usia nya,"Bagusss suaranya, penampilannya juga sesuai anak sekolahan, natural dan sesuai dengan usia nya",1.0,False
positif,kerennnn suaranya bagus,Kerennnn suaranya bagus,1.0,False
positif,cantik polos kelihatan berbakat semoga sudah tenar gek selebgram tidak kaya2 si mba novilda ya dek yang kehilangan arah tetaplah cepat tumbuh dewasa asahlah bakat allah bless you both,"Cantik, polos, apa adanya tapi keliatan berbakat. Semoga kalau udah tenar gek jadi selebgram, kalian ga kaya2 si mba Novilda ya dek yg kehilangan arah. Tetaplah begini,jangan cepat tumbuh dewasa dan terus asahlah bakat kalian, Allah bless you both.",1.0,False
positif,bagus iniii tidak kaya yang ingin terkenal rambut alus2in dulu muka makeup dulu biar dikamera keren hahaha kalau benar benar kelihatan lagi lelahnya habis pulang sekolah,"Bagus iniii, ga kaya yg pingin terkenal, rambut di alus2in dlu. Muka di makeup dl. Biar dikamera keren hahaha. Kl mereka bnr bnr keliatan lg lelahnya abis pulang sekolah ????",1.0,False
positif,ulang berkali kali sampet tidak percaya kalau suara aslinya bagus sangat,Di ulang berkali kali sampet gak percaya klo ini suara aslinya. Bagus bgt ??,1.0,False
positif,alhamdulillah kidz zaman niw yang berkarya sewajar seumurannya yang sok gede,Alhamdulillah masih ada kidz zaman niw yg berkarya sewajar seumurannya bukan yg sok gede,1.0,False
positif,aduhh kerennnn suaranya enak nge jazz2 gimanaa begitu muka mah saja nanti kalau sudah tenar muka mengikuti hahahahahaha skill dulu nomor 1 batu abege jaman now,aduhh kerennnn suaranya enak . nge jazz2 gimanaa gtu . muka mah belakangan aja . ntr klo udh tenar juga muka mengikuti hahahahahaha . skill dlu nomer 1 . ini batu abege jaman now ????????,1.0,False
positif,kereeen nih enak sangat didengernya tidak bosan putar ulang2 yang lipsing2 tidak jelas joget2 begitu,Kereeen nih...enak bgt didengernya...gak bosen puter ulang2...daripada yg lipsing2 gajelas joget2 gtu...,1.0,False
positif,waduuhhh kereeen bangeeet dedek2 emeesh,waduuhhh...Kereeen bangeeet dedek2 emeesh,1.0,False
positif,kalau sih yes bingits coba ya seandaix anak2 video seperti gini video kreativ bagus dripda video mesum ngelem dan lain lain yang berbau negativ bikin dosa maluin orangtua,Klo aku sih yes bingits...coba ya seandaix anak2 buat video sprt gini atau video kreativ lainnya kan bagus dripda buat video mesum..atau ngelem dll yg berbau negativ bikin dosa dan maluin ortu dan diri sendiri,1.0,False
positif,bagussss dandannya natural tidak permak mirip anak jaman now,Bagussss + dandannya natural ga banyak permak kayak anak jaman now lainnya ????????????,1.0,False
positif,kereeeeennnn nyanyinya santai sekali,Kereeeeennnn padahal nyanyinya santai banget ????????????,1.0,False
positif,polossss keren tidak neko2 kayaknya jossss,Polossss...keren....ga neko2 kayaknya...jossss,1.0,False
positif,yesssssss bagus sangat kids jaman now yang yang diksh jempolllll,Yesssssss !!!!! Bagus bgt !!! ?????? Kids jaman now yg begini yg diksh jempolllll ????????,1.0,False
positif,wajah2 anak skul sangat yaakk mase alami sangat suka liatnya lagu ma suara keren palg yang pakai bando suaranya mantap,Wajah2 anak skul bgt yaakk mase alami bgt suka liatnya ???? lagu ma suara keren palg yg pake bando suaranya mantap ??????,1.0,False
positif,keren suaranya dasarnya cantik tinggal poles sedikit bersinar,Keren suaranya dasarnya cantik tinggal di poles dikit bersinar??????,1.0,False
positif,pembagian suaranya pas sangat pecah suaranya juga cakap,"Pembagian suaranya pas bnget,pecah suaranya jg cakep",1.0,False
positif,keren sangat suaranya tinggal dipermak saja biar tambah cantik viralkann,keren bgt suaranya.tinggal dipermak aja biar tmbh cantik.viralkann....,1.0,False
positif,kereeeennnnnn suaranyaaahh okkeehh ketjeeehh badaaiik ughllaaaallaa,Kereeeennnnnn... suaranyaaahh okkeehh ketjeeehh badaaiik ughllaaaallaa..,1.0,False
positif,yes yes yes kirain lypsinc habisnya sih suaranya eh pas dua2nya nyanyi bareng ngeh asli kereennn,"Yes yes yes..kirain lypsinc habisnya mirip sih suaranya,eh pas dua2nya nyanyi bareng baru ngeh asli..kereennn",1.0,False
positif,keren yang bakat nanti juga kalau sudah jadi artis duit mukanya cemerlang,Keren yg penting punya bakat dulu ntar jg klo udah jd artis banyak duit mukanya bisa cemerlang,1.0,False
positif,keren min orang2 yang berbakat kaya gini yang up publik,Keren min orang2 yg berbakat kaya gini yg harus di up ke publik????????,1.0,False
positif,kereeen sangat suaranya seperti gini kids jaman now,Kereeen bgt suaranya. Nah kyk gini dong kids jaman now...??,1.0,False
positif,mrinding bagus poll di jaga ya dek kepolosannya jangan smpek seperti si aw2 dkk,mrinding... bagus poll... d jaga ya dek kepolosannya... ???? jng smpek kyk si aw2 dkk.. ??????,1.0,False
positif,kereenn sumpaah kebangetan bagusnya,"Kereenn sumpaah,, kebangetan bagusnya..??",1.0,False
positif,ya ampun lakikny ganteng rini nya cantik mungil sekarang,Ya ampun lakikny ganteng. Rini nya juga cantik. Mungil pula skrg.,1.0,False
positif,suaminya swett keliatannya sayang sangat ma istrinya ganteng haaaaaaa so swett semoga langgeng slluö,"Suaminya swett... keliatannya syg bgt ma istrinya, ganteng lagi... Haaaaaaa ?? so swett lah... Smg langgeng slluÖ",1.0,False
positif,mbak rini hamil ya selamat ya mbak semoga kandungannya sehat saja mbak rininya bahagia hamil semoga lancar proses persalinannya,"Wah Mbak Rini hamil ya ?? Selamat ya mbak semoga kandungannya sehat"" aja & juga mbak rininya , makin bahagia di hamil yang pertama , dan semoga lancar di proses persalinannya nanti ????",1.0,False
positif,kasihan anaknya jangan sampek anaknya rusak jugak kek emaknya yaa,"Kasian anaknya,, jgn sampek anaknya rusak jugak kek emaknya yaa",1.0,False
positif,kalau pasangan cantik ganteng suka deh liatnya,Kalo pasangan cantik + ganteng suka deh liatnya?,1.0,False
positif,hamil selamat ya mbak sandra semoga kehamilannya sehat fit semoga lancar prosesi persalinannya sudah calon nih,"Wah akhirnya hamil lagi juga. Selamat ya mbak Sandra semoga kehamilannya makin sehat"" saja , makin fit dan semoga lancar di prosesi persalinannya nanti. Wah udah jadi calon ibu nih",1.0,False
positif,ikutan happy sukakkk sangat sama nih couple salah pasangan sempurna saya,ikutan happy....sukakkk bgt sm nih couple...salah satu pasangan sempurna menurut gw,1.0,False
positif,lihat infotainment nikah waktu persiapannya jelang pernikahan sandra dewi bilang kalau calon suaminya pengen sekali cepat anak habis menikah karena suka anak sudah prepare program2 yang lakukan kalau dalam waktu belum dikasih anak but finally congrats semoga lancar sehat terus sampai lahiran,"Pernah lihat di infotainment sebelum nikah, wkt ditanya persiapannya jelang pernikahan, sandra dewi bilang klo dia sama calon suaminya pengen banget cepat punya anak nanti hbs menikah, krn mereka suka anak kecil, bahkan mereka sdh prepare program2 yg akan mereka lakukan klo dlm wkt dekat blm dikasih anak, but finally...congrats...semoga lancar dan sehat trs sampe lahiran ??????",1.0,False
positif,keluarga ter humble ter sempurna ter sederhana tidak sok kaya tidak pnah manja pakai pesawat jet pribadi mirip yang,Keluarga ter-humble ter-sempurna ter-sederhana dan engga pernah sok terlihat kaya dan ga pnah manja pake pesawat jet pribadi kayak yg lain lain ??????????,1.0,False
positif,bunda maia cantik semoga selalu sukses sehat terus ya cantik wajahnya secantik hatinya,"Bunda maia cantik semoga slalu sukses, sehat trs ya cantik wajahnya secantik hatinya",1.0,False
positif,artis yang saya kaguminn nikah muda tidak neko2 sayang keluarga sayang suami mengutamakan anak2 tidak puyeng ama dunia hiburan artisann tajirrr mampuss plus tidak alayy tidak aneh2 salutt ama niaa smiga selalu samawa yaa nia and famzz,"Artis yg gue kaguminn.. Nikah muda, ga neko2, syg keluarga syg suami,, mengutamakan anak2.. Ga puyeng ama dunia hiburan dan ke artisann.. Padahal tajirrr mampuss.. Plus ga alayy dan ga aneh2.. Salutt ama niaa.. Smiga slalu samawa.. Yaa nia and famzz???????????????????????????????",1.0,False
positif,username iya sih jujur fans nia saja pas tenar sekali sinteronnya saja urusan keluarga salut ama muda ya itungannya beda 2 3 t,"<USERNAME> iya aku sih jujur bukan fans Nia, biasa aja sama dia, pas dia tenar banget sama sinteronnya juga aku biasa aja. Tapi makin ke sini kalau soal urusan keluarga, aku salut ama dia. Dia kan masih muda ya itungannya, sama aku cuma beda 2-3 t",1.0,False
positif,smnjk habis nikah auranya keluarr sangat suaminya juga kliatan sayang nia nya kliatan begitu tulusss sukak deh liatnya,Smnjk hbs nikah auranya keluarr bgt. Suaminya jg kliatan syg dan nia nya kliatan baik gt tulusss.. sukak deh liatnya.,1.0,False
positif,mungkin s mba nya marah2 karena ada kata2 yang tidak enak dari yang komen wajar kalau marah itu foto saja ko mba nya yang di bully sampai bawa2 fisik segala tidak bagus pinter2 mnyikapi medsos,Mngkin s mba nya marah2 krna ad kata2 yg ga enk dr yg komen..wajar lah kl dia marah..toh it kan cuma foto biasa aj.. Ko jadi malah mba nya yg d bully..sampe bawa2 fisik sgala.. Kan ga bgus.. Pinter2 lah kita mnyikapi medsos.. ????,1.0,False
positif,cantik sekali yak anak cewek puyeng kali yak jagain nya,Cantik banget yak.. Punya anak cewe begini puyeng kali yak jagain nya ??????,1.0,False
positif,username iya mba ariel tidak ganteng ariel kharisma yang menarik sudah tua sekarang keriput wajahnya tetap saja kharisma nya lelaki kelihatan terpancar buktinya mama tante tergila2 ariel sa,"<USERNAME> iya betul mba. Ariel gak ganteng. Tapi ariel punya kharisma yg menarik. Udah tua pun skrang agak keriput wajahnya ttp aja kharisma nya sebagai lelaki keliatan lebih terpancar. Buktinya mama, dan tante saya makin tergila2 sama ariel dan sa",1.0,False
positif,manusia menghargailah kalau tulisan yang ditulis berguna menyakiti hati orang ya tulis pergunakan sosmed smart ya guys,"Jadi manusia Saling menghargailah, kalo tulisan yg ditulis itu tidak berguna bahkan menyakiti hati orang lain. Ya sebaiknya tidak usah tulis. Pergunakan sosmed dengan smart ya guys!!",1.0,False
positif,kalau liat username bergaya apapun tetap kliatan bagus suka lgu nya sukses terus kak,entah kenapa kalo liat  <USERNAME> bergaya apapun ttp kliatan bagus... suka sama lgu nya.. sukses trus kak,1.0,False
positif,bangat emasnya salpok diemasnya tetapi sumpah lagunya music nya keren bngat konsep mv nya ambil handel keren kalau denada taro kutang diluar karena minim perestasi tetapi kalau agnes wajar prestasi dunia fashion kalau artis indonesia unggul karena berani tidak cocok pakai,banyak bangat emasnya.jadi salpok diemasnya.tp sumpah lagunya dan music nya keren bngat.apalagi konsep mv nya ia ambil handel.kan keren menurut saya.kalo denada taro kutang diluar itu krn masih minim perestasi.tp kalo agnes itu hal wajar.prestasi dan dunia fashion kalo artis indonesia ia selalu unggul.krn ia berani meski gak cocok ia pake,1.0,False
positif,coba deh kritik2 bikin karya tahu bagus kritik,"Coba deh yang pada kritik2 itu bikin karya sendiri, siapa tau lebih bagus dari yang mereka kritik",1.0,False
positif,protes sih protes coba usaha deh usaha pendek ya butuh go international protes kalau pengen ya kaliam go international,"Pada protes kenapa sih??yang protes itu coba usaha deh..Jangan kira usaha dia pendek ya!!.Butuh waktu lama dia agar bisa go international.Jangan cuma protes,klau pengen yang kalian inginkan ya kaliam sendiri dengan cara sendiri agar kalian bisa go international",1.0,False
positif,keren tidak suka ma agnes tetapi suka ma lagu n jadi suka juga ma y nyanyi santai lagunya tetapi asyik,"Keren, ga suka ma agnes, tp suka ma lagu ini, n jd suka jg ma y nyanyi, santai lagunya tp asyik",1.0,False
positif,bandingin lagu go internasional ngena saya seru enak didengar tidak biasa agnes tidak bumbu indonesianya kaya batik begitu,"Bandingin lagu Go Internasional yang paling ngena di gue ini seru enak didenger....... Tapi tumben agnes gak memberikan bumbu Indonesianya kaya ada Batik"" gtu atau apa..",1.0,False
positif,keren mba mba superman wkwkwk,"Nah ini baru keren, daripada mba mba superman wkwkwk",1.0,False
positif,sumpah saya suka sangat lagu yang asyik sangat dengernyaa,"Sumpah gua suka bgt sama lagu dia yg ini, asik bgt di dengernyaa",1.0,False
positif,enak sekali mak lagu2 dialbumnya suka yang inih sama beautiful mistake,Enak banget mak lagu2 dialbumnya paling suka yg inih sm beautiful mistake,1.0,False
positif,mantap saya suka sangat ama agnes dia artis yang bertalenta kayaan dia tidak dipamer ky artis ygblain saya suka dia tidak pamer keren sangat,Mantap .gw suka bngt ama agnes.karena dy artis yg bertalenta .dan ke kayaan dy ga pernah dipamer ky artis ygblain.gw suka dy ga pernah pamer.keren bngt,1.0,False
positif,enakk musik nyaa lagii lhatt ka agnes nyaa dance kaya nyaa nyamaann enakk sangat tuh kayaa nyaa,enakk musik nyaa . apa lagii lhatt ka agnes nyaa dance kaya nyaa nyamaann dan enakk bgt tuh kayaa nyaa,1.0,False
positif,asyik bgts dancenya lagi lagunya mancappppp,"Asik bgts dancenya,apa lg lagunya mancappppp",1.0,False
positif,ganteng sekali aura kencang sekali diragukan semoga langgeng mami,Ganteng banget meski aura... Kenceng banget & diragukan.semoga langgeng mami..,1.0,False
positif,mami depe cantik sekali awet muda tidak kalah sama penyanyi pendatang semoga samawa username,"Mami depe cantik banget. Awet muda, ngga kalah sm penyanyi pendatang baru. Semoga samawa...  <USERNAME>",1.0,False
positif,ganteng yesss mami cuco deh babang semoga langgeng ya unchhh lope mami,Ganteng yesss. Mami cuco deh sama babang. Semoga langgeng ya unchhh lope mami,1.0,False
positif,mbak dewi sabar keliahatannya keren semoga langgeng,Mbak dewi jadi lebih sabar keliahatannya... Keren semoga semakin langgeng,1.0,False
positif,pasangan hidup ijk salut sih mami depe tidak matre n neko2 yang single n cocok doi diajak merit tidak seperti tetangga sebelah saking matrenya suami orang embat juga,Soal pasangan hidup ijk salut sih sama mami depe.. ga matre n neko2.. yg penting single n cocok doi mau diajak merit.. ga kyk tetangga sblh saking matrenya suami org di embat jg..,1.0,False
positif,duda singgel tidak yang laki jaman setia menemani dunia akhirat amin good luck dewi persil sehat selalu dalam berkarya,mau duda mau singgel itu ngak masalah yg penting laki jaman sekarang setia menemani dunia akhirat amin good luck dewi persil sehat slalu dlm berkarya,1.0,False
positif,muantepp ganteng selamat menempuh hidup mg langgeng rumah tanggax bhagia n selladem ayem,Muantepp ganteng...selamat menempuh hidup baru mg langgeng rumah tanggax bhagia n selladem ayem...??????,1.0,False
positif,mb depe langgeng yo karo masny mb ibuku ngefans sangat sama mb depe dari mb sama mas saiful dulu smpe2 bilang jadi pembntuny gapapala katanya ingin sangat ketemu mb depe ibuku dijambi mb,"Mb depe langgeng yo karo masny.mb ibuku ngefans bgt sm mb depe dri mb sm mas saiful dlu smpe2 blng jdi pembntuny gapapala ktny,pgn bgt ktmu mb depe ibuku kami dijambi mb",1.0,False
positif,dengar 2 yang menyakitkan hati tenang jalanin saja pilihan andah bahagia hatimu maju terus sukses pasangan mu,Jangan di dengar kata 2 yg menyakitkan hati lebih baik tenang jalanin aja dengan pilihan andah sendiri bahagia itu biasanya ada di kata hatimu maju trus dan sukses bersama pasangan mu,1.0,False
positif,cakap ganteng pacarnya dewi persik sudah saja jangan ganti lagi yaa dewi,"Cakep,ganteng pacarnya dewi persik,udah ini aja jgn ganti lg yaa dewi",1.0,False
positif,beruntungnya bella orang2 fokus ama komen lakinya coba kalau tidak model bajunya diceramahin ama netizen,"Beruntungnya Bella.. Orang2 jadi fokus ama komen lakinya. Coba kalo ngga, pasti model bajunya yang diceramahin ama netizen ??",1.0,False
positif,pasangan suami istri yang normal romantisme istri yang tahu tidak diumbar tetapi dijaga yang suka umbar kemesraan iti kebanyakan menutupi kenyataan yang,Beginilah pasangan suami istri yg normal.. Romantisme hanya dia dan istri yg tau. Ga perlu diumbar.. Tp dijaga. Yg suka umbar kemesraan iti kebanyakan menutupi kenyataan yg sebenarnya.,1.0,False
positif,naksir ama ceweknya sepertinya lembut sekali kya bolu,"Naksir Ama ceweknya, kyanya lembut banget Kya bolu ??",1.0,False
positif,cewex cntik cowox mmmmhh hehe,Cewex luar biasa cntik... Cowox.. Mmmmhh hehe,1.0,False
positif,cewenya cantikk the power of tajir,"Cewenya cantikk, the power of tajir ??",1.0,False
positif,alhamdulillah ganteng babang emran ya username,Alhamdulillah lebih ganteng babang Emran ya  <USERNAME> ??,1.0,False
positif,alhamdulillah username tidak yang engku emran masyaallah ganteng anteng sabar sholeh penyanyang senyumnya cute baper dech,"Alhamdulillah  <USERNAME> gak jadi sama yg ini... engku emran masyaallah ganteng, anteng, sabar, sholeh, penyanyang, senyumnya cute.. baper dech",1.0,False
positif,cantik manis cewek nya cocok saja,Cantik manis cewe nya .. cocok ajalah,1.0,False
positif,cewenya manis cakepan yang sekarang dari yang kemarin tidak jadi,"Cewenya manis, cakepan yg skrg Dr yg kmrn ga jd.",1.0,False
positif,yang lebih cantik sih hebat juga ni lakik ciwik nya cakep2 lho,yg ini lbh cantik sih. hebat jg ni lakik ciwik nya cakep2 lho..,1.0,False
positif,semoga kalau sma yang mh kalau bella mh sudah dapat yang pas,Semoga betul klo sma yg ini mh....klo bella mh udah dapet yg amat sangat pas lah????,1.0,False
positif,semoga tidak putus ya ka bella sudah bahagia sekali tuh tidak malu,"Semoga ga putus lagi ya. Ka bella udah bahagia banget tuh, ga malu??? ??????",1.0,False
positif,yaampun cantiikk sangat aslii angguunn,Yaampun cantiikk bangett aslii! Angguunn ??,1.0,False
positif,username euum setuju sekaliii memang cantikan wow terbaik terpelihara hehe,<USERNAME> euum setuju sekaliii emang cantikan ini dari pada yang sebelumnya. Lebih WOW... ?? terbaik ?? terpelihara hehe,1.0,False
positif,cantiik senyumnya maudy kusnaedi,"Cantiik, senyumnya mirip Maudy Kusnaedi",1.0,False
positif,kisah jevin radhini rini saya jadi belajar 1 jodohmu jalannya saya ikuti dari saya nonton pas live the remix jevin bicara pacar nonton nunjuk radhini saya juga nonton pas jevin meluk radhini erat sangat backstage setelah lolos final kelihatan jevin anaknya gentle tulus penyayang allah maha pembolak hati mei 15 jevin radhini pacaran sept 15 jevin rini dipasangin the remix des 15 final the remix jan 16 jevin radhini putus feb 16 jevin rini pacaran april 16 jevin ngelamar rini feb 17 jevin rini tunangan mei 17 jevin rini nikah allah works in many ways allah s plan is better than our plan jevin yang dulunya berfikiran nikah umur 30 sangka umur 25 dalam pacaran 2 sudah ngajakin anak orang nikah ah happy wedding soundwave bahagia,"Dari kisah jevin radhini rini gue jd belajar 1 hal. ""Kalau memang jodohmu, maka akan ada saja jalanNya"". Gue kebetulan ngikutin dr awal. Gue nonton pas live the remix jevin ngomong 'itu pacar saya nonton' sambil nunjuk radhini. Gue jg nntn pas jevin meluk radhini erat bgt di backstage stlh lolos ke final. Keliatan jevin ini anaknya gentle, tulus dan penyayang. Tapi Allah maha pembolak-balik hati. Mei '15 jevin radhini pcrn, sept '15 jevin rini dipasangin the remix, Des '15 final the remix, jan '16 jevin radhini putus, feb '16 jevin rini pcrn, april '16 jevin ngelamar rini, feb '17 jevin rini tunangan, mei '17 jevin rini nikah. Allah works in many ways??. Allah's plan is better than our plan. Jevin yg dulunya berfikiran akan nikah umur 30, siapa sangka di umur 25 dan dlm waktu pcrn baru 2 bulan udah yakin ngajakin anak orang nikah. Ah, happy wedding soundwave. Bahagia selalu??",1.0,False
positif,mengartikan jodoh bilang jodoh cantik lahir batin kalau tidak jodoh perpisahanlah terbaik,"Kalau kita bisa mengartikan jodoh,ini lah yang di bilang jodoh.cantik lahir batin tapi kl ga jodoh perpisahanlah yang terbaik..",1.0,False
positif,pingkan ni suaranya enak sekali bindeng2 gimana begitu berciri khas saya merem dengar suaranya saya sudah langsung tauk,Pingkan ni suaranya enak banget.. bindeng2 gimana gt.. berciri khas.. ibarat gw merem denger suaranya gw udh langsung tauk,1.0,False
positif,hatinya terbuat ya mbaa gigi berhati luarbiasanya saja sampai benci cobaa sebutin heternya mbaa kesalahan mba gigi lakukan duhh saja sukak sifatnyaaaaaaaaaaa,Hatinya terbuat dari apa ya .. Mbaa gigi yang berhati luarbiasanya ajah sampe di benci .. Cobaa sebutin heternya mbaa kesalahan apa yang mba gigi lakukan :'( duhh aku ajah jadi sukak sama sifatnyaaaaaaaaaaa,1.0,False
positif,suka sekali sekali nih ni artis tidak neko neko lahiran 1996,"Suka banget banget nih sama ni artis, gak neko neko, ternyata masih lahiran 1996 ??????",1.0,False
positif,alhamdulillahhh ngepost ayangnya ibel biarin deh damai seisi dunia masing2 sudah pasangan tidak lagi bilang ibel pho happy b day ibel,"alhamdulillahhh... ada juga yang ngepost ayangnya Ibel.... biarin deh damai seisi dunia.... masing2 sdh punya pasangan, jadi engga ada lg yang bilang Ibel PHO.... Happy b""day Ibel",1.0,False
positif,kakaknya murid2ku masih ajar sekolah internasional mihil anaknya cantik2 si bapak ramah sangat sepupunya sekolah yang yang uang masuknya saja 70 jtan lebih siswa tidak tahu sekarang berapa,"Ini kakaknya murid2ku waktu msh ngajar di sekolah internasional mihil. Anaknya cantik2 dan si ibu dan bpk ramah dan baik bngt. Seluruh sepupunya di sekolah yg sama, yg uang masuknya aja 70 jtan lbh/siswa. G tau skrg brp.",1.0,False
positif,username ka bella sholehah penghasilan cantik allah kasih jodoh,"<USERNAME> justru karena ka bella sholehah, punya penghasilan sendiri, dan cantik jadi Allah mau kasih jodoh yang lebih baik lagi..",1.0,False
positif,mbak bela nikahnya berdasarkan dasar agama mbak yang diutamakan ya biar laki2nya dapat yang laki2 yang kaya raya yang nikahin mbak,"Mbak bela, nikahnya berdasarkan atas dasar agama mbak yg diutamakan ya. Biar laki2nya dpt yg baik. Saya yakin banyak laki2 yg baik dan kaya raya yg mau nikahin mbak",1.0,False
positif,duh geulis kitu ditinggal yang duuuhhhh hahaha jodohnya allah kasih yang teeeh,Duh geulis kitu ditinggal sama yg 'itu' duuuhhhh hahaha jodohnya pasti Allah kasih yg lebih baik Teeeh ??,1.0,False
positif,bu ameeel sudah tidak bank kangen bu amel yang cantik ramah ama kangen tentengannya hihiii tanya si mba bu amelnya pindah rumah lagi hamil sehat2 yaa bu amel salam annabel,"Bu Ameeel.... udah lama ga ke bank,kangen bu Amel yg cantik,ramah,baik ama kangen tentengannya hihiii ????. Nanya si mba bu Amelnya pindah rumah dan lg hamil. Sehat2 yaa bu Amel,salam buat Annabel",1.0,False
positif,ambil positifnya saja mbak oma nani menjalankan mbak bilang gimana tidak oma langsung cerai sudah pilihan hidup gimana didoakan semoga langgeng menikah ibadah heheu username,"Ambil positifnya aja mbak toh oma nani yang menjalankan, mau mbak bilang gimana nggak mungkin kan oma langsung cerai karena itu udah pilihan hidup dia gimana jadi lebih baik didoakan semoga langgeng karena menikah juga ibadah heheu  <USERNAME>",1.0,False
positif,alesha arti namanya dilindungi allah aamiin yra ya nak,"Alesha arti namanya : Yang dilindungi Allah....aamiin yra, ya nak....",1.0,False
positif,semoga anak nya besok pas bangun langsung jadi dewasa biar jodoh gedenya nanti cakap kek kakaknya fahri,Semoga anak nya bsok pas bangun langsung jd dewasa biar bisa bakal jodoh saya???? pasti gedenya ntar sama cakep kek kakaknya Fahri..,1.0,False
positif,min minta doanya juga mudahan dilancarkan selamat melahirkan mei aamiin,min mnta doanya jg buat saya mudahan dilancarkan dan selamat saat melahirkan bulan mei ini. Aamiin,1.0,False
positif,waaah hamil cantik cew kali yeee debay nya,"Waaah.... Hamil Malah makin cantik, cew kali yeee debay nya.... ??",1.0,False
positif,mba acha cantik sekali sekali sekali calon yang belum di kasih momongan sama allah semoga segerakan ya,mba acha cantik banget banget banget !! buat calon ibu yg blm d kasih momongan sm Allah smoga di segerakan ya ??,1.0,False
positif,gemulai nya momo bak putri keraton jawa semoga bersatu nya maut yang memisah gbu,"Gemulai'nya Momo,, Bak Putri keraton Jawa,,, semoga bersatu selama'nya dan cuma Maut yg memisah'kan,, Gbu...",1.0,False
positif,berasa kaya manggung kartu keluarga username semoga lancar cepat momongan biar princess momo tidak prince,Berasa kaya mau manggung kk  <USERNAME> ?? semoga lancar dan cepat punya momongan biar Ada Princess Kecil MoMo atau gak prince ??,1.0,False
positif,waaahhh sama dokter sigit ya dokter the best sekali sekali humble orgnya recomend sekali yang program kehamilan,"waaahhh sm dokter sigit ya, ini dokter the best banget, baik banget, humble orgnya, recomend banget buat yg mau program dan kehamilan ??",1.0,False
positif,ashanti bunda the best selalu belain support anaknya mskipun bukan anak kndung,"Ashanti bunda the best, Slalu belain/support anaknya. Mskipun bkn ank kndung??",1.0,False
positif,semua orang berhak apapun yang suka tidak mrugikan ornglain aurel dandan natural hak aurel pintar sekali dandannya kliatan cantiiik sekali,Smua orng berhak untuk melakukan apapun yg mereka suka.. Asal g mrugikan dirinya ataupun ornglain.. Mau aurel dandan berlebihan atau natural itu hak dia.. Apalagi aurel pinter banget dandannya.. Kliatan cantiiik banget.. ????,1.0,False
positif,beruntung si aurel dapat sambung kaya ashanti username,Beruntung si aurel dpt ibu sambung kaya ashanti .  <USERNAME>,1.0,False
positif,salut ma bunda username mskipun sambung tetapi sellu jadi orang yang plingbdpan mmbela aurel n azriel dari pra hatters,salut ma bunda  <USERNAME> .. mskipun ibu sambung.. tpi sellu jdi org yg plingbdpan mmbela aurel n azriel dri pra hatters..,1.0,False
positif,keren ya ashanty segitu sayangnya anak nya anak kandung kandung saja belum orang hatinya kek bidadari tv tv beruntung sekali aurel azriel tiri,"Keren ya ashanty segitu sayangnya sama anak nya(padahal bukan anak kandung), yang ibu kandung aja blm tentu begitu. Ini orang hatinya kek bidadari di tv tv. Beruntung banget itu aurel azriel punya ibu tiri macam dia",1.0,False
positif,salut bunda username selalu yang trdpan melindungi anak yh mngalahin kandung sendiri yang cuma diam ajj bt aurel bapak yang salah pada dya juga manusia ciptaan allah kalau dya lebih sgla yh dari yang suka nyinyiir masalah pnampilan berarti deh nasib tuuh orang tidak bisa seperti aurel yang lebih baek n bagus dari yang nyinyiiir,"Salut buat Bunda  <USERNAME> slalu yg trdpan melindungi ank""yh...mngalahin ibu kandung sndri yg cma Diam ajj...bt aurel pa yg slah pd dya jga Manusia ciptaan Allah klau pun Dya lbh sgla yh dri yg suka nyinyiir mslh pnampilan brarti dh nasib tuuh orang g bsa sprti Aurel yg lbh baek n bgs dri yg nyinyiiir..",1.0,False
positif,tiri terhebat nanti palingan kalau sudah 20an perawatan sekarang masih muda kasihan kalau paksa perawatan cuma ya tutup mata tutup kuping sekarang mah,Ibu tiri terhebat..... Ntr palingan klo dah 20an dia baru perawatan .skrg msh muda kasian klo di paksa perawatan .cm ya paling tutup mata tutup kuping skrg mah,1.0,False
positif,username aurel cantik tahu liat asli nya orang sirik yang menjelek jelekannya muka tente cantik muda aurel aurel difoto nampak putib bilangnya suntik putih hitam dibilang tidak ra,"<USERNAME> aurel itu cantik tau. Pernah liat asli nya kok. Org sirik itu yg menjelek jelekannya. Padahal muka sendiri belum tente lebih cantik dan muda daripada aurel. aurel difoto nampak putib bilangnya suntik putih, kelihatan hitam dibilang gk bisa ra",1.0,False
positif,username astagfirullah mbak tolong ucapannya dijaga ya allah menciptakan manusia sempurna mbak ngomongnya mirip begitu aurel cantik wajar manusia kekurangannya mbak ashanti wajar belain anaknya caper ya mbak sia,"<USERNAME> Astagfirullah... Mbak tolong ucapannya dijaga ya, ALLAH menciptakan manusia dengan sempurna, kok mbak ngomongnya kayak gitu. Aurel cantik kok, wajar manusia ada kekurangannya. Dan mbak Ashanti wajar belain anaknya, bukan caper ya mbak, sia",1.0,False
positif,aurel perempuan hebat sangat kejadian zaman pipi mimi nya di depan mata tidak anak bisa strong seperti yang nyinyir iri karena aurel bisa keluarga bahagia seperti sekarang yang bilang bundanya ash lebay belum anak hati2 sayang kamu juga perempuan jadi bayangin anakmu yang jadi korban bully,"aurel itu perempuan hebat, ingat bgt kejadian zaman pipi mimi ny & dilihat didepan mata dia sendiri. Ga semua anak bs strong kyk dia. Yg nyinyir pasti iri krn aurel bs punya keluarga bahagia kyk skrg. Yg blg bundanya Ash lebay, mungkin blm punya anak. Hati2 sayang..km jg perempuan, nanti bakal jd ibu. Bayangin anakmu yg jd korban bully ??",1.0,False
positif,ganteng kalau tidak salah managernya semoga di lancarkan yaa,Ganteng... Ini klo ga salah managernya.. semoga d lancarkan yaa..,1.0,False
positif,mukanya insya allah jodoh dunia akhirat mbk username amiiii,"Mukanya mirip ,,,insya Allah jodoh dunia akhirat mbk  <USERNAME> amiiii",1.0,False
positif,cantik banggeett ya kak depe tidak kelihatan loh kalau dia nikah masih gadis wajah nya cantik semoga lancar h kak depe bahagia dunia akhirat aammiinnn,Cantik banggeett ya kak depe.. ???? gk keliatan loh klo dy pernah nikah.. seperti msh gadis wajah nya.. cantik ???????????? semoga lancar sampai hari H kak depe.. bahagia dunia akhirat aammiinnn ??,1.0,False
positif,dadddd semoga datang yaaa papa papa diluar semoga sehat saksi anak anaknya menikah aamiin,Dadddd :( Semoga bisa dateng yaaa & untuk papa-papa diluar sana. Semoga sehat selalu & bisa menjadi saksi anak-anaknya saat menikah. AAMIIN!????,1.0,False
positif,semoga dilancarkan nikahnya ayahnya lekas ditemukan sehat apapun,Semoga dilancarkan nikahnya dan ayahnya lekas ditemukan dalam keadaan sehat tanpa kurang suatu apapun :),1.0,False
positif,semoga saja nikahannya lancar y mb jangan berlarut sedih kalau tirinya tidak yang kandung sj alasan anak kandung melarang sj sudah balikkan istri pertamanya kalau sibapak berrti cerita yaa,Semoga aja nikahannya lancar y mb. Jgn berlarut sedih kl bapak tirinya gak datang yg penting bapak kandung datang. Mungkin sj ada alasan anak kandung dari bapak tersebut melarang. Mungkin sj bapak itu udah balikan sama istri pertamanya. Dan kl sibapak datang itu berrti akan mengingatkan cerita lama. Mungkin yaa..,1.0,False
positif,yea polisinya pintar hahahaha langsung belok sim nembak gatau rambu2 surat perintah yaelah kamu pikir rumah kamu digeledah,"Yea pak polisinya pinter hahahaha.. langsung belok, SIM nembak, gatau rambu2. Malah minta surat perintah yaelah lu pikir rumah lu mau digeledah ??",1.0,False
positif,nikah baguass deh semoga kelak jadi keluarga yang samawa,Ini mau nikah lagi baguass deh smoga kelak jd kluarga yg samawa,1.0,False
positif,lucu suaranya kak abbey cantik mirip orang nya terharu,Lucu.... suaranya kak abbey cantik kayak orang nya.... ?????????????? terharu....,1.0,False
positif,ketemu mba artika sari disesemall jakarta ampunnn ayunee semampai murah senyummm cakap pisan,Pernah ketemu sama mba artika sari disesemall di Jakarta...ampunnn ayunee...mana semampai....murah senyummm....cakep pisan lah,1.0,False
positif,benar pepatah yess buah jatuh tidak pohon nya cantik nya dapat mama_nya suara bagus pintar nyanyi darah seni papa nya calon generasi hebat,"Bener kata pepatah Yess, Buah Jatuh gak Jauh dari PohoN nya... Cantik Nya dapet dari Mama_Nya, Suara Bagus dan Pinter nyanyi dari darah seni Papa Nya.. #calon generasi hebat di masa depan",1.0,False
positif,bahagianya anak cantik berbakat bersyukur benar titipan indah,"Bahagianya punya anak cantik berbakat, bersyukur bnr dapat titipan demikian indah",1.0,False
positif,semoga kesehatan rezeki yang berlimpaah,Semoga di berikan kesehatan dan rezeki yg berlimpaah pak ??,1.0,False
positif,semoga sehat dimurahkan rejekinya ya,Semoga selalu sehat dan dimurahkan rejekinya ya Pak,1.0,False
positif,pria setia pekerja keras tidak malu pilih pilih cari nafkah kebalikan beda sangat kenal mentang2 ganteng pilih nganggur ketimbang jadi ojol sudah begitu istri diselingkuhin kalau maunya,"Pria setia, pekerja keras tdk malu pilih-pilih cari nafkah sangat sedikit sekali yang banyak kebalikan..beda bgt sama seseorang yang kenal. Mentang2 ganteng, milih nganggur ketimbang jd ojol. Udh gitu istri diselingkuhin lagi. Baik kalo ada maunya ????",1.0,False
positif,doa istri anak menyertaimu bang lelaki yang bertanggung karena kalau laki2 tanggung otomatis sayang dengan anak istri beda dengan sayang yang bertanggung,"Doa istri dan anak menyertaimu bang... lelaki yg bertanggung jawab itu sangat PERLU, karna kalo laki2 tanggung jawab otomatis dia akan sayang dgn anak dan istri. Beda dgn sayang yg belum tentu bertanggung jawab ??????",1.0,False
positif,ya allah bahagia tidak dengan yang mewah sesederhana saja deh bahagia komunikasi dengan keluarga,Ya Allah bahagia itu gak harus dgn cara yg mewah sesederhana begini aj deh bahagia bisa komunikasi dgn keluarga ??,1.0,False
positif,mencari rejeki untuk keluarganya yang tidak berkenan tolong kekerasan,"Mereka hanya mencari rejeki utk keluarganya, kalau ada yg merasa tdk berkenan tolong jangan menggunakan kekerasan",1.0,False
positif,salut banting tulang menghidupi keluarga yang duduk bangku empuk pakai ac merampok yang pilih rakyat jelata,"Salut sekali Banting tulang demi menghidupi keluarga.yg duduk di bangku empuk,pakai AC Malah merampok.yg milih rakyat jelata lagi",1.0,False
positif,amin semoga lancarkan n mudahkan rejeki nya jadi ingat suami saya juga gojek sering nlp nanyain anak istri nya sudah makan belum padahal mungkin sempet makan tidak hujan2an n panas2an tetapi tidak penh mengeluh menyempatkan komunikasi n tetap keep in touch sela2 kesibukannya bangga n tetap berjuang y ms gojek karena anak n istri mendoakan yang terbaik,"Amin, smg selalu di lancarkan n di mudahkan rejeki nya.. jd inget waktu suami sy jg gojek dulu, srg nlp nanyain anak istri nya udah mkn atau blm.. pdhl mgkn dia sendiri entah sempet mkn atau ngga, walaupun hujan2an n panas2an tp ga penh mengeluh.. selalu menyempatkan komunikasi n ttp keep in touch di sela2 kesibukannya. Bangga n ttp berjuang y ms gojek krn anak n istri selalu mendoakan yg terbaik..",1.0,False
positif,respect istri n anak2 nya yang menunggu sabar dirumah insya allah allah swt menjaga nya,"Respect dengan istri n anak2 nya yg menunggu dengan sabar dirumah insya Allah ,Allah swt selalu menjaga nya.",1.0,False
positif,laki laki benar berjuang unt anak istri membahagiakan istri insyaallah dunia rejeki yang tidak disangka sangka akherat surga kelak amin,"Laki-laki yang beneran berjuang unt anak istri, membahagiakan istri insyaallah di dunia mendapat rejeki yg ga disangka-sangka di akherat akan ada surga kelak amiin",1.0,False
positif,bangga suami yang istri disela apapun profesimu kaulah juaranya sehat gojek semoga lacar rejekimu amiiin,"Bangga sama suami yg selalu ingat istri disela waktunya, apapun profesimu... Kaulah juaranya. Sehat terus pak gojek, semoga lacar rejekimu. Amiiin....",1.0,False
positif,apaoun pekerjaannya yang halal u tuk menafkahi keluarga semangat,Apaoun pekerjaannya yg penting halal u tuk menafkahi keluarga ... Semangat pak,1.0,False
positif,gojek mayoritas pegangguran tidak kerja terus putus asaa tibatiba lapangan pekerjaan tidak pakai ijasah sungguh lapangan kerja membantu,Gojek itu mayoritas pegangguran yang lama gak kerja trus hampir putus asaa tapi tibatiba ada lapangan pekerjaan yang gak harus pake ijasah terakhir.. ini sungguh lapangan kerja yang sangat membantu sekali menurut saya ??,1.0,False
positif,username aslinya cantik ayu loh mbak karena bertemu langsung sesembaknya ramah sombong mantan2 yang hhe maaf nimbrung kalau makeup senatural karena sesembaknya menonjolkan wa,"<USERNAME> aslinya cantik dan ayu loh mbak krn aku sudah bertemu langsung juga sesembaknya sangat ramah tidak sombong seperti mantan2 yg lain hhe maaf ikut nimbrung ,kalo makeup dibuat senatural mungkin krn sesembaknya memang mau menonjolkan wa",1.0,False
positif,username suami seumuran mba tuaan alhamdulillah suami tidak kekanak kanakan hehe,"<USERNAME> suami saya seumuran sama saya mba, malah tuaan saya beberapa bulan tapi alhamdulillah suami saya gak kekanak kanakan hehe",1.0,False
positif,kamu sekali,lu baik banget,1.0,False
positif,cuacanya cerah suasana hati,"Hari ini cuacanya cerah sekali, membuat suasana hati jadi lebih baik.",1.0,False
positif,username pintar sekali tugas selesai,"<USERNAME> memang pinter banget, semua tugas selalu selesai tepat waktu.",1.0,False
positif,makanan restoran enak pelayanannya memuaskan,Makanan di restoran itu enak dan pelayanannya juga memuaskan.,1.0,False
positif,menikmati teman teman seru sekali,"Aku sangat menikmati waktu bersama teman-teman hari ini, seru banget!",1.0,False
positif,username solusi terbaik bijaksana,"<USERNAME> selalu memberikan solusi terbaik saat ada masalah, dia sangat bijaksana.",1.0,False
positif,kopi kafe mantap bikin semangat,"Kopi di kafe itu rasanya mantap sekali, bikin hari makin semangat.",1.0,False
positif,film malam tonton menghibur suka sekali,"Film yang tadi malam kita tonton sangat menghibur, aku suka banget.",1.0,False
positif,pelayanan hotel dihargai,"Pelayanan di hotel ini benar-benar luar biasa, kami merasa sangat dihargai.",1.0,False
positif,kamu orang terima kasih,"lu selalu tahu cara membuat orang merasa lebih baik, terima kasih banyak.",1.0,False
positif,liburan kali menyenangkan rencananya berjalan lancar,"Liburan kali ini sangat menyenangkan, semua rencananya berjalan lancar.",1.0,False
positif,pemandangan pantai sungguh menakjubkan melupakannya,"Pemandangan di pantai itu sungguh menakjubkan, saya tidak akan melupakannya.",1.0,False
positif,terima kasih membantu menyelesaikan proyek menghargainya,"Terima kasih sudah membantu saya menyelesaikan proyek ini, saya sangat menghargainya.",1.0,False
positif,anak anak senang bermain taman,"Anak-anak sangat senang bermain di taman hari ini, hari yang luar biasa.",1.0,False
positif,pertemuan produktif ide ide muncul,"Pertemuan tadi sangat produktif, banyak ide-ide baru yang muncul.",1.0,False
positif,kamu sahabat terbaik butuh,"lu memang sahabat terbaik, selalu ada di saat aku butuh.",1.0,False
positif,masakan kamu enak sekali makan rumahmu,"Masakan lu enak banget, aku selalu menantikan makan bersama di rumahmu.",1.0,False
positif,senang berkumpul keluarga momen terlupakan,"Senang sekali bisa berkumpul lagi dengan keluarga besar, momen yang tak terlupakan.",1.0,False
positif,bersemangat olahraga pagi,Hari ini aku merasa sangat bersemangat setelah olahraga pagi.,1.0,False
positif,kerjasama tim solid hasilnya memuaskan,"Kerjasama tim kita sangat solid, hasilnya memuaskan.",1.0,False
positif,terima kasih dukunganmu sulit mudah,"Terima kasih atas dukunganmu, aku bisa melalui masa sulit ini dengan lebih mudah.",1.0,False
positif,acara malam menyenangkan kamu tuan rumah hebat,"Acara tadi malam sangat menyenangkan, lu benar-benar tuan rumah yang hebat.",1.0,False
positif,senang bertemu teman teman cerita seru,"Senang bisa bertemu teman-teman lama, banyak cerita yang seru.",1.0,False
positif,proyek selesai hasil kerja keras terbayar,"Proyek ini selesai dengan hasil yang sangat baik, kerja keras kita terbayar.",1.0,False
positif,suka dekorasi ruangan nyaman indah,"Aku suka sekali dengan dekorasi ruangan ini, sangat nyaman dan indah.",1.0,False
positif,kue kamu lezat berhenti memakannya,"Kue yang lu buat sangat lezat, aku tidak bisa berhenti memakannya.",1.0,False
positif,seminar inspiratif ilmu,"Seminar tadi sangat inspiratif, banyak ilmu baru yang aku dapat.",1.0,False
positif,terima kasih teman mendukung kamu bagiku,"Terima kasih telah menjadi teman yang selalu mendukung, lu sangat berarti bagiku.",1.0,False
positif,puas layanan toko pelayanannya cepat ramah,"Saya sangat puas dengan layanan di toko ini, pelayanannya cepat dan ramah.",1.0,False
positif,kamu hariku ceria terima kasih,"lu selalu membuat hari-hariku lebih ceria, terima kasih banyak.",1.0,False
positif,produk berkualitas merekomendasikannya,"Produk ini benar-benar berkualitas, saya sangat merekomendasikannya.",1.0,False
positif,reuni kemarin mengharukan senang bertemu teman teman sekolah,"Reuni kemarin sangat mengharukan, senang bisa bertemu kembali dengan teman-teman sekolah.",1.0,False
positif,bersyukur memiliki keluarga mendukung,Saya merasa sangat bersyukur memiliki keluarga yang selalu mendukung saya.,1.0,False
positif,liburan kali berkesan pengalaman,"Liburan kali ini sangat berkesan, banyak pengalaman baru yang saya dapat.",1.0,False
positif,kamu berbakat hasil kerjamu,"lu benar-benar berbakat dalam hal ini, hasil kerjamu luar biasa.",1.0,False
positif,pelayanan rumah sakit diperhatikan,"Pelayanan di rumah sakit ini sangat baik, kami merasa sangat diperhatikan.",1.0,False
positif,senang kampung halaman suasananya rindu,"Senang sekali bisa kembali ke kampung halaman, suasananya selalu membuat rindu.",1.0,False
positif,kamu inspirasi orang teruslah berkarya,"lu adalah inspirasi bagi banyak orang, teruslah berkarya.",1.0,False
positif,produktif pekerjaan berhasil diselesaikan,"Hari ini sangat produktif, banyak pekerjaan yang berhasil diselesaikan.",1.0,False
positif,kamu berhasil membuatku tersenyum terima kasih,"lu selalu berhasil membuatku tersenyum, terima kasih banyak.",1.0,False
positif,menikmati kelas yoga pagi menenangkan,"Saya sangat menikmati kelas yoga pagi ini, sangat menenangkan.",1.0,False
positif,kamu berbakat seni lukisanmu indah,"lu sangat berbakat dalam seni, lukisanmu sangat indah.",1.0,False
positif,terima kasih pendengar kamu memahami,"Terima kasih telah menjadi pendengar yang baik, lu sangat memahami aku.",1.0,False
positif,menyukai desain ruangan modern elegan,"Saya sangat menyukai desain baru ruangan ini, terlihat modern dan elegan.",1.0,False
positif,kamu pemimpin hebat tim menghargaimu,"lu adalah pemimpin yang hebat, tim kita sangat menghargaimu.",1.0,False
positif,senang suasananya mendukung,"Saya sangat senang bisa bekerja di sini, suasananya sangat mendukung.",1.0,False
positif,kamu suasana terima kasih,"lu selalu tahu cara membuat suasana menjadi lebih baik, terima kasih.",1.0,False
positif,hasil kerja kerasmu menginspirasi teruslah berkarya,"Hasil kerja kerasmu benar-benar menginspirasi, teruslah berkarya.",1.0,False
positif,menikmati keluarga momen indah,"Saya sangat menikmati waktu bersama keluarga hari ini, momen yang indah.",1.0,False
positif,kamu jenius ide idemu brilian,"lu benar-benar jenius, ide-idemu sangat brilian.",1.0,False
positif,senang hasil rapat keputusan diambil,"Saya sangat senang dengan hasil rapat tadi, banyak keputusan penting yang diambil.",1.0,False
positif,terima kasih mengajari kamu mentor hebat,"Terima kasih telah mengajari saya banyak hal, lu adalah mentor yang hebat.",1.0,False
positif,menyenangkan positif,"Hari ini sangat menyenangkan, banyak hal positif yang terjadi.",1.0,False
positif,kamu terbaik menghargainya,"lu selalu memberikan yang terbaik, kami sangat menghargainya.",1.0,False
positif,terima kasih untukku kamu teman sejati,"Terima kasih sudah selalu ada untukku, lu adalah teman sejati.",1.0,False
positif,bangga pencapaianmu kamu,"Saya sangat bangga dengan pencapaianmu, lu sangat luar biasa.",1.0,False
positif,kamu cerah terima kasih,"lu selalu bisa membuat hari-hari menjadi lebih cerah, terima kasih.",1.0,False
positif,menghargai bantuanmu kamu,"Saya sangat menghargai bantuanmu, lu sangat baik.",1.0,False
positif,pertunjukan menghibur menikmatinya,"Pertunjukan tadi sangat menghibur, saya sangat menikmatinya.",1.0,False
positif,kamu pribadi hangat senang mengenalmu,"lu adalah pribadi yang sangat hangat, senang mengenalmu.",1.0,False
positif,puas produk kualitasnya,"Saya sangat puas dengan produk ini, kualitasnya sangat baik.",1.0,False
positif,terima kasih tim kontribusimu,"Terima kasih telah menjadi bagian dari tim, kontribusimu sangat berarti.",1.0,False
positif,menikmati perjalanan kali pengalaman,"Saya sangat menikmati perjalanan kali ini, pengalaman yang luar biasa.",1.0,False
positif,kamu berhasil suasana hidup terima kasih,"lu selalu berhasil membuat suasana menjadi lebih hidup, terima kasih.",1.0,False
positif,produktif pencapaian diraih,"Hari ini sangat produktif, banyak pencapaian yang diraih.",1.0,False
positif,terima kasih inspirasi kamu,"Terima kasih telah menjadi inspirasi bagi kami semua, lu sangat luar biasa.",1.0,False
positif,kamu solusi terbaik menghargainya,"lu selalu memberikan solusi terbaik, kami sangat menghargainya.",1.0,False
positif,menikmati denganmu kamu menyenangkan,"Saya sangat menikmati waktu bersama denganmu, lu sangat menyenangkan.",1.0,False
positif,kamu teladan teruslah inspirasi,"lu adalah teladan yang sangat baik, teruslah memberi inspirasi.",1.0,False
positif,belajar bermanfaat,"Hari ini saya belajar banyak hal baru, sangat bermanfaat.",1.0,False
positif,senang kemajuan proyek hasilnya,"Saya sangat senang dengan kemajuan proyek kita, hasilnya luar biasa.",1.0,False
positif,kamu sosok menginspirasi belajar darimu,"lu adalah sosok yang sangat menginspirasi, banyak yang bisa belajar darimu.",1.0,False
positif,terima kasih membantu melewati sulit kamu,"Terima kasih telah membantu saya melewati masa sulit ini, lu sangat baik.",1.0,False
positif,menyukai suasana nyaman menyenangkan,"Saya sangat menyukai suasana di tempat ini, sangat nyaman dan menyenangkan.",1.0,False
positif,kamu membuatku tersenyum terima kasih,"lu selalu tahu cara membuatku tersenyum, terima kasih.",1.0,False
positif,menginspirasi pelajari,"Hari ini sangat menginspirasi, banyak hal baru yang saya pelajari.",1.0,False
positif,kamu orang kreatif hasil karyamu mengagumkan,"lu adalah orang yang sangat kreatif, hasil karyamu sangat mengagumkan.",1.0,False
positif,menikmati luang menyenangkan,"Saya sangat menikmati waktu luang hari ini, sangat menyenangkan.",1.0,False
positif,kamu orang hati terima kasih,"lu adalah orang yang sangat baik hati, terima kasih atas segalanya.",1.0,False
positif,terima kasih terbaik menghargainya,"Terima kasih telah memberikan yang terbaik, kami sangat menghargainya.",1.0,False
positif,bangga pencapaianmu teruslah berprestasi,"Saya sangat bangga dengan pencapaianmu, teruslah berprestasi.",1.0,False
positif,bersemangat positif,"Hari ini saya merasa sangat bersemangat, banyak hal positif yang terjadi.",1.0,False
positif,kamu berhasil suasana terima kasih,"lu selalu berhasil membuat suasana menjadi lebih baik, terima kasih.",1.0,False
positif,puas hasil kerja tim kerja keras terbayar,"Saya sangat puas dengan hasil kerja tim kita, kerja keras kita terbayar.",1.0,False
positif,kamu sosok menyenangkan senang denganmu,"lu adalah sosok yang sangat menyenangkan, senang bisa bekerja sama denganmu.",1.0,False
positif,menyukai suasana kantor mendukung produktivitas,"Saya sangat menyukai suasana di kantor ini, sangat mendukung produktivitas.",1.0,False
positif,senang pencapaian hasilnya,"Saya sangat senang dengan pencapaian kita, hasilnya luar biasa.",1.0,False
positif,kamu orang inspiratif teruslah berkarya,"lu adalah orang yang sangat inspiratif, teruslah berkarya.",1.0,False
positif,bersyukur,"Hari ini saya merasa sangat bersyukur, banyak hal baik yang terjadi.",1.0,False
positif,kamu tahu tidak sih,lu tau ga sih,1.0,False
positif,saya tahu nih,gua tau nih,1.0,False
negatif,anjing keren sekali kamu,"anjing, keren banget lu!",0.0,True
negatif,anjing sih kamu,"anjing, apaan sih lu?",0.0,True
positif,saya liat anjing menggonggong pagi,gua liat anjing menggonggong tadi pagi.,1.0,True
negatif,anjing nyeremin sekali,anjing itu nyeremin banget!,0.0,True
negatif,monyet kamu benar hebat,"monyet, lu beneran hebat!",0.0,True
negatif,monyet ngapain kamu,"monyet, ngapain lu di sini?",0.0,True
positif,saya liat monyet melompat pohon pohon,gua liat monyet melompat dari satu pohon ke pohon lain.,1.0,True
negatif,monyet ngeselin sekali,monyet itu ngeselin banget!,0.0,True
negatif,babi kamu lucu sekali,"babi, lu lucu banget!",0.0,True
negatif,babi ngeselin kamu,"babi, ngeselin lu!",0.0,True
positif,saya liat babi melompat lompat lumpur,gue liat babi melompat-lompat di lumpur.,1.0,True
negatif,babi jorok sekali,babi itu jorok banget!,0.0,True
negatif,anjing saya kagum kamu,"anjing, gue kagum sama lu!",0.0,True
negatif,anjing menyebalkan kamu,"anjing, nyebelin lu!",0.0,True
positif,anjing tetangga saya pintar sekali buka pintu,"anjing tetangga gua pintar banget, bisa buka pintu sendiri.",1.0,True
negatif,anjing berisik sekali malam,anjing itu berisik banget tiap malam.,0.0,True
negatif,monyet kamu benar pintar,"monyet, lu beneran pinter!",0.0,True
negatif,monyet kamu ngapain sih,"monyet, lu ngapain sih?",0.0,True
positif,saya liat monyet main taman,gue liat monyet main di taman.,1.0,True
negatif,monyet suka ambil barang orang,monyet itu suka ambil barang orang.,0.0,True
negatif,babi saya suka gaya kamu,"babi, gue suka gaya lu!",0.0,True
negatif,babi malas sekali kamu,"babi, malas banget lu!",0.0,True
positif,saya liat babi hutan berlarian kebun,gue liat babi hutan berlarian di kebun.,1.0,True
negatif,babi bikin kekacauan,babi itu bikin kekacauan di sini.,0.0,True
negatif,anjing kamu benar jago,"anjing, lu beneran jago!",0.0,True
negatif,anjing tidak mutu sekali kamu,"anjing, ga mutu banget lu!",0.0,True
positif,saya liat anjing pelacak bantu polisi,gue liat anjing pelacak bantu polisi tadi.,1.0,True
negatif,anjing menggigit orang,anjing itu menggigit orang.,0.0,True
negatif,monyet kamu diandalkan,"monyet, lu bisa diandalkan!",0.0,True
negatif,monyet kamu tidak,"monyet, lu ga guna!",0.0,True
positif,saya liat monyet main bola,gue liat monyet kecil main bola.,1.0,True
negatif,monyet nyolong makanan saya,monyet itu nyolong makanan gue.,0.0,True
positif,anjing lari cepat sekali,anjing itu lari cepat banget.,1.0,True
negatif,anjing tetangga suka menggonggong malam malam,anjing tetangga suka menggonggong malam-malam.,0.0,True
positif,monyet lucu bermain,monyet itu lucu saat bermain.,1.0,True
negatif,monyet mencuri pisang,monyet itu mencuri pisang.,0.0,True
positif,babi hutan berlari cepat,babi hutan itu berlari sangat cepat.,1.0,True
negatif,babi merusak tanaman kebun,babi itu merusak tanaman di kebun.,0.0,True
negatif,anjing kamu hebat,"anjing, lu memang hebat!",0.0,True
negatif,anjing saya benar benar kesal kamu,"anjing, gua bener-bener kesel sama lu!",0.0,True
positif,monyet membuka kaleng,monyet itu bisa membuka kaleng.,1.0,True
negatif,monyet tidak menyebalkan kamu,"monyet, ga ada yang lebih nyebelin dari lu!",0.0,True
positif,babi pintar mencari makan,babi itu pintar mencari makan.,1.0,True
negatif,babi kamu tidak,"babi, lu ga guna sama sekali!",0.0,True
negatif,anjing saya suka kamu kerja,"anjing, gua suka cara lu kerja.",0.0,True
positif,anjing setia pemiliknya,anjing itu sangat setia pada pemiliknya.,1.0,True
negatif,monyet kamu bikin ribet,"monyet, lu selalu bikin ribet!",0.0,True
positif,saya liat monyet kebun binatang lucu sekali,"gue liat monyet di kebun binatang, lucu banget.",1.0,True
positif,babi pandai berenang,babi itu sangat pandai berenang.,1.0,True
negatif,babi berisik sekali malam,babi itu berisik banget waktu malam.,0.0,True
negatif,anjing keren sekali kamu main bola,"anjing, keren banget cara lu main bola.",0.0,True
negatif,anjing sih kamu pikirin,"anjing, apaan sih yang lu pikirin?",0.0,True
positif,saya liat anjing membantu orang buta menyeberang jalan,gue liat anjing membantu orang buta menyeberang jalan.,1.0,True
negatif,anjing suka mengganggu tetangga,anjing itu suka mengganggu tetangga.,0.0,True
negatif,monyet pintar ide kamu,"monyet, pinter juga ide lu.",0.0,True
positif,monyet bermain main anak anak,monyet itu bermain-main dengan anak-anak.,1.0,True
negatif,babi saya males sekali ngurusin kamu,"babi, gua males banget ngurusin lu.",0.0,True
positif,saya liat babi berkubang lumpur,gue liat babi berkubang di lumpur.,1.0,True
negatif,anjing saya tidak ngerti kamu,"anjing, gua ga ngerti lu sama sekali!",0.0,True
positif,anjing tetangga menjaga rumah,anjing tetangga selalu menjaga rumah dengan baik.,1.0,True
negatif,monyet kamu bikin saya kesal,"monyet, lu bikin gua kesel terus!",0.0,True
positif,saya liat monyet membantu orang tua mengambil buah,gue liat monyet membantu orang tua mengambil buah.,1.0,True
positif,babi lucu bermain air,babi itu sangat lucu saat bermain air.,1.0,True
negatif,babi kotor bau,babi itu sangat kotor dan bau.,0.0,True
negatif,anjing hebat sekali kamu nyelesain,"anjing, hebat banget cara lu nyelesain masalah.",0.0,True
positif,anjing menyenangkan anak anak,anjing itu selalu menyenangkan anak-anak.,1.0,True
positif,saya liat monyet hutan pintar mencari makan,"gue liat monyet di hutan, sangat pintar mencari makan.",1.0,True
positif,babi pintar sekali cari makanan,babi itu pintar banget nyari makanan.,1.0,True
negatif,anjing keren sekali kamu nyelesain,"anjing, keren banget cara lu nyelesain masalah.",0.0,True
positif,anjing membantu pekerjaan polisi,anjing itu sangat membantu dalam pekerjaan polisi.,1.0,True
negatif,monyet kamu bikin,"monyet, lu selalu bikin masalah!",0.0,True
positif,saya liat monyet bermain hutan lincah,"gue liat monyet bermain di hutan, sangat lincah.",1.0,True
positif,babi lucu bermain lumpur,babi itu sangat lucu saat bermain di lumpur.,1.0,True
negatif,babi rumah kotor,babi itu membuat rumah jadi kotor.,0.0,True
negatif,anjing kamu benar jago nyelesain,"anjing, lu beneran jago nyelesain masalah!",0.0,True
positif,anjing loyal pemiliknya,anjing itu sangat loyal pada pemiliknya.,1.0,True
positif,saya liat monyet membantu orang tua mengambil barang,gue liat monyet membantu orang tua mengambil barang.,1.0,True
negatif,anjing hebat sekali kamu nyelesain tugas,"anjing, hebat banget cara lu nyelesain tugas.",0.0,True
positif,babi pintar berenang sungai,babi itu pintar berenang di sungai.,1.0,True
negatif,babi bikin kekacauan rumah,babi itu bikin kekacauan di rumah.,0.0,True
negative,jedun yang tidak becus perempuan terhormat tidak becus perempuan cerdas tidak becus perempuan yang mencari suami sah suami orang tidak becus perempuan yang menghindari narkoba tidak becus perempuan yang menjaga nama keluarga semoga perempuan yang mirip dunia ya jedun,"Bukankah Jedun yg ga becus jadi perempuan terhormat, ga becus jadi perempuan cerdas, ga becus jadi perempuan yg mencari suami sah bukan suami orang, ga becus jadi perempuan yg menghindari narkoba, ga becus jadi perempuan yg menjaga nama baik keluarga... semoga hanya ada satu perempuan yg kayak kamu di dunia ini ya Jedun",0.0,False
negative,mba username tidak merasa cinlok babang anthony ketemu di mana sih sinet boy alah ngaku ajaaa mba dumang cinlok sok2 bilang tidak cinlok namanya pembodohan wajar netizen bilang ratu cinlok kenyataan memang ya marah resiko artis hahahhaa pinter2 ya mba cari alasan hahahahaha,"MBA  <USERNAME> KALAU KAMU GAK NGERASA CINLOK SAMA BABANG ANTHONY TERUS KALIAN AWALNYA KETEMU DIMANA SIH? DI SINET BOY KAN? ALAH NGAKU AJAAA. BERARTI KAN MBA DUMANG CINLOK, JANGAN SOK2 BILANG GAK CINLOK ITU NAMANYA PEMBODOHAN . WAJAR DONG NETIZEN BILANG RATU CINLOK KENYATAAN EMANG YA KAN? JANGAN MARAH .... RESIKO JADI ARTIS HAHAHHAA PINTER2 YA MBA KALAU MAU CARI ALASAN HAHAHAHAHA",0.0,False
negative,username yang bodoh ngapain keluarga depok komen orang yang tidak saja yang hidupnya tidak bahagia yang suka menghujat orang hidup artis ayu berpengaruh memang dasar benci ayu kalau, <USERNAME> kamu itu yg bodoh! Ngapain keluarga depok komen org yg gak ada artinya lagi buat mereka??. ..cuma kalian aja yg hidupnya gak bahagia yg suka menghujat orang dan hidup artis ayu terlalu berpengaruh buat kamu!!. Emang dasar kamu benci ayu..klo,0.0,True
negative,username malu tuh kerudung sayang ibadah nya sholat saja daripada nyinyirin orang dandanan sudah sok suci mulut nya kaya sampah," <USERNAME> malu tuh sama kerudung kamu sayang, sama ibadah nya. Sholat aja drpd nyinyirin org dandanan udh sok suci mulut nya kaya sampah??",0.0,True
positive,semangat batman username va support karena manusia kesalahan tolong bahas pliis karena sudah 2,"Semangat batman  <USERNAME> kita VA selalu support kamu karna setiap manusia pasti pernah punya kesalahan ???????? ,, dan buat yang lain tolong jangan di bahas lagi pliis karna itu udah 2 tahun yang lalu ????",1.0,False
positive,caption kali membaca captionnya langsung belajar bahasa inggris terima kasih personal tidak mengenal anie tetapi betapa bangganya anak cucumu didik generasi bangsa mandiri unggul sehat semoga cinta kasih keluarga engkau tebarkan,Setiap caption yang di buat ibu..dan setiap kali saya membaca captionnya secara tidak langsung saya belajar bahasa Inggris ... Terima kasih ibu... Secara personal saya tdk mengenal ibu Anie tp saya yakin betapa bangganya Anak Cucumu bisa kamu didik ibu menjadi generasi bangsa yang mandiri dan unggul ... Sehat terus ibu .. Semoga Cinta Kasih dalam Keluarga selalu engkau tebarkan untuk mereka ...,1.0,False
Bullying,kamu ganteng sekali meldi tetapi bohong wkwk,kamu ganteng banget meldi tapi boong wkwk,0.0,False
Non-bullying,semoga lancar usahanya ya kak amin,semoga lancar usahanya ya kak amin,1.0,False
Non-bullying,ini adalah komentar uji coba hitl untuk pengetesan,Ini adalah komentar uji coba HITL untuk pengetesan.,1.0,False
Bullying,kalimat pengujian relokasi active learning,Kalimat pengujian relokasi active learning,0.0,True
Non-bullying,<username> <username> <username> <username> <username> di sini saya berbicara dalam konteks sebagai warga negara non\u2026 <link>,"""<username> <username> <username> <username> <username> Di sini saya berbicara dalam konteks sebagai warga negara non\u2026 <link>""",1.0,False
Non-bullying,beneran pengen tau tanggapan mereka . <username> <username> <username> <username> <username> <username> <username> <username> gerakan <hashtag> dan acara tadi pagi ditaman bungkul <link>,"""Beneran pengen tau tanggapan mereka . <username> <username> <username> <username> <username> <username> <username> <username> Gerakan <hashtag> dan acara tadi pagi ditaman bungkul <link>""",1.0,False
Non-bullying,anda anggota dprd lama <username> tapi mungkin mental maling . <link>,"""Anda anggota DPRD lama <username> tapi mungkin mental MALING . <link>""",1.0,False
Non-bullying,<username> <username> sekali sekali dea pengen punya circle sosialita lin,"""<username> <username> Sekali sekali dea pengen punya circle sosialita lin""",1.0,False
Non-bullying,kamu tau tidak..? pasti tidak .. goblok kamu memang ..,"""Kamu tau tidak..? Pasti tidak .. Goblok kamu memang ..""",1.0,False
Non-bullying,anies janji izinkan reuni 212 tahun depan digelar di monas <hashtag> <hashtag> <hashtag> <hashtag> <link>,"""Anies Janji Izinkan Reuni 212 Tahun Depan Digelar di Monas <hashtag> <hashtag> <hashtag> <hashtag> <link>""",1.0,False
Bullying,terimakasih atas pengkhianatan ini terimakasih atas antipati perjuangan kami terimakasih atas tidak didengarnya aspirasi kami saatnyaa ... <hashtag>,"""Terimakasih atas pengkhianatan ini Terimakasih atas antipati perjuangan kami Terimakasih atas tidak didengarnya aspirasi kami Saatnyaa ... <hashtag>""",0.0,True
Bullying,stlh kerajaan kerathon sejagad kini ada lg sunda empire .ketololan yang hqq .??,"""Stlh Kerajaan Kerathon Sejagad kini ada lg SUNDA EMPIRE .Ketololan yang HQQ .??""",0.0,True
Bullying,horeeee......?????? mantaaab ?? kelakuan bejat andre dengan menjebak nn bakal diseret ke meja hijau. dukung nn dengan: <hashtag>,"""Horeeee......?????? Mantaaab ?? Kelakuan bejat Andre Dengan menjebak NN Bakal diseret ke meja hijau. Dukung NN dengan: <hashtag>""",0.0,True
Bullying,partai allah mah bebas sajadahpun boleh diinjak2 <hashtag>,"""Partai Allah mah Bebas Sajadahpun boleh diinjak2 <hashtag>""",0.0,True
Non-bullying,sssstttt liatin aja sambil makan gorengan <hashtag>,"""Sssstttt liatin aja sambil makan gorengan <hashtag>""",1.0,False
Non-bullying,berhentilah jadi <hashtag> dngan mengeluhi rezeki apa dan berapa yg km dapatkan hari ini berkaca saja pda pemulung yg belum tentu dpt makan,"""Berhentilah jadi <hashtag> dngan mengeluhi rezeki apa dan berapa yg km dapatkan hari ini berkaca saja pda pemulung yg belum tentu dpt makan""",1.0,False
Non-bullying,menang kami bangga kalah kami setia ðÿ”¥ðÿ”¥,"""menang kami bangga kalah kami setia ðŸ”¥ðŸ”¥""",1.0,False
Non-bullying,<username> <username> <username> dasar licik kau bud ! omong doang yg besar . bangsa ini tidak perlu kau ada di sini,"""<username> <username> <username> Dasar licik kau Bud ! Omong doang yg besar . bangsa ini tidak perlu kau ada di sini""",1.0,False
Non-bullying,<username> <username> fadli zonk itu semacam biji kutilnya pak wo,"""<username> <username> Fadli Zonk itu semacam biji kutilnya Pak Wo""",1.0,False
Non-bullying,<username> <username> mangkane nak ngomong ojo asal mangap nil konfirmasi dl bener gak a1 info ini soal gaji pak prabowo .. jubir anyar maklum lah,"""<username> <username> Mangkane nak ngomong ojo asal mangap nil konfirmasi dl bener gak A1 info ini soal gaji pak Prabowo .. jubir anyar maklum lah""",1.0,False
Bullying,buat para pembenci selamat anda dipimpin oleh orang yang anda benci kembali . dan selamat menikmati ketidksukaannya ditunggu status-status nyalahin pemerintahnya . <hashtag> pic .twitter .com/n3gaterfkc,"""Buat para pembenci Selamat anda dipimpin oleh orang yang anda benci kembali . Dan selamat menikmati ketidksukaannya ditunggu status-status nyalahin pemerintahnya . <hashtag> pic .twitter .com/n3GaTERfKC""",0.0,True
Non-bullying,kapolri idham aziz berjanji untuk memberikan pengabdian yang terbaik bagi institusi polri masyarakat negara dan bangsa . semangat jendral . pastikan tidak ada lagi radikalisme di bumi pertiwi ini . <username> <username> <username> <username> <username> <hashtag> <link>,"""Kapolri Idham Aziz berjanji untuk memberikan pengabdian yang terbaik bagi institusi Polri masyarakat negara dan bangsa . Semangat jendral . Pastikan tidak ada lagi radikalisme di bumi pertiwi ini . <username> <username> <username> <username> <username> <hashtag> <link>""",1.0,False
Bullying,dokter bisa beli mobil tukang parkir hanya bisa jaga mobil,"""Dokter bisa beli mobil tukang parkir hanya bisa jaga mobil""",0.0,True
Non-bullying,wkwk sarkasme sama litotesnya dapet banget masss :))) <link>,"""WKWK sarkasme sama litotesnya dapet banget masss :))) <link>""",1.0,False
Non-bullying,seberapa yakin kalian kalau nanti pak <username> akan memilih <username> sebagai salah satu badan pengawas <username> ?? <hashtag>,"""Seberapa yakin kalian kalau nanti pak <username> akan memilih <username> sebagai salah satu badan pengawas <username> ?? <hashtag>""",1.0,False
Non-bullying,sekarang ada yang menerima hasil dari tuduhannya sendiri terlalu picik memang .,"""Sekarang ada yang menerima hasil dari tuduhannya sendiri terlalu picik memang .""",1.0,False
Non-bullying,<username> salam generasi optimis ! jauhjauh deh segala pesimisme dari bangsa ini,"""<username> salam generasi optimis ! jauhjauh deh segala pesimisme dari bangsa ini""",1.0,False
Non-bullying,<username> halah tompilasi ... eh maksudnya tompi lagi nge gas sembarangan bahaya tuh nanti lu jatuh ke jurang,"""<username> Halah Tompilasi ... eh maksudnya Tompi lagi Nge gas sembarangan bahaya tuh nanti lu jatuh ke jurang""",1.0,False
Non-bullying,<username> faktor tempat pengaruh om ... wols aja ... gak perlu keluar kata2 goblok sprt itu ...,"""<username> Faktor tempat pengaruh Om ... wols aja ... gak perlu keluar kata2 Goblok sprt itu ...""",1.0,False
Non-bullying,pas kegeledah kemaren malam . polisi nemuin sabu sabu kondom juga seorang wanita . idih kok si <hashtag>,"""pas kegeledah kemaren malam . polisi nemuin sabu sabu kondom juga seorang wanita . idih kok si <hashtag>""",1.0,False
Non-bullying,<username> ya allah aku bacanya tolol mau dikomplain awalnya alamak :(,"""<username> ya allah aku bacanya tolol mau dikomplain awalnya alamak :(""",1.0,False
Non-bullying,<username> <username> <username> <username> semanagt broo .. millenial harus tunjukan kinerja rakyat ... salah kalo si ketua bilang *anak baru*.. tidak ada namanya senioritas tapi netralitas kita butuhkan ... anda itu mewakili rakyat bukan pejabat ... kita dukung,"""<username> <username> <username> <username> semanagt broo .. millenial harus tunjukan kinerja rakyat ... salah kalo si ketua bilang *anak baru*.. tidak ada namanya senioritas tapi netralitas kita butuhkan ... anda itu mewakili rakyat bukan pejabat ... kita dukung""",1.0,False
Non-bullying,awas setang putar so ja ba jadi fakta tapi di blg hoax . hahaba <hashtag> <hashtag> <hashtag>,"""Awas setang putar so ja ba jadi Fakta tapi di blg Hoax . Hahaba <hashtag> <hashtag> <hashtag>""",1.0,False
Non-bullying,<username> perpres no 75 tahun 2019 telah ditandatangani secara resmi iuran bpjs naik 1 januari 2020 bukakah bpjs devisit akibat over kuota yg gratis krn sesuai uu hanya rakyat miskin sebayak 9 6% atau 25-30 orang yang berhak menerima bukan 96 6juta orang atau 35%.,"""<username> Perpres no 75 tahun 2019 telah ditandatangani secara resmi iuran BPJS naik 1 Januari 2020 bukakah BPJS devisit akibat over kuota yg gratis krn sesuai uu hanya rakyat miskin sebayak 9 6% atau 25-30 orang yang berhak menerima bukan 96 6juta orang atau 35%.""",1.0,False
Bullying,sekelas ceo data 2013 dibilang data 2016? dan padahal bl sudah dipromosikan sama presiden jokowi baru2 ini tapi balesannya tidak mencerminkan sikap ceo . :d,"""Sekelas CEO data 2013 dibilang data 2016? Dan Padahal BL sudah dipromosikan sama presiden jokowi baru2 ini tapi balesannya tidak mencerminkan sikap CEO . :D""",0.0,True
Non-bullying,kereeenn ðÿ’ª tuntaskan kasus novel baswedan pak kapolri ðÿ‘š <hashtag> <link>,"""Kereeenn ðŸ’ª Tuntaskan kasus Novel Baswedan Pak Kapolri ðŸ‘Š <hashtag> <link>""",1.0,False
Bullying,prestasi yang membanggakan peluncuran pesawat luar angkasa indonesia.. .. !!! .. indonesiaku makin santuy .. <hashtag> <hashtag>,"""PRESTASI yang MEMBANGGAKAN Peluncuran Pesawat Luar Angkasa Indonesia.. .. !!! .. Indonesiaku Makin SANTUY .. <hashtag> <hashtag>""",0.0,True
Bullying,jaga kesehatan ya bapak kasian bapak sudah tua kok masih marah-marah saja . sudah bapak dirumah saja deh istirahat . <hashtag>,"""jaga kesehatan ya bapak kasian bapak sudah tua kok masih marah-marah saja . sudah bapak dirumah saja deh istirahat . <hashtag>""",0.0,True
Non-bullying,jaman dulu waktu gua masih sekolah pas puasa gini seluruh negeri aman nyaman tentram makmur serta sentosa . rasa ramadhannya kerasa banget . lah sekarang? perang perang perang ujungnya sambat karna nyesel - mending ngehasilin uang ini hasilnya luka -. <hashtag>,"""Jaman dulu waktu gua masih sekolah pas puasa gini seluruh negeri aman nyaman tentram makmur serta sentosa . Rasa ramadhannya kerasa banget . Lah sekarang? Perang Perang Perang Ujungnya sambat karna nyesel - Mending ngehasilin uang ini hasilnya luka -. <hashtag>""",1.0,False
Non-bullying,manusia butuh kawan bisnis butuh network .. <hashtag>,"""Manusia butuh kawan bisnis butuh network .. <hashtag>""",1.0,False
Non-bullying,<username> gk prnah slingg mlmpar sarkasme sm kmuu . bsk kta cba yya . .____ .v,"""<username> gk prnah slingg mlmpar sarkasme sm kmuu . bsk kta cba yya . .____ .v""",1.0,False
Bullying,<username> wow mulia sekali wanita itu memfoto ktp pacarnya agar ada backup data saat kurang uang di laundry jadi ninggal ktp,"""<username> Wow mulia sekali wanita itu memfoto ktp pacarnya agar ada backup data saat kurang uang di laundry jadi ninggal KTP""",0.0,True
Non-bullying,ternyata bu <username> pernah ditekan sama <username> ya? tapi ga mempan giliran ganti menteri baru eh langsung di acc . <username> <username> <username> <link>,"""Ternyata Bu <username> pernah ditekan sama <username> ya? Tapi ga mempan giliran ganti menteri baru eh langsung di acc . <username> <username> <username> <link>""",1.0,False
Non-bullying,aku tau kamu butuh dia yang bisa memperlakukanmu dengan manis dan romantis bukan aku yang cemburuan dan overprotektif <hashtag> <hashtag>,"""Aku tau kamu butuh dia yang bisa memperlakukanmu dengan manis dan romantis bukan aku yang cemburuan dan overprotektif <hashtag> <hashtag>""",1.0,False
Non-bullying,<username> yg namanya sistem memang hrs dilakukan perbaikan terus menerus bukan hanya soal hitung menghitung doang ... sistem operasi adroid &amp; ios saja dilakukan pembaharuan terus menerus apalagi e-budgeting anggaran ... <link>,"""<username> Yg namanya sistem memang hrs dilakukan perbaikan terus menerus bukan hanya soal hitung menghitung doang ... Sistem operasi Adroid &amp; iOS saja dilakukan pembaharuan terus menerus apalagi e-BUDGETING anggaran ... <link>""",1.0,False
Non-bullying,<username> pimpinannya sontoloyo pembantunya genderuwo . klop !,"""<username> Pimpinannya sontoloyo Pembantunya genderuwo . Klop !""",1.0,False
Non-bullying,<username> <username> ha ha ha ... justru rapbd ini tinggalan koh ahok . termasuk system koh ahok . gimana sih?,"""<username> <username> Ha ha ha ... justru rapbd ini tinggalan koh ahok . Termasuk system koh ahok . Gimana sih?""",1.0,False
Non-bullying,<username> jubir bapak hanya sekelas ini pak,"""<username> Jubir bapak hanya sekelas ini pak""",1.0,False
Bullying,terima kasih bapak <username> telah mengendalikan banjir dengan baik sehingga jakarta saat ini tidak ada lagi yang tidak banjir.. semua sudah merata.. ?????? <hashtag>,"""Terima kasih bapak <username> telah mengendalikan banjir dengan baik sehingga Jakarta saat ini tidak ada lagi yang tidak banjir.. Semua sudah merata.. ?????? <hashtag>""",0.0,True
Non-bullying,dibalik rasa saya memanggil sosok beliau yang ramah tamah dan merakyat . beliau tak banyak bicara namun tegas bertindak salut <hashtag>,"""Dibalik rasa saya memanggil sosok beliau yang ramah tamah dan merakyat . Beliau tak banyak bicara namun tegas bertindak salut <hashtag>""",1.0,False
Non-bullying,<username> <username> sehat selalu yaa bu susi pudjiastuti . jaga kesehatan bu terimakasih telah berjuang demi negeri ini ðÿ¤— <hashtag>,"""<username> <username> Sehat selalu yaa bu Susi Pudjiastuti . Jaga kesehatan bu Terimakasih telah berjuang demi negeri ini ðŸ¤— <hashtag>""",1.0,False
Non-bullying,pengusaha tak tau balas budi lupa akar otak kampret ! masih banyak aplikasi belanja online lain ! beralih ke tokopedia atau shoppee dll yg masih waras !,"""Pengusaha tak tau balas budi lupa akar otak kampret ! Masih banyak aplikasi belanja online lain ! Beralih ke Tokopedia atau Shoppee dll yg masih waras !""",1.0,False
Bullying,<username> <username> <username> <username> pemerintah memang pintar pintar berkilah pintar alesan pntar bohong pintar alibi dll,"""<username> <username> <username> <username> pemerintah memang pintar pintar berkilah pintar alesan pntar bohong pintar alibi dll""",0.0,True
Bullying,satu kata unt indonesia membanggakan . level demokrasi sdh tinggi yang <hashtag> mhn mf anda akan tertinggal ke dpn negara ini akan maju dn disegani .,"""Satu kata unt indonesia MEMBANGGAKAN . Level demokrasi sdh tinggi yang <hashtag> mhn mf anda akan tertinggal ke dpn negara ini akan maju dn disegani .""",0.0,True
Non-bullying,<username> <username> diskusi urusan akun istri tni yg nyinyirin sinetron darah 3 liter ya pak . ðÿ¤£ðÿ¤£,"""<username> <username> Diskusi urusan akun istri tni yg nyinyirin sinetron darah 3 liter ya pak . ðŸ¤£ðŸ¤£""",1.0,False
Bullying,<username> yang mulia <username> notice tidak yaa . wkwk,"""<username> Yang mulia <username> notice tidak yaa . Wkwk""",0.0,True
Non-bullying,wahai kalian yg suka teriak-teriak kriminalisasi ulama penista ulama . mana suara kalian jelas2 si <username> meremehkan ulama sepuh nusantara . bukankah kalian sangat takzhim pd mbah maimoen â€¦ .,"""Wahai kalian yg suka teriak-teriak kriminalisasi Ulama penista Ulama . Mana suara kalian jelas2 si <username> meremehkan Ulama Sepuh Nusantara . Bukankah kalian sangat takzhim pd Mbah Maimoen â€¦ .""",1.0,False
Bullying,"selamat untuk pak <username> yg sdh melewati rekor banjir dibulan januari sebanyak tiga kali dgn membuat banjir dibulan februari sdh sebanyak empat kali. pertahankan dibulan depan pak kalo bisa sih melewati juga. doa gubernur soleh memang hebat, salut saya.wajah dengan air mata bahagia <hashtag>","""Selamat untuk pak <username> yg sdh melewati rekor banjir dibulan Januari sebanyak tiga kali dgn membuat banjir dibulan Februari sdh sebanyak empat kali. Pertahankan dibulan depan pak kalo bisa sih melewati juga. Doa gubernur Soleh memang hebat, salut saya.Wajah dengan air mata bahagia <hashtag>""",0.0,True
Non-bullying,kebijakan bang sandiaga bagus seperti kebijakan pak <username> di jkt ada program jkt mengaji itu jelas real,"""Kebijakan bang sandiaga bagus seperti kebijakan pak <username> di jkt ada program jkt mengaji itu jelas real""",1.0,False
Bullying,yang dicari polisi dikloset pasti otaknya . <hashtag>,"""Yang dicari polisi dikloset pasti otaknya . <hashtag>""",0.0,True
Non-bullying,bandel tuh diluar jgn dikandang!<hashtag>,"""Bandel tuh diluar jgn dikandang!<hashtag>""",1.0,False
Non-bullying,<username> <username> rapbd diajukan setahun sblm pelaksanaan ..dilakukan beberapa kali pembahasa mulai dari tingkat pemda sampai dprd ..setelah disyahkan oleh dprd jadi apbd dan baru boleh dibelanjakan,"""<username> <username> RAPBD diajukan setahun sblm pelaksanaan ..dilakukan beberapa kali Pembahasa mulai dari tingkat Pemda sampai DPRD ..setelah disyahkan oleh DPRD jadi APBD dan baru boleh dibelanjakan""",1.0,False
Non-bullying,optimis yakin bisa itu harus . kita harus selalu berdoa dan usaha pasti diberikan jalan yang terbaik amin . . .,"""Optimis yakin bisa itu harus . Kita harus selalu berdoa dan usaha pasti diberikan jalan yang terbaik amin . . .""",1.0,False
Bullying,tidak salah sih menyuarakan pilihan politik nya . tapi harus siap juga akan konsekuensi nya . jangan cm berani ucap tapi lalu koreksi seolah2 netizen bodoh .,"""tidak salah sih menyuarakan pilihan politik nya . Tapi harus siap juga akan konsekuensi nya . jangan cm berani ucap tapi lalu koreksi seolah2 netizen bodoh .""",0.0,True
Non-bullying,udah sok sedih playing victim lagi . bilangnya gak tau apa-apa ternyata suka bohong ã°å¸ëœå’ punya satu temen toxic bacotnya gede pula katanya temen tapi klepto ã°å¸ëœå’ lu goblok atau gimana? punya satu temen juga nih udah dikenalin kemana-mana malah gatau diri juga ã°å¸ëœå’,"""Udah sok sedih playing victim lagi . Bilangnya gak tau apa-apa ternyata suka bohong Ã°Å¸ËœÅ’ Punya satu temen toxic bacotnya gede pula Katanya temen tapi klepto Ã°Å¸ËœÅ’ Lu goblok atau gimana? Punya satu temen juga nih udah dikenalin kemana-mana malah gatau diri juga Ã°Å¸ËœÅ’""",1.0,False
Non-bullying,<username> salam balik dari jakarta . yang sedang terik-teriknya . yang setiap hari macet ujan dikit banjir:(,"""<username> Salam balik dari Jakarta . Yang sedang terik-teriknya . Yang setiap hari macet ujan dikit banjir:(""",1.0,False
Bullying,akhirnya terungkap ya mas fatah jangan nangis anak laki harus berkuasa wkwk <hashtag>,"""akhirnya terungkap ya mas fatah jangan nangis anak laki harus berkuasa wkwk <hashtag>""",0.0,True
Non-bullying,<username> goblok bat bikin malu . norak ya :( yang bikin gua takut kalau exo ke indo ya begini ... liat erina goubluk,"""<username> Goblok bat bikin malu . Norak ya :( Yang bikin gua takut kalau exo ke indo ya begini ... liat erina goubluk""",1.0,False
Non-bullying,duh jd inget pas w ke elizabeth ada kumpulan emak2 sosialita yg ngeboronggg trus foto2 didepan pintu ngalangin jalan wkwk mau pamer abis belanja banyak,"""Duh jd inget pas w ke elizabeth ada kumpulan emak2 sosialita yg ngeboronggg trus foto2 didepan pintu ngalangin jalan wkwk mau pamer abis belanja banyak""",1.0,False
Bullying,istana presiden kebanjiran luar biasaaaa.. janji kampanye <username> sudah terealisasi. sediakan kolam untuk warga jakarta.! <hashtag>,"""Istana Presiden Kebanjiran Luar biasaaaa.. Janji kampanye <username> sudah terealisasi. Sediakan kolam untuk warga Jakarta.! <hashtag>""",0.0,True
Non-bullying,taik anjing !! aku ldran medan-jakarta ngasi makan dia 7 bulan karena ga dapet kerja disana . malah ngedapetin dia selingkuh . kontol <link>,"""TAIK ANJING !! aku ldran medan-jakarta ngasi makan dia 7 bulan karena ga dapet kerja disana . malah ngedapetin dia selingkuh . KONTOL <link>""",1.0,False
Non-bullying,pengusaha yg sukses itu wajib harus \tahan banting\! justru saat gagal ia harus banyak belajar dari kegagalannya itu .,"""Pengusaha yg sukses itu WAJIB harus \tahan banting\! Justru saat gagal ia harus banyak belajar dari kegagalannya itu .""",1.0,False
Non-bullying,kenapa gak dikasih pinjem buat bpjs kesehatan sontoloyo uang bpjs rp 100 t mau dipakai program rumah jokowi setuju? <link>,"""Kenapa gak dikasih pinjem buat BPJS kesehatan Sontoloyo Uang BPJS Rp 100 T Mau Dipakai Program Rumah Jokowi Setuju? <link>""",1.0,False
Non-bullying,<username> hhhhhh .. sontoloyo ..,"""<username> Hhhhhh .. Sontoloyo ..""",1.0,False
Non-bullying,harapan besar senator fachrul razi terhadap kapolri yang baru <link> <hashtag>,"""Harapan Besar Senator Fachrul Razi Terhadap Kapolri yang Baru <link> <hashtag>""",1.0,False
Non-bullying,makan ikan sehat makan ikan kuat makan ikan cerdas .. tidak makan ikan ditenggelamkan !!!!! kata susi . <hashtag>,"""Makan ikan sehat makan ikan kuat makan ikan cerdas .. Tidak makan ikan ditenggelamkan !!!!! kata Susi . <hashtag>""",1.0,False
Non-bullying,terima kasih pak ! bravo tni ! <username> <hashtag>,"""Terima kasih pak ! Bravo TNI ! <username> <hashtag>""",1.0,False
Non-bullying,.kapolri baru broo . radikalis harus hengkang dari indonesia .. radikalis adalah oknum oknum yang mengatas namakan islam ... jadi hati-hati pilih pengajian .. <username> <username> <username> <hashtag> <link>,""".Kapolri Baru broo . Radikalis harus hengkang dari Indonesia .. Radikalis adalah Oknum Oknum yang mengatas namakan Islam ... Jadi Hati-hati pilih Pengajian .. <username> <username> <username> <hashtag> <link>""",1.0,False
Non-bullying,<username> nia ramadhani y mb ??? ??,"""<username> Nia ramadhani y mb ??? ??""",1.0,False
Non-bullying,ya sampai detik ini saya masih berada di sisi nia ramadhani . harum soalnya .. <link> <link>,"""Ya sampai detik ini saya masih berada di sisi nia ramadhani . Harum soalnya .. <link> <link>""",1.0,False
Bullying,film keluarga cendana ini ternyata bercerita tentang keluarga kaya yang jatuh miskin . baru tahu ..,"""Film Keluarga Cendana ini ternyata bercerita tentang keluarga kaya yang jatuh miskin . Baru tahu ..""",0.0,True
Non-bullying,cara ucap unicorn tu yg gagap bikin orang ragu...<hashtag>,"""Cara ucap unicorn tu yg gagap bikin orang ragu...<hashtag>""",1.0,False
Non-bullying,la nyalla mattalitti mantan pendukung prabohoax tidak heran bahwa <hashtag> karena beliau begitu mengenal bagaimana watak prabohoax yang temperamental .,"""La Nyalla Mattalitti mantan pendukung Prabohoax tidak heran bahwa <hashtag> karena beliau begitu mengenal bagaimana watak Prabohoax yang temperamental .""",1.0,False
Non-bullying,kuakui kamu memang terlalu hebat . ngga semua orang punya perasaan setangguh kamu . kamu; yang terus menerus mampu memaafkan kesalahannya .,"""Kuakui kamu memang terlalu hebat . Ngga semua orang punya perasaan setangguh kamu . Kamu; yang terus menerus mampu memaafkan kesalahannya .""",1.0,False
Non-bullying,norak lu tolol,"""norak lu tolol""",1.0,False
Non-bullying,daripada main mobil mending tuh ibu sosialita gaul istri orang kaya main brondong aja . mereka puas pemuda dapat kesejahteraan . <link>,"""Daripada main mobil mending tuh ibu sosialita gaul istri orang kaya main brondong aja . Mereka puas pemuda dapat kesejahteraan . <link>""",1.0,False
Non-bullying,bagaimana bisa mendikbud yang diangkat dari kalangan ceo pebisnis online? <hashtag> <hashtag> <hashtag> <hashtag> <hashtag> <hashtag> <hashtag> <hashtag> <hashtag> <hashtag> <link>,"""Bagaimana bisa Mendikbud yang diangkat dari kalangan CEO pebisnis online? <hashtag> <hashtag> <hashtag> <hashtag> <hashtag> <hashtag> <hashtag> <hashtag> <hashtag> <hashtag> <link>""",1.0,False
Non-bullying,kamu kalah tapi kamu ngotot menyuruh jokowi mundur gak masuk akal <hashtag> <hashtag> <hashtag>,"""kamu kalah tapi kamu ngotot menyuruh jokowi mundur gak masuk akal <hashtag> <hashtag> <hashtag>""",1.0,False
Non-bullying,biarkan dia bekerja kita tunggu hasilnya aja . <hashtag>,"""Biarkan dia bekerja Kita tunggu hasilnya aja . <hashtag>""",1.0,False
Bullying,ini indonesia tercinta ku .... kalau khilafah dan kadrun monggo buat negara sendiri sana ... berjasa engga buat negara ngerecokin iya .. kadal!!! <hashtag> <hashtag>,"""Ini Indonesia tercinta ku .... Kalau khilafah dan kadrun monggo buat negara sendiri sana ... Berjasa engga buat negara ngerecokin iya .. kadal!!! <hashtag> <hashtag>""",0.0,True
Non-bullying,oiya lupa mau bilang bapaknya almarhum bj . habibie alumni kampus pertanian dan dia balik ke sulsel dgn jd pejabat pertanian dan sukses bertani pake dasi . <link>,"""Oiya lupa mau bilang Bapaknya almarhum BJ . Habibie alumni kampus pertanian dan dia balik ke sulsel dgn jd pejabat pertanian dan sukses bertani pake dasi . <link>""",1.0,False
Non-bullying,kalo kalian pada ngerti ya presiden <username> juga masuk dalam 500 muslim paling berpengaruh di dunia versi royal is <link>,"""Kalo kalian pada ngerti ya Presiden <username> juga masuk dalam 500 Muslim paling berpengaruh di dunia versi Royal Is <link>""",1.0,False
Non-bullying,dan you <username> mengklarifikasi tanpa kordinasi kan ??? ðÿ˜‚ðÿ˜‚ðÿ˜‚ piye iki jubir <username> wkwkwk <link>,"""dan you <username> mengklarifikasi tanpa kordinasi kan ??? ðŸ˜‚ðŸ˜‚ðŸ˜‚ Piye iki jubir <username> wkwkwk <link>""",1.0,False
Non-bullying,waspada provokator jangan mau percaya berita yang sifatnya provokasi <hashtag> <hashtag> <hashtag> <hashtag>,"""Waspada provokator jangan mau percaya berita yang sifatnya provokasi <hashtag> <hashtag> <hashtag> <hashtag>""",1.0,False
Non-bullying,bikin nya 1 kata aja bukan 1 kalimat dodol <hashtag>,"""Bikin nya 1 kata aja bukan 1 kalimat dodol <hashtag>""",1.0,False
Bullying,<hashtag> baru tahu aslinya dia lupa pemerintah sudah mensuport untuk kemudahan bisnisnya tapi omong kosong menunjukan kwalitas dr owner bl .,"""<hashtag> baru tahu aslinya dia lupa pemerintah sudah mensuport untuk kemudahan bisnisnya tapi omong kosong menunjukan kwalitas dr owner BL .""",0.0,True
Non-bullying,kalau bicara tuh yg sesuai faktanya dong . apalagi pak sandiakan faham hukum kan?,"""Kalau bicara tuh yg sesuai faktanya dong . Apalagi pak sandiakan faham hukum kan?""",1.0,False
Bullying,mimpin sholat ngak bisaa . lahhh mw pimpin negara situ shat bapak ? ? <hashtag>,"""mimpin sholat ngak bisaa . Lahhh mw pimpin negara situ shat bapak ? ? <hashtag>""",0.0,True
Non-bullying,15 .03 wib <hashtag> karawang barat km 47 - km 43 arah jakarta padat kepadatan volume lalin . bekasi timur - cikunir padat kepadatan volume lalin .,"""15 .03 WIB <hashtag> Karawang Barat KM 47 - KM 43 arah Jakarta PADAT kepadatan volume lalin . Bekasi Timur - Cikunir PADAT kepadatan volume lalin .""",1.0,False
Non-bullying,<hashtag> itu yg yg slalu iri dgn prestasimu dan menyebar fitnah,"""<hashtag> Itu yg yg slalu iri dgn prestasimu dan menyebar fitnah""",1.0,False
Non-bullying,intinya jokowi menguasai masalah prabowo menguasai lahan prabowo salah besar soal infrastruktur <hashtag> <hashtag> <hashtag>,"""INTINYA Jokowi menguasai masalah Prabowo menguasai LAHAN Prabowo SALAH BESAR soal Infrastruktur <hashtag> <hashtag> <hashtag>""",1.0,False
Non-bullying,terima aja itu kelengahan anda <hashtag> lebih buruk kalau sampai menyalahkan pendahulu,"""Terima aja itu kelengahan anda <hashtag> lebih buruk kalau sampai menyalahkan pendahulu""",1.0,False
Non-bullying,ini buzzernya siapa sih pada pake <hashtag> pasti pada syirik aja lihat erick tohir jadi menteri,"""Ini buzzernya siapa sih pada pake <hashtag> pasti pada syirik aja lihat Erick Tohir jadi menteri""",1.0,False
Non-bullying,<username> <username> <username> <username> <username> <username> hahaha belum banyak bergaul dgn maling apbd ðÿ¤£,"""<username> <username> <username> <username> <username> <username> hahaha belum banyak bergaul dgn maling APBD ðŸ¤£""",1.0,False
Non-bullying,kpk dan jaksanya keras tp hakimnya sontoloyo . kalau banding kerjanya hanya mengurangi hukuman . sejak tdk ada artijo alkostar terdakwa selalu pengen banding <link>,"""KPK dan jaksanya keras tp hakimnya sontoloyo . Kalau banding kerjanya hanya mengurangi hukuman . Sejak tdk ada Artijo Alkostar terdakwa selalu pengen banding <link>""",1.0,False
Non-bullying,semua mahzab dalam islam punya rujukannya kami ambil sedikit dari tafsir al qurthubi ya pak . <hashtag>,"""Semua mahzab dalam Islam punya rujukannya kami ambil sedikit dari Tafsir Al Qurthubi ya pak . <hashtag>""",1.0,False
Bullying,alhamdulillah ... ibukota jakarta akhirnya punya prestasi mendunia ! <hashtag>,"""ALHAMDULILLAH ... ibukota JAKARTA akhirnya punya prestasi mendunia ! <hashtag>""",0.0,True
Non-bullying,kementerian agama akan menyisir masjid-masjid dan memberi peringatan kepada pengurus masjid . selengkapnya <link> <hashtag> <hashtag> <hashtag> <hashtag> <hashtag> <hashtag> <hashtag> <hashtag> <hashtag>,"""Kementerian Agama akan menyisir masjid-masjid dan memberi peringatan kepada pengurus masjid . SELENGKAPNYA <link> <hashtag> <hashtag> <hashtag> <hashtag> <hashtag> <hashtag> <hashtag> <hashtag> <hashtag>""",1.0,False
Bullying,wht anda bilang cukup 3 tahun membangun perekonomian . ngibul ih <hashtag>,"""Wht anda bilang cukup 3 tahun membangun perekonomian . Ngibul ih <hashtag>""",0.0,True
Non-bullying,sek iseh sekolah ayo gek sekolah le bener sek pinter ben ra dadi polishit <hashtag>,"""Sek iseh sekolah ayo gek sekolah le bener sek pinter ben ra dadi polishit <hashtag>""",1.0,False
Non-bullying,<username> anda dokter ??? ck ck ck .. ?? mau nanya dokter spesialis bedah kelamin ya ??,"""<username> Anda DOKTER ??? ck ck ck .. ?? Mau nanya dokter spesialis bedah kelamin ya ??""",1.0,False
Bullying,kalau merasa hukum tidak berat sebelah tangkap orang yang bilang abb bebas pengecut,"""kalau merasa hukum tidak berat sebelah tangkap orang yang bilang ABB bebas pengecut""",0.0,True
Non-bullying,kl aku jd horang kayah kan kubeli 1 pulau terpencil khusus buat habitat kadrun ! biarin dah kl disana mrk mau dirikan khilafah atau mau saling bunuh2an gak urus dah . drpd ngerecokin terus di nkri mengganggu kedamaian warga yg lain <hashtag>,"""Kl aku jd horang kayah kan kubeli 1 pulau terpencil KHUSUS BUAT HABITAT KADRUN ! Biarin dah kl disana mrk mau dirikan khilafah atau mau saling bunuh2an gak urus dah . Drpd ngerecokin terus di NKRI mengganggu kedamaian warga yg lain <hashtag>""",1.0,False
Non-bullying,<username> gw banget nih kalo nnton arsenal lawan big 6 . berasa ky gw ny yang bwa beban padahal emg goblok aj,"""<username> Gw banget nih kalo nnton arsenal lawan big 6 . Berasa ky gw ny yang bwa beban padahal emg goblok aj""",1.0,False
Non-bullying,pendekatan kultural dan kemanusiaan akan lebih difokuskan untuk menangani permasalahan di papua .. !! ~mahfud md~ <hashtag> <link>,"""Pendekatan Kultural Dan Kemanusiaan Akan Lebih Difokuskan Untuk Menangani Permasalahan Di Papua .. !! ~Mahfud MD~ <hashtag> <link>""",1.0,False
Non-bullying,bau baunya jakarta utara bakal ujan nihh,"""Bau baunya jakarta utara bakal ujan nihh""",1.0,False
Non-bullying,hadapi revolusi industri 4 .0 dengan optimis <hashtag> <hashtag> <hashtag> <hashtag> <hashtag> <hashtag> <hashtag> <hashtag> <hashtag> <hashtag> <hashtag> <hashtag> <hashtag> <hashtag> <hashtag>,"""Hadapi revolusi industri 4 .0 dengan optimis <hashtag> <hashtag> <hashtag> <hashtag> <hashtag> <hashtag> <hashtag> <hashtag> <hashtag> <hashtag> <hashtag> <hashtag> <hashtag> <hashtag> <hashtag>""",1.0,False
Non-bullying,<username> <username> <username> <username> <username> tinggal pecat ....,"""<username> <username> <username> <username> <username> tinggal pecat ....""",1.0,False
Non-bullying,biaya kuliah makin mahal tren juga makin jahat makanya jangan kaget kalo ayam kampus makin banyak . <hashtag> <hashtag> <hashtag>,"""Biaya kuliah makin mahal tren juga makin jahat makanya jangan kaget kalo ayam kampus makin banyak . <hashtag> <hashtag> <hashtag>""",1.0,False
Non-bullying,ketika yang lain nonton dengan serius tetapi teman kuuu ... <hashtag> <hashtag> <hashtag> <hashtag> <hashtag> <hashtag> <link>,"""Ketika yang lain nonton dengan serius tetapi teman kuuu ... <hashtag> <hashtag> <hashtag> <hashtag> <hashtag> <hashtag> <link>""",1.0,False
Non-bullying,orang sukses selalu kelebihan cara namun orang gagal selalu kelebihan alasan,"""Orang Sukses selalu kelebihan cara namun orang Gagal selalu kelebihan Alasan""",1.0,False
Non-bullying,jadi gimana pak <username> ini jadi boleh gitu ke tempat yang diberikan penghargaan ? kan bagus pasti datang ke tempat yg pernah dikasih penghargaan <hashtag> <link>,"""Jadi gimana Pak <username> ini jadi boleh gitu ke tempat yang diberikan penghargaan ? kan bagus pasti datang ke tempat yg pernah dikasih penghargaan <hashtag> <link>""",1.0,False
Bullying,<username> ditangan anies tanah abang kembali seperti dulu lagi . semakin semrawut semakin banyak uang mengalir paham khan kenapa haji lulung pro anies,"""<username> DITANGAN ANIES TANAH ABANG KEMBALI SEPERTI DULU LAGI . SEMAKIN SEMRAWUT SEMAKIN BANYAK uang MENGALIR PAHAM KHAN KENAPA HAJI LULUNG PRO ANIES""",0.0,True
Non-bullying,app si burung jadi rame ya . warga ige pada hangout disini semua ... <hashtag> <hashtag> <hashtag>,"""App si burung jadi rame ya . Warga ige pada hangout disini semua ... <hashtag> <hashtag> <hashtag>""",1.0,False
Non-bullying,tips belajar pintar : \'\'pilih waktu belajar yang tepat\'\' tips belajar pintar : \'\'bangun suasana belajar yang nyaman\'\',"""Tips Belajar Pintar : \'\'Pilih waktu belajar yang tepat\'\' Tips Belajar Pintar : \'\'Bangun suasana belajar yang nyaman\'\'""",1.0,False
Non-bullying,<username> ada lagi dokter linglung ... ðÿ˜‚,"""<username> Ada lagi Dokter linglung ... ðŸ˜‚""",1.0,False
Non-bullying,<username> <username> <username> jenderal tolol . jumlah suara sah <username>+<username>+<username>+<username>+<username> saja ga nyampe segitu di pemilu legislatif kemarin . kalau aku jadi pki dengan angka segitu aku bikin gulung tikar tuh pdip .,"""<username> <username> <username> Jenderal TOLOL . Jumlah suara sah <username>+<username>+<username>+<username>+<username> saja ga nyampe segitu di pemilu legislatif kemarin . Kalau aku jadi PKI dengan angka segitu aku bikin gulung tikar tuh PDIP .""",1.0,False
Bullying,jakarta lumpuh ! selamat tahun baru & selamat datang banjir apakah ini doa dari para wahabi terkabul. ??? <hashtag>,"""Jakarta Lumpuh ! Selamat Tahun Baru & Selamat Datang Banjir Apakah ini Doa dari para Wahabi terkabul. ??? <hashtag>""",0.0,True
Non-bullying,ngaku negarawan tapi ngga legowo menerima kekalahan pemicu kerusuhan pula yang baegini mau jadi presiden,"""Ngaku negarawan tapi ngga legowo menerima kekalahan Pemicu kerusuhan pula yang baegini mau jadi Presiden""",1.0,False
Non-bullying,<username> <username> <username> smg allah slalu melindungi mu pak .,"""<username> <username> <username> Smg Allah slalu melindungi mu pak .""",1.0,False
Non-bullying,bpjs (budget pas pasan jiwa sosialita),"""Bpjs (budget pas pasan jiwa sosialita)""",1.0,False
Non-bullying,debat belom di mulai kok sudah bikin tagar prabowomenangdebat waras kalian terlalu nafsu . giliran pas main sudah ko duluan :d :d,"""Debat belom di mulai kok sudah bikin tagar PrabowoMenangDebat Waras Kalian terlalu nafsu . Giliran pas main sudah KO duluan :D :D""",1.0,False
Non-bullying,20 oktober 2019 pelantikan presiden dan wakil presiden pilihan rakyat indonesia mari kita sukseskan bersama ! <hashtag> . <hashtag> . <hashtag> <hashtag>,"""20 oktober 2019 pelantikan presiden dan wakil presiden pilihan rakyat Indonesia mari kita Sukseskan bersama ! <hashtag> . <hashtag> . <hashtag> <hashtag>""",1.0,False
Non-bullying,judulnya presiden <username> beri apresiasi ke pedagang pisang <username> dan pedagang martabak jalan jalan ke arab saudi wkwkwkk,"""Judulnya Presiden <username> beri apresiasi ke pedagang pisang <username> dan pedagang martabak jalan jalan ke arab saudi wkwkwkk""",1.0,False
Bullying,baru tahu kerjaan dpr gerebek psk selamat anda mendapat gelar dpr rasa satpol pp <hashtag>,"""Baru tahu kerjaan DPR gerebek PSK Selamat anda mendapat gelar DPR rasa Satpol PP <hashtag>""",0.0,True
Non-bullying,<username> tolol,"""<username> Tolol""",1.0,False
Non-bullying,kalau diumumkan hanya menimbulkan kehebohan gubernurnya kelihatan keren sih memarahi anak buahnya tapi bukan itu yang saya cari . kata anies . <hashtag> <hashtag> <hashtag> <hashtag> <link>,"""Kalau diumumkan hanya menimbulkan kehebohan gubernurnya kelihatan keren sih memarahi anak buahnya tapi bukan itu yang saya cari . kata Anies . <hashtag> <hashtag> <hashtag> <hashtag> <link>""",1.0,False
Non-bullying,politik menurut bpk <username> <hashtag> <hashtag> <hashtag>,"""Politik menurut Bpk <username> <hashtag> <hashtag> <hashtag>""",1.0,False
Bullying,<username> please jangan ada yang banding2in hasil badminton sama sepakbola kita jangan ... tidak level hahaha,"""<username> please jangan ada yang banding2in hasil badminton sama sepakbola kita jangan ... tidak level hahaha""",0.0,True
Bullying,luar biasa ini lah <hashtag> 2020.. warga jekardah khusus yang pe'a pasti heppi krn kecimplung berkah terus.. <hashtag> <hashtag> <hashtag> <hashtag> <hashtag>,"""Luar biasa ini lah <hashtag> 2020.. Warga jekardah khusus yang Pe'a pasti Heppi krn kecimplung berkah terus.. <hashtag> <hashtag> <hashtag> <hashtag> <hashtag>""",0.0,True
Non-bullying,<username> <username> bukan fanboy anies tapi anies janji mau realisasiin stadion bmw jakarta yg skrng udah progress sekita 17% kalo ahok?,"""<username> <username> bukan fanboy anies tapi anies janji mau realisasiin stadion bmw Jakarta yg skrng udah progress sekita 17% kalo ahok?""",1.0,False
Non-bullying,anies meyakini bahwa kondisi jakarta aman <hashtag> <hashtag> <hashtag> <hashtag> <hashtag> <hashtag> <link>,"""Anies meyakini bahwa kondisi Jakarta aman <hashtag> <hashtag> <hashtag> <hashtag> <hashtag> <hashtag> <link>""",1.0,False
Non-bullying,<username> <username> boleh tapi tidak boleh ganggu kinerja lembaga penyelengara pemilu . satgas boleh mengawasi bo\u2026 <link>,"""<username> <username> Boleh tapi tidak boleh ganggu kinerja Lembaga Penyelengara Pemilu . Satgas boleh mengawasi bo\u2026 <link>""",1.0,False
Bullying,apakah dengan mendukung mati matian salah satu pascol presiden akan berdampak ke kehidupan anda secara siknifikan? bacot!!!,"""Apakah dengan mendukung mati matian salah satu pascol presiden akan berdampak ke kehidupan anda secara siknifikan? BACOT!!!""",0.0,True
Non-bullying,<username> <username> sudahlah jangan kepancing provokasi sama akun abal abal di bulan puasa eman pahala sama tenaga \ud83d\ude44,"""<username> <username> Sudahlah jangan kepancing provokasi sama akun abal abal di bulan puasa eman pahala sama tenaga \ud83d\ude44""",1.0,False
Non-bullying,jangan mengkambing hitamkan agama <hashtag> <hashtag> <hashtag> <hashtag>,"""Jangan mengkambing hitamkan agama <hashtag> <hashtag> <hashtag> <hashtag>""",1.0,False
Non-bullying,<username> <username> <username> <username> <username> <username> <username> slama ini masyarakt berbelanja tnp mpermsalhkn soal agama .. mreka bsa rukun dn baik2 sja ..dng bsa memilih dagangan yng baik ..mkanya jng diganggu dng imbauan belanja di warung islam dn produk muslim ... gliran di sentil ehh ngtain orang rasis ðÿ˜€ðÿ˜€ðÿ˜€ ... tebar imbauan yng menyatukan .,"""<username> <username> <username> <username> <username> <username> <username> Slama ini masyarakt berbelanja tnp mpermsalhkn soal agama .. Mreka bsa rukun dn baik2 sja ..dng bsa memilih dagangan yng baik ..mkanya jng diganggu dng imbauan belanja di Warung Islam dn Produk Muslim ... gliran di sentil ehh ngtain orang rasis ðŸ˜€ðŸ˜€ðŸ˜€ ... tebar imbauan yng menyatukan .""",1.0,False
Non-bullying,aku suka hari minggu . terima kasih tuhan . selamat tidur,"""Aku suka hari minggu . Terima kasih Tuhan . Selamat tidur""",1.0,False
Non-bullying,suci dalam bedu,"""Suci dalam bedu""",1.0,False
Non-bullying,<username> <username> pemimpin tolol ya gini,"""<username> <username> Pemimpin TOLOL ya gini""",1.0,False
Non-bullying,pakai baju seringnya begini . kapan bisa masuk geng sosialita . <link>,"""Pakai baju seringnya begini . Kapan bisa masuk geng sosialita . <link>""",1.0,False
Non-bullying,<username> manusia sontoloyo nih ..,"""<username> Manusia sontoloyo nih ..""",1.0,False
Bullying,pemimpinya katanya hasil itjima ulama tapi si fadli hina ulama . yang di hina fadli adalah ulama besar yaitu mbah moen buat niken no sanse . wajib di tenggelamkan .,"""Pemimpinya katanya hasil itjima ulama tapi si fadli hina Ulama . Yang di hina fadli adalah Ulama Besar yaitu Mbah Moen buat Niken no sanse . Wajib di Tenggelamkan .""",0.0,True
Non-bullying,<username> <username> <username> <username> <username> mungkin kmarenan dikira abok lem bang ibon ðÿ˜‚ðÿ˜‚ðÿ˜˜,"""<username> <username> <username> <username> <username> Mungkin kmarenan dikira abok lem bang ibon ðŸ˜‚ðŸ˜‚ðŸ˜˜""",1.0,False
Bullying,mungkin ini salah satu program kerja bapak anies untuk memeratakan kesejahteraan warga dki . <hashtag>,"""Mungkin ini salah satu program kerja bapak Anies untuk memeratakan kesejahteraan warga DKI . <hashtag>""",0.0,True
Non-bullying,kami bangga berjuang bersamamu bapak . inilah kisah yg bs kami ceritakan kpd anak cucu kami .tentang kebenaran melawan kecurangan . <username>,"""Kami bangga berjuang bersamamu Bapak . Inilah kisah yg bs kami ceritakan kpd Anak Cucu kami .Tentang kebenaran melawan Kecurangan . <username>""",1.0,False
Non-bullying,<username> kalo gak tolol bukan kadrun namanya,"""<username> Kalo gak TOLOL bukan KADRUN namanya""",1.0,False
Bullying,ingat ye kawan2 <hashtag> ganti presiden jokowi itu maha benar dia tidak pernah salah harus dipuja puja kalau perlu disembah .,"""Ingat ye kawan2 <hashtag> Ganti Presiden Jokowi itu Maha Benar dia tidak pernah salah harus dipuja puja kalau perlu disembah .""",0.0,True
Non-bullying,1329 tandatangan masih dibutuhkan kita bisa bantu dengan tandatangani petisi ini,"""1329 tandatangan masih dibutuhkan kita bisa bantu dengan tandatangani petisi ini""",1.0,False
Non-bullying,lah goblok <link>,"""Lah goblok <link>""",1.0,False
Non-bullying,<username> ayo serang anies man ..,"""<username> Ayo serang Anies man ..""",1.0,False
Bullying,kamaren mngatakan antek aseng skarang malah heppy2 sama orang asing plinpan bgt sihh ommm g malu apa dgn perkataan sendiri ....,"""kamaren mngatakan antek aseng skarang malah heppy2 sama orang asing plinpan bgt sihh ommm g malu apa dgn perkataan sendiri ....""",0.0,True
Non-bullying,radicalisme itu berasal dari fikiran bukan celana cingkrang .,"""Radicalisme itu berasal dari fikiran bukan celana cingkrang .""",1.0,False
Non-bullying,kaulah alasanku untuk berjuang <hashtag> konveksi,"""Kaulah alasanku untuk berjuang <hashtag> Konveksi""",1.0,False
Non-bullying,nangissss apotek banjir ðÿ˜­ðÿ˜­ðÿ˜­ðÿ˜­ðÿ˜­ðÿ˜­ðÿ˜­,"""Nangissss apotek banjir ðŸ˜­ðŸ˜­ðŸ˜­ðŸ˜­ðŸ˜­ðŸ˜­ðŸ˜­""",1.0,False
Bullying,kalian katakan ahok tidak pantas disebut pemimpin krn bicaranya yang kasar tapi ada orang yang juga bicarany kasar kalian ktkn pemimpin umat,"""Kalian katakan Ahok tidak pantas disebut pemimpin krn bicaranya yang kasar tapi ada orang yang juga bicarany kasar kalian ktkn pemimpin umat""",0.0,True
Bullying,masril piliang me-retweet jurnalis tb tapi otak dia di sol sepatu <hashtag>,"""Masril Piliang me-Retweet Jurnalis tb tapi otak dia di sol sepatu <hashtag>""",0.0,True
Non-bullying,dwp yang nyumbang pajak 10m didemo ... diskotik yang dikasih penghargaan gubernur dibela ã°å¸â¤â£ <link>,"""DWP yang nyumbang pajak 10M didemo ... Diskotik yang dikasih penghargaan Gubernur dibela Ã°Å¸Â¤Â£ <link>""",1.0,False
Non-bullying,cebong emang otaknya didengkul mau nyalahi anies demi ahok kagak tahu kalau bpjs itu jokowi yg urus cebong jehaena dungu kuadrat :d :d :d,"""cebong emang otaknya didengkul mau nyalahi Anies demi Ahok kagak tahu kalau BPJS itu Jokowi yg urus cebong jehaena dungu kuadrat :D :D :D""",1.0,False
Non-bullying,saya berjanji akan akan menyelesaikan membacanya sampai tuntas hingga bikin para pendukung paham <hashtag> <link>,"""Saya berjanji akan akan menyelesaikan membacanya sampai tuntas hingga bikin para pendukung paham <hashtag> <link>""",1.0,False
Non-bullying,udah dibaca yas? ibu2 sosialita naik pajero nabrak 2orang tewas di tempat 1 tewas di rs 1 ibu sosialitan,"""Udah dibaca yas? Ibu2 sosialita naik pajero nabrak 2orang tewas di tempat 1 tewas di rs 1 ibu sosialitan""",1.0,False
Non-bullying,hatiku indonesia hati kita semua indonesia . karena jika ada yang tergores padamu yang terluka kita semua .,"""Hatiku Indonesia hati kita semua Indonesia . Karena jika ada yang tergores padamu yang terluka kita semua .""",1.0,False
Non-bullying,<username> kan pengusung utama wan aibon <username> moso ga dibelain seh ... ðÿ˜‚ <link>,"""<username> kan pengusung utama wan aibon <username> moso ga dibelain seh ... ðŸ˜‚ <link>""",1.0,False
Non-bullying,provokatornya ini? canggih juga nih prabowo milih orangnya <hashtag>,"""Provokatornya ini? canggih juga nih prabowo milih orangnya <hashtag>""",1.0,False
Bullying,kita dukung ! <hashtag>,"""Kita Dukung ! <hashtag>""",0.0,True
Bullying,<username> mantap coi .....jancuker sejati otak waras....koruptor anjing di pelihara,"""<username> Mantap coi .....jancuker sejati otak waras....koruptor anjing di pelihara""",0.0,True
Non-bullying,wakwawwwww .... sontoloyo pisan euyy . <hashtag> <link>,"""WakwawwWww .... Sontoloyo pisan euyy . <hashtag> <link>""",1.0,False
Non-bullying,<username> <username> sontoloyo ternyata saya jg di unfoll sama nih artis pendatang baruã°å¸ëœâ‚¬,"""<username> <username> Sontoloyo ternyata Saya jg di unfoll sama nih artis pendatang baruÃ°Å¸Ëœâ‚¬""",1.0,False
Non-bullying,kerja gak becus nyinyir lagi kuwalat lu zon,"""Kerja gak becus nyinyir lagi kuwalat lu Zon""",1.0,False
Non-bullying,narasinya menipu warga . <link>,"""Narasinya menipu warga . <link>""",1.0,False
Non-bullying,<hashtag> .. lha kamu nya kapan?,"""<hashtag> .. Lha kamu nya kapan?""",1.0,False
Bullying,kalau punya akal waras sih harusnya tidak puas menyebar hoax dan mengakui hoax .,"""kalau punya akal waras sih harusnya tidak puas menyebar hoax dan mengakui hoax .""",0.0,True
Non-bullying,<username> <username> semangatin apaan? wkwkwkwk caranya dia salah tolol . lo yang dongo laki ngapain julid disini . emang gabisa gt ngasi tau secara pribadi? harus bgt di umbar2 yg bikin perspektif orang ke laura malah makin jelek? mikir bego junjungan lo k,"""<username> <username> semangatin apaan? wkwkwkwk caranya dia salah tolol . lo yang dongo laki ngapain julid disini . emang gabisa gt ngasi tau secara pribadi? harus bgt di umbar2 yg bikin perspektif orang ke laura malah makin jelek? mikir bego junjungan lo k""",1.0,False
Bullying,ternyata surga itu dekat jakrta mabuk agama menikmati diskotik <username>,"""Ternyata surga itu dekat jakrta Mabuk agama menikmati diskotik <username>""",0.0,True
Non-bullying,<username> ini ya sosialita indonesia yang jadi buronan karena menipu di tiga benua . <link>,"""<username> Ini ya sosialita Indonesia yang jadi buronan karena menipu di tiga benua . <link>""",1.0,False
Non-bullying,hadeuh ..blm ngantuk jg . <hashtag> xb <link>,"""Hadeuh ..blm ngantuk jg . <hashtag> xb <link>""",1.0,False
Non-bullying,ternyata anak-anak sudah disiapin jadi martir sama para perusuh . prabowo harus tanggung jawab.<hashtag>,"""ternyata anak-anak sudah disiapin jadi martir sama para perusuh . prabowo harus tanggung jawab.<hashtag>""",1.0,False
Non-bullying,klo ikut kontestan pilpres klo kalah ribut mending g usah ngikut deh lho .. bikin ribbet aja .. <hashtag>,"""Klo ikut kontestan pilpres klo kalah ribut mending g usah ngikut deh lho .. bikin ribbet aja .. <hashtag>""",1.0,False
Non-bullying,makin kurus die 5 tahun ke depan puasa lagi btw jangan lupa bayar listrik n kirim uang ke sarumpaet yah conk <hashtag>,"""Makin kurus die 5 tahun ke depan puasa lagi btw jangan lupa bayar listrik n kirim uang ke Sarumpaet yah conk <hashtag>""",1.0,False
Non-bullying,lembaga antirasuah itu masih menunggu adanya laporan dari para pembantu presiden jokowi itu . <hashtag> <link> <link>,"""Lembaga antirasuah itu masih menunggu adanya laporan dari para pembantu Presiden Jokowi itu . <hashtag> <link> <link>""",1.0,False
Non-bullying,sehat terus bung ferry tetaplah jadi panutan kami <hashtag> <hashtag>,"""Sehat terus Bung Ferry Tetaplah jadi panutan kami <hashtag> <hashtag>""",1.0,False
Bullying,jangan coba melawan alam dengan kekuatan kata kata dan toa kamu akan semakin dipermalukan bapak anies . <hashtag>,"""Jangan coba melawan alam dengan kekuatan kata kata dan toa Kamu akan semakin dipermalukan bapak Anies . <hashtag>""",0.0,True
Non-bullying,kamu memang goblok fel jangan sering sering main <username>,"""Kamu memang goblok fel jangan sering sering main <username>""",1.0,False
Non-bullying,<username> <username> <username> <username> lonte lu anjir . pura bego lagi . bahasa konten lu sarkasme banget . sok ga bersalah lagi lu .,"""<username> <username> <username> <username> Lonte lu anjir . Pura Bego lagi . Bahasa konten lu sarkasme banget . Sok ga bersalah lagi lu .""",1.0,False
Bullying,<username> mulia sekali suami tersebut rela menjual istrinya dgn harga murah demi memenuhi kebutuhan sehari-hari.,"""<username> Mulia sekali suami tersebut rela menjual istrinya dgn harga murah demi memenuhi kebutuhan sehari-hari.""",0.0,True
Non-bullying,<username> modyar cocote ... ahok tumbang ... maka ahok2 muda keluar dari kandangnya !!!!,"""<username> Modyar cocote ... ahok tumbang ... maka ahok2 muda keluar dari kandangnya !!!!""",1.0,False
Non-bullying,semua orang akan menghadapi rintangan termasuk mereka yang sudah sukses saat ini . bedanya orang yang sukses mampu mengatasi rintangan itu .,"""Semua orang akan menghadapi rintangan termasuk mereka yang sudah sukses saat ini . Bedanya orang yang sukses mampu mengatasi rintangan itu .""",1.0,False
Non-bullying,depok . mendung sama geledeknya santuy banget ampe kaga ujan2 <hashtag>,"""Depok . mendung sama geledeknya santuy banget ampe kaga ujan2 <hashtag>""",1.0,False
Non-bullying,banyak pihak ln sebenarnya yg menginginkan ps menang pilpres lalu . kesempatan jadi menhan sebenarnya salah satu cara pihak asing utk ingin tahu kondisi nyata di tanah air baik poleksosbud hankamrata <username> <username> <username> <username> <username> <link>,"""Banyak pihak LN sebenarnya yg menginginkan PS menang pilpres lalu . Kesempatan jadi Menhan sebenarnya salah satu cara pihak asing utk ingin tahu kondisi nyata di tanah air baik Poleksosbud Hankamrata <username> <username> <username> <username> <username> <link>""",1.0,False
Non-bullying,tugas negara melayani rakyat <hashtag> <link>,"""tugas negara melayani rakyat <hashtag> <link>""",1.0,False
Non-bullying,kalah pilpres gagal berkuasa dan gagal jadi negarawan <hashtag> <hashtag>,"""Kalah pilpres gagal berkuasa dan gagal jadi negarawan <hashtag> <hashtag>""",1.0,False
Bullying,alhamdulillaaaaaah air berkah kalau banjir begini anies tidak akan nongol kalau sudah habis baru muncul lalu pengikut sampahnya teriak solusi anies,"""Alhamdulillaaaaaah air berkah kalau banjir begini anies tidak akan nongol kalau sudah habis baru muncul lalu pengikut sampahnya teriak solusi anies""",0.0,True
Non-bullying,untuk perempuan-perempuan di indonesia dan seluruh dunia saatnya berjuang bersama untuk kemajuan umat manusia .,"""Untuk perempuan-perempuan di Indonesia dan seluruh dunia saatnya berjuang bersama untuk kemajuan umat manusia .""",1.0,False
Non-bullying,<username> rapatkan barisan satukan tekad demi indonesia damai . <hashtag>,"""<username> Rapatkan barisan satukan tekad demi Indonesia Damai . <hashtag>""",1.0,False
Bullying,aku kokoh dukung 01 karna ku tau sang bahadur yang kau bagakkan nyatanya hanyalah seorang yang lemah .,"""aku kokoh dukung 01 karna ku tau sang bahadur yang kau bagakkan nyatanya hanyalah seorang yang lemah .""",0.0,True
Non-bullying,katanya sekolah tapi otaknya mana ribut ko bawaâ² agama <hashtag>,"""Katanya sekolah tapi otaknya mana ribut ko bawaÂ² agama <hashtag>""",1.0,False
Non-bullying,bu <username> tolong bertanggungjawab atas ulah dan amanah netizen ini ã°å¸ëœâ¬ã°å¸ëœëœ yang 2% abaikan saja karena akan selalu ada pasir ditelapak kaki yang bersih . <hashtag> <hashtag> <hashtag> <link>,"""Bu <username> tolong bertanggungjawab atas ulah dan amanah netizen ini Ã°Å¸ËœÂ¬Ã°Å¸ËœËœ Yang 2% abaikan saja karena akan selalu ada pasir ditelapak kaki yang bersih . <hashtag> <hashtag> <hashtag> <link>""",1.0,False
Non-bullying,<username> <username> <username> <username> <username> <username> <username> <username> <username> <username> <username> 1 . komisi iii dpr ri aklamasi setelah mendengarkan paparan menyetujui dari nama yang dipilih <username> ini . track record dan gagasan serta komitmennya ndak bisa dipandang sebelah mata dan sejalur dg semangat besar jokowi dalam membumi hanguskan radikalisme . <hashtag>,"""<username> <username> <username> <username> <username> <username> <username> <username> <username> <username> <username> 1 . Komisi III DPR RI aklamasi setelah mendengarkan paparan menyetujui dari nama yang dipilih <username> ini . Track record dan gagasan serta komitmennya Ndak bisa dipandang sebelah mata dan sejalur dg semangat besar Jokowi dalam membumi hanguskan radikalisme . <hashtag>""",1.0,False
Non-bullying,tetap semangat berinovasi untuk kemajuan desa . <hashtag> <username> <username> <username> <username> <username>,"""Tetap semangat Berinovasi untuk kemajuan desa . <hashtag> <username> <username> <username> <username> <username>""",1.0,False
Non-bullying,<username> jokowi main api . skenario lama pdip . di suroboyo dulu wisnu diangkat tanpa sepengetahuan risma . . <hashtag>,"""<username> Jokowi main api . Skenario lama PDIP . Di suroBOYO dulu Wisnu diangkat tanpa sepengetahuan Risma . . <hashtag>""",1.0,False
Non-bullying,tidak bisa dipungkiri dari awal 02 dan anteknya lah penyebab semua ini ...<hashtag>,"""Tidak bisa dipungkiri dari awal 02 dan anteknya lah penyebab semua ini ...<hashtag>""",1.0,False
Non-bullying,wowo sebut menkeu diganti menjadi menteri pencetak utang mereka hasut rakyat supaya pemerintahan jokowi terlihat jelek . <hashtag>,"""Wowo sebut Menkeu diganti menjadi Menteri Pencetak Utang Mereka hasut rakyat supaya pemerintahan Jokowi terlihat jelek . <hashtag>""",1.0,False
Non-bullying,<username> ngapain juga dok di channelnya <username> masih byk kok channel yg lebih netral dan pastinya lebih asik (panji sok asik soale). dan yg penting adalah mau ga <username> belajar ngitung ðÿ˜,"""<username> Ngapain juga Dok di channelnya <username> masih byk kok channel yg lebih netral dan pastinya lebih asik (panji sok asik soale). Dan yg penting adalah mau ga <username> belajar ngitung ðŸ˜""",1.0,False
Non-bullying,mendagri: praja ipdn harus mampu jadi motor kemajuan bangsa <hashtag> <hashtag> <link>,"""Mendagri: Praja IPDN harus mampu jadi motor kemajuan bangsa <hashtag> <hashtag> <link>""",1.0,False
Non-bullying,dasar otak udang <hashtag> wakil rakyat kok ga punya sopan santun sm kiai <hashtag>,"""Dasar otak udang <hashtag> wakil rakyat kok ga punya sopan santun sm Kiai <hashtag>""",1.0,False
Non-bullying,kerja goblok jangan sebar hashtag tiap hari di twitter pantes miskin tiap hari maenan nya twitter mulu,"""kerja goblok jangan sebar hashtag tiap hari di twitter pantes miskin tiap hari maenan nya twitter mulu""",1.0,False
Non-bullying,semua profesi asal halal dan gak merugikan orang lain itu bagus . disyukuri saja . hidup di indonesia ini kurang apa? driver gojek aja bisa beli mini cooper apalagi dokter . semangat !,"""Semua profesi asal halal dan gak merugikan orang lain itu bagus . Disyukuri saja . Hidup di Indonesia ini kurang apa? Driver gojek aja bisa beli Mini Cooper apalagi dokter . Semangat !""",1.0,False
Non-bullying,<username> beraninya di luar negeri coba suruh balik sony sontoloyo ... takut ni yeee,"""<username> Beraninya di luar negeri coba suruh balik Sony Sontoloyo ... takut ni yeee""",1.0,False
Non-bullying,truslah berkarya dan menginspirasi banyak kaum milenial,"""Truslah berkarya dan menginspirasi banyak kaum milenial""",1.0,False
Bullying,saya rela mengembalikan kepada negara tapi ....... kalau rela tidak harus pakai tapi dong bapak <username> bilang saja saya yang menguasai dan saya tidak rela bagi2 :d,"""Saya rela mengembalikan kepada negara TAPI ....... kalau rela tidak harus pakai tapi dong bapak <username> Bilang saja Saya yang menguasai dan saya tidak rela bagi2 :D""",0.0,True
Non-bullying,sosialita hong kong asal ri bisnis tas hermes palsu &amp; tipu wanita kaya la <link>,"""Sosialita Hong Kong Asal RI Bisnis Tas Hermes Palsu &amp; Tipu Wanita Kaya LA <link>""",1.0,False
Non-bullying,para pendukung 01 yang membuat hastag <hashtag> seharusnya bersikap bijak dalam berdemokrasi .,"""Para pendukung 01 yang membuat hastag <hashtag> seharusnya bersikap bijak dalam berdemokrasi .""",1.0,False
Bullying,<username> <username> <username> <username> <username> maksa saja jadi pinter kasihan setress tidak berujung yaa?????????? lanjutkan deh,"""<username> <username> <username> <username> <username> Maksa saja jadi pinter kasihan setress tidak berujung yaa?????????? lanjutkan deh""",0.0,True
Bullying,jubir pinter kelancaran nyerocosnya taunya bosnya ngebantah ??????????,"""Jubir Pinter kelancaran nyerocosnya taunya bosnya ngebantah ??????????""",0.0,True
Bullying,hasil sangat maksimal bapak <username> saya salut dengan anda karna bisa menenggelamkan kota dki jakarta sehingga masyarakat sangat antusias nyari poskoâ² buat ngungsi . <hashtag>,"""Hasil sangat maksimal bapak <username> saya salut dengan anda karna bisa menenggelamkan Kota DKI Jakarta sehingga masyarakat sangat antusias nyari poskoÂ² buat ngungsi . <hashtag>""",0.0,True
Non-bullying,kasian anak jaman sekarang karena ingin menunjukan sesuatu yang dia punya rela melakukan apa aja . kayak kasus si gundik ya kan?? <hashtag> <hashtag> <hashtag> <hashtag>,"""kasian anak jaman sekarang karena ingin menunjukan sesuatu yang dia punya rela melakukan apa aja . Kayak kasus si gundik ya kan?? <hashtag> <hashtag> <hashtag> <hashtag>""",1.0,False
Non-bullying,ngintilin para pacar sampe parkiran?! lu goblok apa? apalagi teriaknya kenceng bgt jingan,"""ngintilin para pacar sampe parkiran?! Lu goblok apa? Apalagi teriaknya kenceng bgt jingan""",1.0,False
Non-bullying,â € â € hikmah hari ini ketahuilah bahwasanya wewangian yg paling wangi itu bukanlah apa yg engkau pakaikan pada tubuhmu dan pakaianmu akan tetapi apa yg ada pada lisanmu dan wangi itu di rasakan oleh yg lain wanginya ucapan baik <hashtag> <hashtag> <hashtag> <link>,"""â € â € HIKMAH HARI INI Ketahuilah bahwasanya wewangian yg paling wangi itu bukanlah apa yg engkau pakaikan pada tubuhmu dan pakaianmu Akan tetapi apa yg ada pada lisanmu dan wangi itu di rasakan oleh yg lain Wanginya ucapan baik <hashtag> <hashtag> <hashtag> <link>""",1.0,False
Non-bullying,sudah cukup lelah dengan kasus ratna sarumpaet atau nyinyiran fadli zon lagi-lagi kubu prabowo-sandi tertimpa isu <link>,"""Sudah cukup lelah dengan kasus Ratna Sarumpaet atau nyinyiran Fadli Zon lagi-lagi kubu Prabowo-Sandi tertimpa isu <link>""",1.0,False
Bullying,terima kasih bapak <username> sudah menunaikan janjinya .... <hashtag>,"""Terima kasih bapak <username> sudah menunaikan janjinya .... <hashtag>""",0.0,True
Non-bullying,mas <hashtag> gini lho ribetnya urus pangkat dosen di kemendikbud ibarat mau bersaing dengan tim f1 negara sebelah namun pembalapnya suruh pasang roda dan isi bensin sendiri di fitstop cc <username> <link>,"""Mas <hashtag> gini lho ribetnya urus pangkat dosen di kemendikbud ibarat mau bersaing dengan Tim F1 negara sebelah namun pembalapnya suruh pasang roda dan isi bensin sendiri di fitstop cc <username> <link>""",1.0,False
Non-bullying,<username> kalo menurut ku ini goblok wanita tdk perlu spt itu karena ada laki-laki yg akan mempertaruhkan jiwa raga demi wanita yg telah diamanahkan kepadanya !! <hashtag>,"""<username> Kalo menurut ku ini goblok Wanita tdk perlu spt itu karena ada laki-laki yg akan mempertaruhkan jiwa raga demi wanita yg telah diamanahkan kepadanya !! <hashtag>""",1.0,False
Non-bullying,saya pasti pilih nomer 1 pak untuk anda <username> dan indonesia yg lebih hebat ..<hashtag>,"""Saya pasti pilih nomer 1 pak untuk anda <username> Dan indonesia yg lebih hebat ..<hashtag>""",1.0,False
Non-bullying,<username> maaf tolong hapus komennya . karena menyertakan banyak macam tagar dan tidak sama dengan tagar kami <hashtag> <hashtag> bisa meracuni tagar . terima kasih,"""<username> Maaf tolong hapus komennya . Karena menyertakan banyak macam tagar dan tidak sama dengan tagar kami <hashtag> <hashtag> Bisa meracuni tagar . Terima kasih""",1.0,False
Non-bullying,luar biasa aa krn ada <username> yg lama . <hashtag> <hashtag> <hashtag> <hashtag> <hashtag> <hashtag> <hashtag> <hashtag> <link>,"""Luar biasa AA krn ada <username> yg lama . <hashtag> <hashtag> <hashtag> <hashtag> <hashtag> <hashtag> <hashtag> <hashtag> <link>""",1.0,False
Non-bullying,trending topic tentang tangkap menangkap ada tangkap prabowo ada <hashtag> ada <hashtag> ada <hashtag> tangkap kriminalisasi pada novel baswedan kapan neðÿ˜‚ðÿ˜‚,"""Trending topic tentang tangkap menangkap ada tangkap prabowo ada <hashtag> ada <hashtag> ada <hashtag> Tangkap kriminalisasi pada novel baswedan kapan neðŸ˜‚ðŸ˜‚""",1.0,False
Non-bullying,hari ini persija menang maka tersenyumlah :) <hashtag>,"""Hari ini Persija menang maka tersenyumlah :) <hashtag>""",1.0,False
Non-bullying,idham aziz disetujui dpr jadiâ kapolri <link> <link>,"""Idham Aziz Disetujui DPR JadiÂ Kapolri <link> <link>""",1.0,False
Bullying,pidatonya prabohong boleh ber api-api namun isi tidak karuan dan hoax belaka . memang mau mimpin negara bermodal suara lantang doang .,"""Pidatonya Prabohong boleh ber api-api namun isi tidak karuan dan Hoax belaka . memang mau mimpin negara bermodal suara lantang doang .""",0.0,True
Non-bullying,alhamdulillah jum'atan sudah berdo'a demi kebaikan semua sudah cek tagar <hashtag> di trending topic dunia ehh turun dari 4 ke 6 geber lagi bro jgn kasih kendor ! serempak dan semangat masif dari sekarang sambil makan siang pun jadi ya bro ! go ! go ! go !,"""Alhamdulillah Jum'atan sudah berdo'a demi kebaikan semua sudah cek tagar <hashtag> di Trending Topic dunia ehh turun dari 4 ke 6 geber lagi bro jgn kasih kendor ! Serempak dan semangat masif dari sekarang sambil makan siang pun jadi ya Bro ! Go ! Go ! Go !""",1.0,False
Non-bullying,<username> semoga makin keliatan rezim sontoloyo ini ..,"""<username> Semoga makin keliatan rezim sontoloyo ini ..""",1.0,False
Non-bullying,<username> tolol aja itu mah,"""<username> Tolol aja itu mah""",1.0,False
Non-bullying,<hashtag> sampah politik indonesia ! tenggelamkan <username> partai muna sejagat !,"""<hashtag> sampah politik indonesia ! tenggelamkan <username> partai muna sejagat !""",1.0,False
Non-bullying,02 efek efek buruk & efek negatif bagi bangsa dan negara <hashtag> <hashtag>,"""02 efek efek buruk & efek negatif bagi bangsa dan negara <hashtag> <hashtag>""",1.0,False
Non-bullying,<username> memang mantap kamu nak ! pertahankan,"""<username> memang mantap kamu nak ! pertahankan""",1.0,False
Non-bullying,halunya gue sbg istri yg udh di tinggalin â¤ï¸ nda kita pergi nonton yuk mau cgv or xxi terserah nda mau nonton film apa pkoknya yg nda suka â¤ï¸ langsung jejingkrakan kalau ini kenyataan ðÿ˜‚ðÿ¤£ <hashtag> <hashtag>,"""Halunya gue sbg istri yg udh di tinggalin â¤ï¸ Nda kita pergi nonton yuk mau CGV or XXI terserah nda mau nonton film apa pkoknya yg nda suka â¤ï¸ Langsung jejingkrakan kalau ini kenyataan ðŸ˜‚ðŸ¤£ <hashtag> <hashtag>""",1.0,False
Non-bullying,bagaimana mau membuka pengaduan hoax center? calon presiden kubunya saja pada debat capres 17 januari lalu buat hoax lagi tentang partainya yang paling banyak mengusung caleg dari perempuan? nyatanya bukan,"""Bagaimana mau membuka pengaduan Hoax Center? Calon presiden kubunya saja pada debat capres 17 Januari lalu buat hoax lagi tentang partainya yang paling banyak mengusung caleg dari perempuan? Nyatanya bukan""",1.0,False
Non-bullying,<username> dasar somplak .congor babi ga punya sopan .siapa loe anjing? ktmu mulut loe gue sumpel pke berak ðÿ¤¬,"""<username> Dasar Somplak .congor babi ga punya sopan .siapa loe anjing? Ktmu mulut loe gue sumpel pke berak ðŸ¤¬""",1.0,False
Bullying,kalau ini namanya bukan doa yang ditukar tapi isi otak mu yang ketakar <username>,"""Kalau ini namanya bukan doa yang ditukar tapi isi otak mu yang ketakar <username>""",0.0,True
Non-bullying,alhamdulillah di kasih keberkahan yg banyak sampai ga ke tampung ðÿ˜ðÿ˜š <hashtag>,"""Alhamdulillah di kasih keberkahan yg banyak sampai ga ke tampung ðŸ˜ðŸ˜Š <hashtag>""",1.0,False
Non-bullying,ternyata setelah cari konfirmasi video si <hashtag> dipotong . berbijaklah dalam menerima informasi .,"""ternyata setelah cari konfirmasi video si <hashtag> dipotong . berbijaklah dalam menerima informasi .""",1.0,False
Non-bullying,<username> <username> <username> <username> <username> <username> <username> <username> <username> <username> <username> ho oh ... sontoloyo bingit ...,"""<username> <username> <username> <username> <username> <username> <username> <username> <username> <username> <username> Ho oh ... sontoloyo bingit ...""",1.0,False
Non-bullying,<username> kamu keren banget sih â¤ ga sulit untuk mengucap maaf . mengerti juga kalau penjelasan hanya akan dianggap defensif oleh orang yang ga akan mau ngerti keadaan kamu . duh pria idaman banget â¤â¤,"""<username> Kamu keren banget sih â¤ Ga sulit untuk mengucap maaf . Mengerti juga kalau penjelasan hanya akan dianggap defensif oleh orang yang ga akan mau ngerti keadaan kamu . Duh pria idaman banget â¤â¤""",1.0,False
Non-bullying,weh anjeng newbie gausa sok sok an ceramahin gue suru jaga mulut goblok lo anak bawang makanya sekola yg bener biar bahasa indonesia lo dapet nilai a biar tau bagaimana tulisan yang sesuai dgn intonasi dongo kezel bet gue di ceramahin newbie -_-,"""Weh anjeng newbie gausa sok sok an ceramahin gue suru jaga mulut goblok lo anak bawang makanya sekola yg bener biar bahasa Indonesia lo dapet nilai A biar tau bagaimana tulisan yang sesuai dgn intonasi dongo kezel bet gue di ceramahin newbie -_-""",1.0,False
Non-bullying,ampun deh mba eva celia cantik sekaliiii,"""Ampun deh Mba Eva Celia cantik sekaliiii""",1.0,False
Non-bullying,ngopi dulu yah biar kek sosialita . <link>,"""Ngopi dulu yah biar kek sosialita . <link>""",1.0,False
Non-bullying,mikir woy ! mantan dipikirin masa depan lo baru lo pikirin !! goblok dipelihara,"""MIKIR WOY ! MANTAN DIPIKIRIN MASA DEPAN LO BARU LO PIKIRIN !! GOBLOK DIPELIHARA""",1.0,False
Bullying,bapak anies baswedan memang tidak punya kekurangan. banyak lebihnya kelebihan air misalnya.,"""bapak Anies Baswedan memang tidak punya kekurangan. Banyak lebihnya kelebihan air misalnya.""",0.0,True
Bullying,alhamdulillah aku semakin mantab pilih 01 . aku tuh sbnrnya pengin banget ngelayat tapi gimana dong kalau orgnya blm mati <hashtag>,"""Alhamdulillah Aku semakin mantab pilih 01 . Aku tuh sbnrnya pengin banget ngelayat tapi gimana dong kalau orgnya blm mati <hashtag>""",0.0,True
Non-bullying,<username> langganan kak nia ramadhani nih pasti,"""<username> Langganan kak nia ramadhani nih pasti""",1.0,False
Non-bullying,<username> sehat selalu pakde,"""<username> Sehat selalu pakde""",1.0,False
Non-bullying,<username> tolol ih anjung,"""<username> Tolol ih anjung""",1.0,False
Bullying,wis pakde rasah ngoyo2 kerjanya ..... yang hobby nyanyi ma mangkrak kanan kiri ja bisa 2 periode :( :( :(,"""Wis pakde rasah ngoyo2 kerjanya ..... yang hobby nyanyi ma mangkrak kanan kiri ja bisa 2 periode :( :( :(""",0.0,True
Bullying,katanya sayang ulama tapi di datengin ke istana malah di tembakin gas air mata,"""Katanya sayang ulama tapi di datengin ke istana malah di tembakin gas air mata""",0.0,True
Non-bullying,<username> mau ganti smartphone baru <hashtag>,"""<username> Mau ganti smartphone baru <hashtag>""",1.0,False
Non-bullying,aku <hashtag> dari sekian banyak sifat baik rosul yang diteladani cuma bagian poligaminya,"""aku <hashtag> dari sekian banyak sifat baik rosul yang diteladani cuma bagian poligaminya""",1.0,False
Non-bullying,jangan menjadi biadab hingga tak punya adab !,"""Jangan menjadi biadab hingga tak punya adab !""",1.0,False
Non-bullying,<username> adakah dengan longgokan kerja di pejabat jalan sesak pergi dan pulang kerja (pagi keluar sebelum matahari keluar balik matahari dah takde) kos sara hidup yang tinggi menjdi salah satu sebab kurangnya masa parents nak jumpe anak2 dirumah,"""<username> Adakah dengan longgokan kerja di pejabat jalan sesak pergi dan pulang kerja (pagi keluar sebelum matahari keluar balik matahari dah takde) kos sara hidup yang tinggi menjdi salah satu SEBAB kurangnya masa parents nak jumpe anak2 dirumah""",1.0,False
Bullying,<username> <username> <hashtag> saya taulah siapa yang suka teriak2 saya nkri saya pancasila tapi semua dijualin dan mau saja jadi jongos cina!!!.,"""<username> <username> <hashtag> saya TAULAH SIAPA yang SUKA TERIAK2 SAYA NKRI SAYA PANCASILA TAPI SEMUA DIJUALIN DAN MAU saja JADI JONGOS CINA!!!.""",0.0,True
Non-bullying,di dunia ini tidak ada yang tidak mungkin semua bisa menjadi mungkin !! <hashtag> <hashtag>,"""Di Dunia ini tidak ada yang tidak mungkin Semua bisa menjadi mungkin !! <hashtag> <hashtag>""",1.0,False
Non-bullying,tak segera selesaikan masalah bpjs siap-siap karam <hashtag> <link>,"""Tak Segera Selesaikan Masalah BPJS Siap-siap Karam <hashtag> <link>""",1.0,False
Non-bullying,polri: tangkap provokator elite & larang keluar negri . - tandatangani petisi !,"""Polri: Tangkap Provokator Elite & larang keluar negri . - Tandatangani Petisi !""",1.0,False
Non-bullying,perjuangan sang team sejati sungguh antisipasi <hashtag> <hashtag> <hashtag> <hashtag> <hashtag> <hashtag> <hashtag> <link>,"""Perjuangan sang team sejati sungguh antisipasi <hashtag> <hashtag> <hashtag> <hashtag> <hashtag> <hashtag> <hashtag> <link>""",1.0,False
Bullying,selamat warga dki 58 sudah dibikinin toa yang mahal tinggal dikasih lagu titanic ... pas tenggelam dinyanyiin <hashtag>,"""Selamat Warga DKI 58 Sudah Dibikinin Toa Yang Mahal Tinggal Dikasih Lagu Titanic ... Pas Tenggelam Dinyanyiin <hashtag>""",0.0,True
Non-bullying,<username> jadi presiden 2 priode..? alamat kegaduhan ini akan berlanjut .. mereka takan sudi negara ini maju di tangan jkw .. contoh pembangunan lrt dulu ada kecelakaan mereka kompak caci maki jkw saat lrt sukses beroperasi .. mereka hilangkan jasanya . <hashtag>,"""<username> jadi presiden 2 priode..? Alamat kegaduhan ini akan berlanjut .. Mereka takan sudi negara ini maju di tangan jkw .. Contoh Pembangunan LRT Dulu ada kecelakaan Mereka kompak caci maki jkw Saat LRT sukses beroperasi .. Mereka hilangkan jasanya . <hashtag>""",1.0,False
Bullying,semua orang waras yang mendengarkan pasti geleng2 kepala ia bukan keras tapi ngawur isi pidatonya tidak karuan.,"""Semua orang waras yang mendengarkan pasti geleng2 kepala ia bukan keras tapi ngawur isi pidatonya tidak karuan.""",0.0,True
Non-bullying,<username> <username> <username> <username> <username> mira imatges de data center i veurã s rapidament els milers de treballadors que mouen ðÿ˜‚ðÿ˜‚ . altra cosa seria que em diguessis que ve goggle amazon i facebook al costat del data center . <link>,"""<username> <username> <username> <username> <username> Mira imatges de data center i veurÃ s rapidament els milers de treballadors que mouen ðŸ˜‚ðŸ˜‚ . Altra cosa seria que em diguessis que ve Goggle Amazon i Facebook al costat del data center . <link>""",1.0,False
Non-bullying,berbahagialah selalu . karena itu adalah salah satu cara menjadi bijaksana.^_^ <hashtag>,"""Berbahagialah selalu . Karena itu adalah salah satu cara menjadi bijaksana.^_^ <hashtag>""",1.0,False
Non-bullying,<username> <hashtag> wahh congrats yaa buat kumparan atas penghargaannya ðÿ’•ðÿ’•,"""<username> <hashtag> Wahh Congrats yaa buat kumparan atas penghargaannya ðŸ’•ðŸ’•""",1.0,False
Non-bullying,<username> goblok-goblok aja ... gak usah ikut campur nu ... gak usah sok peduli ... kamu gak ikut mendirikan nu ... diam ... mulut kamu tidak berguna bagi nu,"""<username> Goblok-goblok aja ... Gak usah ikut campur NU ... Gak usah sok peduli ... Kamu gak ikut mendirikan NU ... Diam ... Mulut kamu tidak berguna bagi NU""",1.0,False
Non-bullying,yg paling banyak korup ternyata pks .. wuiihh,"""Yg paling banyak korup ternyata PKS .. Wuiihh""",1.0,False
Non-bullying,kelakuan 02 emang ga ada hbisnya buat di kritik . ini perempuan-perempuan yg mereka korbankan demi dapet elektabilitas . mereka yg berbuat begtu ada kesalahan petingginya cuci tangan pura-pura ga kenal <hashtag> <username> <username> <username>,"""Kelakuan 02 emang ga ada hbisnya buat di kritik . Ini perempuan-perempuan yg mereka korbankan demi dapet elektabilitas . Mereka yg berbuat begtu ada kesalahan petingginya cuci tangan pura-pura ga kenal <hashtag> <username> <username> <username>""",1.0,False
Non-bullying,idham aziz periortitaskan 7 program yang haus di laksanakan dan cpat <username> <username> <username> <hashtag> <link>,"""Idham Aziz periortitaskan 7 program yang haus di laksanakan dan cpat <username> <username> <username> <hashtag> <link>""",1.0,False
Non-bullying,kedatangan ibu pejabat tanjung selor,"""Kedatangan ibu pejabat tanjung selor""",1.0,False
Non-bullying,gila ya . bahasa ceo buka lapak . ga tau diri banget . pertama dimulai dair kalimat omong kosong ... diakhiri dengan presiden baru ...,"""Gila ya . Bahasa ceo buka lapak . Ga tau diri banget . Pertama dimulai dair kalimat OMONG KOSONG ... Diakhiri dengan PRESIDEN BARU ...""",1.0,False
Non-bullying,aku memang bajingan tapi aku tau kamu lebih bajingan ! kamu lupa mengaca kebajinganmu !. brandal urakan !,"""Aku memang bajingan tapi aku tau kamu lebih bajingan ! Kamu lupa mengaca kebajinganmu !. Brandal urakan !""",1.0,False
Non-bullying,bahaya deh kalo ada center hoax .. masyarakat yang pintar jangan sampai kena isue2 bodoh ya .. <hashtag>,"""bahaya deh kalo ada center hoax .. Masyarakat yang pintar jangan sampai kena isue2 bodoh ya .. <hashtag>""",1.0,False
Non-bullying,puan maharani ketua dpr ri 2019-2024 ditempatkan di komisi i fraksi pdi perjuangan . <hashtag> <hashtag> <hashtag> <hashtag> <hashtag> <hashtag> <hashtag> <link>,"""Puan Maharani Ketua DPR RI 2019-2024 ditempatkan di Komisi I Fraksi PDI Perjuangan . <hashtag> <hashtag> <hashtag> <hashtag> <hashtag> <hashtag> <hashtag> <link>""",1.0,False
Non-bullying,ðÿ‘¦ : kamu insomnia yaa? ðÿ‘§ : iya ðÿ‘¦ : sama dong aku jg insomnia ðÿ‘§ : kamu susah tidur kalo malam ya ðÿ‘¦ : gak tuh ðÿ‘§ : terus? ðÿ‘¦ : kalo kamu kan susah tidur kalo malem kalo aku susah ngelupain kamu <hashtag> <hashtag>,"""ðŸ‘¦ : kamu insomnia yaa? ðŸ‘§ : iya ðŸ‘¦ : sama dong aku jg insomnia ðŸ‘§ : kamu susah tidur kalo malam ya ðŸ‘¦ : gak tuh ðŸ‘§ : terus? ðŸ‘¦ : kalo kamu kan susah tidur kalo malem kalo aku susah ngelupain kamu <hashtag> <hashtag>""",1.0,False
Non-bullying,<username> gak sekalian bu sri mulyani diajarin gmn caranya spy kgk ngutang mulu ...,"""<username> Gak sekalian bu Sri Mulyani diajarin gmn caranya spy kgk ngutang mulu ...""",1.0,False
Non-bullying,<username> <username> <username> yah ini bego diraup semua ðÿ¤¦â€â™‚ï¸,"""<username> <username> <username> Yah ini bego diraup semua ðŸ¤¦â€â™‚ï¸""",1.0,False
Non-bullying,presiden menekankan bahwa masalah radikalisme harus menjadi perhatian pemerintah . <hashtag> <link>,"""Presiden menekankan bahwa masalah radikalisme harus menjadi perhatian pemerintah . <hashtag> <link>""",1.0,False
Non-bullying,*silahkan yg pake app buka lapak segera uninstall dan report app nya*. *pemiliknya kampret militan*,"""*Silahkan yg pake app Buka Lapak segera uninstall dan report app nya*. *Pemiliknya kampret militan*""",1.0,False
Non-bullying,mengaku salah itu jarang diterapkan pada sebagian orang .padahal jujur itu gak bayar . . malah mendatangkan kebaikan .,"""Mengaku salah itu jarang diterapkan pada sebagian orang .Padahal jujur itu gak bayar . . Malah mendatangkan kebaikan .""",1.0,False
Non-bullying,<username> hanya jokowi yang betul2 pro rakyat serta konsisten dgn janji2-nya terhdp rakyat papua saudara kita ðÿ‘ðÿ‘ðÿ‘ðÿ‘ <hashtag> <hashtag> <hashtag>,"""<username> Hanya Jokowi yang betul2 pro rakyat serta konsisten dgn janji2-nya terhdp rakyat Papua saudara kita ðŸ‘ðŸ‘ðŸ‘ðŸ‘ <hashtag> <hashtag> <hashtag>""",1.0,False
Non-bullying,ã°å¸ââ° -mending lu langsung cancel . -selamat engga kena macam-macam sarkasme iya -naik motor serasa cobaan dari yang kuasa -suka kabur dari polisi -suka banget ngerjain yg pesan -kalau kamu udah kepepet ngebut=+5k hadeeh pake gojek gini mah murah lu dh miskin mintanya cepat pula <link>,"""Ã°Å¸ÂÂ° -mending lu langsung cancel . -selamat engga kena macam-macam sarkasme iya -naik motor serasa cobaan dari yang kuasa -suka kabur dari polisi -suka banget ngerjain yg pesan -kalau kamu udah kepepet ngebut=+5k Hadeeh pake gojek gini mah murah lu dh miskin mintanya cepat pula <link>""",1.0,False
Non-bullying,<username> yg tercaper dokter tom kalo mau pengin selfie sama pak <username> terus terang aja ngga usah pake muter2 kayak gangsing ðÿ˜žðÿ˜š,"""<username> yg tercaper dokter Tom kalo mau pengin selfie sama pak <username> terus terang aja ngga usah pake muter2 kayak gangsing ðŸ˜ŽðŸ˜Š""",1.0,False
Non-bullying,<username> <username> lah ahok ngapain aja selain dbui? hahahaha,"""<username> <username> Lah ahok ngapain aja selain dbui? Hahahaha""",1.0,False
Non-bullying,<username> kayanya capres 02 kebanyakan nonton film action deh masa ibu-ibu pake cadar dan kacamata hitam malah di kira intel . logikanya dimana coba haduhhh <hashtag>,"""<username> Kayanya Capres 02 kebanyakan nonton film action deh masa ibu-ibu pake cadar dan kacamata hitam malah di kira Intel . Logikanya dimana coba haduhhh <hashtag>""",1.0,False
Non-bullying,noted <hashtag> <link>,"""Noted <hashtag> <link>""",1.0,False
Bullying,wow...!!! di canberra...pidato pakai bahasa indonesia..?? nasionalis banget bapak...?? sia-sia toefl saya... ?? <hashtag>,"""wow...!!! di canberra...pidato pakai bahasa indonesia..?? nasionalis banget bapak...?? sia-sia TOEFL saya... ?? <hashtag>""",0.0,True
Non-bullying,<username> <username> kerasional apa yg bs anda tawarkan jk mlihat pemda dki menganggarkan 82m u lem aibon 123m u pulpen? jadi mestinya bagaimana kt hrs mnyikapi ini? menganggap ini (anggaran asal2an) hal yg wajar?,"""<username> <username> Kerasional apa yg bs anda tawarkan jk mlihat pemda DKI menganggarkan 82M u lem aibon 123M u pulpen? Jadi mestinya bagaimana kt hrs mnyikapi ini? Menganggap ini (anggaran asal2an) hal yg wajar?""",1.0,False
Non-bullying,<username> tetap smgt dan optimis ..sang kuasa semoga selalu meridhoi setiap langkahmu . amin,"""<username> Tetap smgt dan optimis ..sang kuasa semoga selalu meridhoi setiap langkahmu . Amin""",1.0,False
Non-bullying,..untuk revolusi yang semakin baik dan maju ..semoga .. <hashtag> <hashtag> <hashtag> <link>,"""..Untuk revolusi yang semakin baik dan maju ..semoga .. <hashtag> <hashtag> <hashtag> <link>""",1.0,False
Bullying,kenapa saya memberiken apresiasi yang tinggi? krn i kafirâ saja ndak sanggup ngasih penghargaan seperti itu malah nutup diskotik,"""Kenapa saya memberiken apresiasi yang tinggi? Krn i KafirÂ saja ndak sanggup ngasih penghargaan seperti itu malah nutup diskotik""",0.0,True
Bullying,<username> anis memang pintar pintar memanfaatkan situasi terlaksana atau tidak itu bukan bagian tanggungjawab nya tinggal ngeles saja,"""<username> Anis memang pintar pintar memanfaatkan situasi terlaksana atau tidak itu bukan bagian tanggungjawab nya tinggal ngeles saja""",0.0,True
Non-bullying,dia kalo jadi presdien . pasti sering diteror bom ama rakyatnya . wkwkwwkwk . abis nya kerjaannya marah marah mele . <hashtag>,"""dia kalo jadi presdien . pasti sering diteror bom ama rakyatnya . wkwkwwkwk . abis nya kerjaannya marah marah mele . <hashtag>""",1.0,False
Bullying,bapak anies sudah membuktikan hasilnya terimakasih bapak anies <hashtag> <hashtag>,"""Bapak anies sudah membuktikan hasilnya terimakasih bapak anies <hashtag> <hashtag>""",0.0,True
Non-bullying,semua saja di kambing hitamkan . seperti dia yg paling benar saja . wartawan ulama sekarang emak-emak yg jadi korban . <hashtag>,"""Semua saja di kambing hitamkan . Seperti dia yg paling benar saja . Wartawan Ulama sekarang emak-emak yg jadi korban . <hashtag>""",1.0,False
Non-bullying,sekarang lagi musim orang islam membenci agama islam <hashtag>,"""SEKARANG LAGI MUSIM ORANG ISLAM MEMBENCI AGAMA ISLAM <hashtag>""",1.0,False
Bullying,<username> ini sebetulnya banyak di isi orang-orang pintar .. pintar ngeles??,"""<username> ini sebetulnya banyak di isi orang-orang pintar .. Pintar ngeles??""",0.0,True
Bullying,<username> <username> <username> <username> iyaa kak anak2 skrang tidak pandai mempelajari sejarah tapi untuk korupsi sekelas pejabat kitaa syukurlah makin tahun makin mengalami peningkatan semua berjalan sistematis dan terstruktur ..,"""<username> <username> <username> <username> Iyaa kak anak2 Skrang tidak pandai mempelajari sejarah tapi untuk korupsi sekelas pejabat kitaa syukurlah makin tahun makin mengalami peningkatan semua berjalan sistematis dan terstruktur ..""",0.0,True
Non-bullying,<hashtag> tapi partai dia paling banyak dpt jatah ...,"""<hashtag> tapi partai dia paling banyak dpt jatah ...""",1.0,False
Non-bullying,bukan indonesianya legislatifnya aja yang tolol <link>,"""Bukan Indonesianya legislatifnya aja yang tolol <link>""",1.0,False
Bullying,sebenarnya kalau dipikir ulang anies itu baik loh mencoba menepati janji kampanye . tidak akan ada penggusuran . tidak menggusur = tidak normalisasi . ya begini hasilnya .. banjirrrr guyss .. pimpinan dpr minta anies kebut normalisasi <hashtag>,"""Sebenarnya kalau dipikir ulang Anies itu baik loh Mencoba menepati janji kampanye . tidak akan ada penggusuran . Tidak menggusur = tidak normalisasi . Ya begini hasilnya .. banjirrrr guyss .. Pimpinan DPR Minta Anies Kebut Normalisasi <hashtag>""",0.0,True
Non-bullying,jgn mengatasnamakan rakyat jgn mengatasnamakan agama jgn mengatasnamakan muslim <hashtag>,"""JGN mengatasnamakan Rakyat JGN mengatasnamakan agama JGN mengatasnamakan Muslim <hashtag>""",1.0,False
Non-bullying,horang kaya pemirsahhhh . <hashtag> <link>,"""Horang kaya pemirsahhhh . <hashtag> <link>""",1.0,False
Non-bullying,kok ada younya lagi sih tolol <link>,"""kok ada younya lagi sih tolol <link>""",1.0,False
Non-bullying,<username> <username> kalau yg ini disebut apa ??? anies masih mendingan dia datang belakangan jkw udh dr 6 thn lalu bo ! <link>,"""<username> <username> kalau yg ini disebut apa ??? Anies masih mendingan dia datang belakangan JKW udh dr 6 thn lalu bo ! <link>""",1.0,False
Bullying,terima kasih <hashtag> <hashtag> terbaik <username> mobil jadi <hashtag> <hashtag> <hashtag> <hashtag>,"""Terima kasih <hashtag> <hashtag> terbaik <username> mobil jadi <hashtag> <hashtag> <hashtag> <hashtag>""",0.0,True
Non-bullying,<username> tahu la bukan kayak nia ramadhani hahshahhaha,"""<username> Tahu la bukan kayak nia ramadhani hahshahhaha""",1.0,False
Non-bullying,garing lu tolol,"""garing lu tolol""",1.0,False
Non-bullying,<username> <username> <username> setuju .. tahun depan pun masih ada ump 1 7 jt . bayangkan bila dia anak 2 ..sdh 140 rb an sama adminnya bayar . ap ndak dipikir ya . kenapa ndak disisir dulu peserta pbi . seperti banyak yg tdk layak dapat,"""<username> <username> <username> setuju .. tahun depan pun masih ada ump 1 7 jt . bayangkan bila dia anak 2 ..sdh 140 rb an sama adminnya bayar . ap ndak dipikir ya . kenapa ndak disisir dulu peserta PBI . seperti banyak yg tdk layak dapat""",1.0,False
Bullying,banjir jakarta bukan salah <username> tapi salah warga jakarta yanggoblok dulu milih <username> jadi gubernur <hashtag>,"""Banjir jakarta bukan salah <username> tapi salah warga jakarta yanggoblok dulu milih <username> jadi gubernur <hashtag>""",0.0,True
Non-bullying,<username> mungkin jadi linglung harus ngapain lagi gara2 ga ada pasien sama sepi job ... kasian yah ... ih ...,"""<username> Mungkin jadi linglung harus ngapain lagi gara2 ga ada pasien sama sepi job ... Kasian yah ... ih ...""",1.0,False
Non-bullying,<username> tololã°å¸ëœâ­,"""<username> tololÃ°Å¸ËœÂ­""",1.0,False
Non-bullying,<username> siap presiden <hashtag>,"""<username> Siap PRESIDEN <hashtag>""",1.0,False
Bullying,semangat unbknya adikadik tidak harus begadang bangun subuh saja karna kunci jawaban akan tersebar dijam segitu .,"""Semangat unbknya adikadik tidak harus begadang bangun subuh saja karna kunci jawaban akan tersebar dijam segitu .""",0.0,True
Non-bullying,mana saya tahu saya kan nia ramadhani,"""Mana saya tahu saya kan Nia Ramadhani""",1.0,False
Non-bullying,<username> pendukung lu bikin malu negara !!! <hashtag> <hashtag> <hashtag> <hashtag> <hashtag>,"""<username> PENDUKUNG LU BIKIN MALU NEGARA !!! <hashtag> <hashtag> <hashtag> <hashtag> <hashtag>""",1.0,False
Non-bullying,kemenangan hari ini sekaligus kado ulang tahun untuk saudara kita yang telah mendahului alm . haringga . bahagia di tempat barumu kawan . al-fatihah ... <hashtag>,"""Kemenangan hari ini sekaligus kado ulang tahun untuk Saudara kita yang telah mendahului Alm . Haringga . Bahagia di tempat barumu kawan . Al-Fatihah ... <hashtag>""",1.0,False
Non-bullying,wajar manusia menjadi inonsisten tapi kalo untuk urusan negara jangan main-main dgn kata itu 02proasing,"""wajar manusia menjadi INONSISTEN tapi kalo untuk urusan negara jangan main-main dgn kata itu 02ProAsing""",1.0,False
Non-bullying,hoax di musim politik semakin menjadi-jadi . banyak kabar yang kerap menyerang jokowi . tetapi aku lebih percaya dengan bukti kerja nyata dibandingkan harus pusing-pusing mikiri hoax belaka :),"""Hoax di musim politik semakin menjadi-jadi . Banyak kabar yang kerap menyerang Jokowi . Tetapi aku lebih percaya dengan bukti kerja nyata dibandingkan harus pusing-pusing mikiri hoax belaka :)""",1.0,False
Non-bullying,<username> <username> <username> <username> <username> radikal emang gak bisa jauh2 dr syahwat wanita perkosa . kekerasan dibunuh . nyuruh org tobat tp kelakuan sendiri dekat sm dosa . jgn memandang org lain berkaca pada diri sendiri mas . sepakat?,"""<username> <username> <username> <username> <username> Radikal emang gak bisa jauh2 dr syahwat wanita perkosa . Kekerasan dibunuh . Nyuruh org tobat tp kelakuan sendiri dekat sm dosa . Jgn memandang org lain berkaca pada diri sendiri mas . Sepakat?""",1.0,False
Non-bullying,<username> <username> <username> pingin peluuukkkkk .... ðÿ˜‚ðÿ˜‚ðÿ˜‚ðÿ˜‚,"""<username> <username> <username> Pingin peluuukkkkk .... ðŸ˜‚ðŸ˜‚ðŸ˜‚ðŸ˜‚""",1.0,False
Non-bullying,<username> <username> mentalmu mental kere begitu lempar batu sembunyii ....,"""<username> <username> Mentalmu mental kere begitu lempar batu sembunyii ....""",1.0,False
Non-bullying,bagaimanakah status kepesertaan bpjs ketenagakerjaan untuk karyawan yang sudah memasuki usia pensiun namun tetap bekerja? hubungi kami di <link> atau +62 21 750 2345 . <hashtag> <hashtag> <hashtag> <hashtag> <hashtag> <hashtag> <hashtag>,"""Bagaimanakah status Kepesertaan BPJS Ketenagakerjaan untuk karyawan yang sudah memasuki usia pensiun namun tetap bekerja? Hubungi kami di <link> atau +62 21 750 2345 . <hashtag> <hashtag> <hashtag> <hashtag> <hashtag> <hashtag> <hashtag>""",1.0,False
Non-bullying,amin pancasila msh sakti di indonesia . bhinneka tunggal ika msh kokoh di bumi indonesia . nkri akan selalu berjaya,"""Amin Pancasila msh sakti di Indonesia . Bhinneka Tunggal Ika msh kokoh di bumi Indonesia . NKRI akan selalu BERJAYA""",1.0,False
Bullying,rajin banget tu orng bikin status ajg kesel saya yang disasar juga tidak peka tolol hshshshshshsh,"""rajin banget tu orng bikin status ajg kesel saya yang disasar juga tidak peka tolol hshshshshshsh""",0.0,True
Bullying,welcome to indonesia apa2 dikomersilkan. di luar negeri malah didiskon dan dibagi gratis demi kemanusiaan.,"""Welcome to Indonesia apa2 dikomersilkan. Di luar negeri malah didiskon dan dibagi gratis demi kemanusiaan.""",0.0,True
Bullying,wow...!!! di canberra...pidato pakai bahasa indonesia..ã°ã¿ëœâ³ chauvinis banget bapak...ã°ã¿â¤â€ sia-sia toefl sy... ã°ã¿ëœâ€ <hashtag>,"""wow...!!! di canberra...pidato pakai bahasa indonesia..Ã°Ã¿ËœÂ³ chauvinis banget bapak...Ã°Ã¿Â¤â€ sia-sia toefl sy... Ã°Ã¿Ëœâ€ <hashtag>""",0.0,True
Non-bullying,tidak selalu orang menjadi <hashtag> karena <hashtag> dan <hashtag> tapi karena <hashtag> <hashtag> <hashtag> orang yang tidak memberi <hashtag> dan <hashtag> kepada orang lain . ada orang yang menjadi <hashtag> <hashtag> dengan cara memiskinkan orang lain . tuhan melihat semua perbuatanmu,"""Tidak selalu orang menjadi <hashtag> karena <hashtag> dan <hashtag> tapi karena <hashtag> <hashtag> <hashtag> orang yang tidak memberi <hashtag> dan <hashtag> kepada orang lain . Ada orang yang menjadi <hashtag> <hashtag> dengan cara memiskinkan orang lain . Tuhan melihat semua perbuatanmu""",1.0,False
Non-bullying,<username> kalo ini bener akun dokter gak kebayang dulu lulus ya nilainya kayak apa ya . mengerikan jika seorang dokter model begini bung cobalah berpikir dan berujar itu sesuai dgn kapasitas twit model bgini gak pantas dilakukan seorang dokter tapi seorang buzzer murahan,"""<username> Kalo ini bener akun dokter gak kebayang dulu lulus ya nilainya kayak apa ya . Mengerikan jika seorang dokter model begini bung cobalah berpikir dan berujar itu sesuai dgn kapasitas twit model bgini gak pantas dilakukan seorang dokter tapi SEORANG BUZZER MURAHAN""",1.0,False
Non-bullying,<username> klu aku pasien si tompi sudah aku suntik dia ...,"""<username> Klu aku pasien si tompi sudah aku suntik dia ...""",1.0,False
Bullying,selamat datang di indonesia. negara +62 dengan bermacam-macam adat istiadat keindahan alam budaya juga.. kegoblokan sebagian masyarakatnya ;),"""Selamat datang di Indonesia. Negara +62 dengan bermacam-macam adat istiadat keindahan alam budaya juga.. Kegoblokan sebagian masyarakatnya ;)""",0.0,True
Non-bullying,halo bung kemarin yang hina orang golput apa kabar? sehatkan anda padahal golput kemaren lebih masuk logika loh dari pada yang trending saat ini . golput dengan alasan bertemunya kedua calon? entah itu calon apa . hahahaha anda lucu bung oh iya kasihan ya anda <hashtag>,"""Halo bung kemarin yang hina orang golput apa kabar? Sehatkan anda padahal golput kemaren lebih masuk logika loh dari pada yang trending saat ini . Golput dengan alasan bertemunya kedua calon? Entah itu calon apa . Hahahaha anda lucu bung Oh iya kasihan ya anda <hashtag>""",1.0,False
Bullying,pengumuman .. pengumuman ada berita baru kantor hoax baru di buka dan di resmikan ??? hati2 kejebak strategi hoax kubu 02 . !!!!,"""Pengumuman .. Pengumuman ada berita baru kantor hoax baru di buka dan di resmikan ??? Hati2 kejebak strategi Hoax kubu 02 . !!!!""",0.0,True
Non-bullying,dan bapak ini membuat rocky gerung tak berkutik. sumber: <link> <link>,"""Dan Bapak ini membuat Rocky Gerung tak berkutik. Sumber: <link> <link>""",1.0,False
Non-bullying,kepuasan tidak muncul berkat prestasi melainkan usaha . usaha yang penuh adalah kemenangan yang penuh,"""Kepuasan tidak muncul berkat prestasi melainkan usaha . Usaha yang penuh adalah kemenangan yang penuh""",1.0,False
Non-bullying,para milenial lebih memahami semua fungsi smartphone ketimbang seorang miliarder yang bisa memborong jutaan smartphone canggih dalam sehari,"""Para milenial lebih memahami semua fungsi smartphone ketimbang seorang miliarder yang bisa memborong jutaan smartphone canggih dalam sehari""",1.0,False
Non-bullying,7 . belum hilang dari ingatan proyek bandara kertajati yg dominan orientasi fisiknya .pada akhirnya tidak jadi bandara .ada indikasi pengulangan yang sama . melulu ttg aspek fisik <hashtag> baru yg berujung tidak menjadi <hashtag> sesungguhnya . <hashtag> <hashtag>,"""7 . Belum hilang dari ingatan proyek bandara kertajati yg dominan orientasi fisiknya .Pada akhirnya tidak jadi bandara .Ada indikasi pengulangan yang sama . Melulu ttg aspek fisik <hashtag> baru yg berujung tidak menjadi <hashtag> sesungguhnya . <hashtag> <hashtag>""",1.0,False
Bullying,welcome to indonesia yang mana rata2 warganya hobi banget ngurusin selangkangan orang lain??????,"""Welcome to Indonesia yang mana rata2 warganya hobi banget ngurusin selangkangan orang lain??????""",0.0,True
Bullying,indonesia adalah eksportir komoditas terbesar dan terlengkap di dunia tapi hasilnya menjadi rakyat paling melarat di dunia .â€™,"""Indonesia adalah eksportir komoditas terbesar dan terlengkap di dunia tapi hasilnya menjadi rakyat paling melarat di dunia .â€™""",0.0,True
Bullying,permisi generasi optimis mau lewat . politisi tukang sebar fitnah hoax apalagi <hashtag> tolong minggir dulu ya .. <hashtag>,"""Permisi generasi optimis mau lewat . Politisi tukang sebar fitnah hoax apalagi <hashtag> tolong minggir dulu ya .. <hashtag>""",0.0,True
Bullying,kaum terdidik itu harusnya mendidik bukan malah menghardik .!,"""Kaum terdidik itu harusnya mendidik bukan malah menghardik .!""",0.0,True
Non-bullying,mendung tok tapi gak hujan deket tok tapi gak jadian dasar hambamu ini hobinya emang sambat terus:) <hashtag>,"""mendung tok tapi gak hujan deket tok tapi gak jadian dasar hambamu ini hobinya emang sambat terus:) <hashtag>""",1.0,False
Non-bullying,<username> gak segan sama pak asrizal abis nanti kelen di bante pak asrizal <hashtag> <link>,"""<username> Gak segan sama pak asrizal abis nanti kelen di bante pak asrizal <hashtag> <link>""",1.0,False
Non-bullying,<username> pantai selatan kuy lah tantangin nyi roro kidul biar ada kerjaan,"""<username> Pantai Selatan kuy lah tantangin Nyi Roro kidul biar ada kerjaan""",1.0,False
Non-bullying,<username> <username> <username> <username> amin!!!! semoga mereka kuat menghadapi banyaknya birokrat dan pejabat korup yang terganggu sumber keuangannya .,"""<username> <username> <username> <username> Amin!!!! Semoga mereka kuat menghadapi banyaknya birokrat dan pejabat korup yang terganggu sumber keuangannya .""",1.0,False
Non-bullying,kalo punya otak ya pake dong mbak ! tolol .,"""Kalo punya otak ya pake dong mbak ! Tolol .""",1.0,False
Bullying,prestasi luarbiasa gubernur <username> mampu memeratakan banjir ke seluruh jakarta . dulu banjir hanya bisa dinikmati segelintir orang yang tinggal di daerah tertentu tapi sekarang berkat gubernur <username> seluruh rakyat bisa menikmati banjir . terimakasih bapak gubernur,"""Prestasi luarbiasa gubernur <username> mampu memeratakan banjir ke seluruh jakarta . Dulu banjir hanya bisa dinikmati segelintir orang yang tinggal di daerah tertentu tapi sekarang berkat gubernur <username> seluruh rakyat bisa menikmati banjir . Terimakasih bapak gubernur""",0.0,True
Non-bullying,kepada roma yang tak kalah kepada jì¶aì¶kì¶aì¶rì¶tì¶aì¶ makassar yang gelisah,"""kepada Roma yang tak kalah kepada JÌ¶aÌ¶kÌ¶aÌ¶rÌ¶tÌ¶aÌ¶ Makassar yang gelisah""",1.0,False
Bullying,<username> smart dalam mbuang2 anggaran dgn cara pasang-bongkar-pasang? <username> <username> <username> <username> <username> <username> <hashtag> <hashtag> <hashtag> <hashtag> <link>,"""<username> Smart dalam mbuang2 anggaran dgn cara pasang-bongkar-pasang? <username> <username> <username> <username> <username> <username> <hashtag> <hashtag> <hashtag> <hashtag> <link>""",0.0,True
Non-bullying,parade hari anti korupsi pak <username> &amp; pak <hashtag> gokil <link>,"""Parade Hari Anti Korupsi Pak <username> &amp; pak <hashtag> gokil <link>""",1.0,False
Non-bullying,dalam fit and proper test yang dilakukan komisi iii <username> menunjukkan hasil yang bagus . komjen idham azis dinilai mampu membimbing keluarga dengan baik . contoh utk keluarga bhayangkara yang lain <hashtag>,"""dalam fit and proper test yang dilakukan Komisi III <username> menunjukkan hasil yang bagus . Komjen Idham Azis dinilai mampu membimbing keluarga dengan baik . contoh utk keluarga Bhayangkara yang lain <hashtag>""",1.0,False
Non-bullying,<username> kadang suka pgn jadi nia ramadhani gitu ya ðÿ˜‚ðÿ˜‚,"""<username> Kadang suka pgn jadi Nia Ramadhani gitu ya ðŸ˜‚ðŸ˜‚""",1.0,False
Non-bullying,6 .000 siswa meriahkan gebyar tk di kelapa gading <link> <username> <username> <username> <hashtag> <hashtag> <hashtag> <hashtag> <hashtag> <hashtag> <link>,"""6 .000 Siswa Meriahkan Gebyar TK di Kelapa Gading <link> <username> <username> <username> <hashtag> <hashtag> <hashtag> <hashtag> <hashtag> <hashtag> <link>""",1.0,False
Non-bullying,azura luna | wanita yang mengaku sebagai sosialita kaya itu mengatakan ibunya seorang pengacara konglomerat . tak hanya itu azura menyombongkan diri dengan mengatakan ia hidup bak putri . <link>,"""Azura Luna | Wanita yang mengaku sebagai sosialita kaya itu mengatakan ibunya seorang pengacara konglomerat . Tak hanya itu Azura menyombongkan diri dengan mengatakan ia hidup bak putri . <link>""",1.0,False
Non-bullying,<hashtag> bersama membangun indonesia,"""<hashtag> Bersama membangun indonesia""",1.0,False
Non-bullying,<username> <username> gak cocok jadi wanita sosialita kita tuhã°å¸ëœå’,"""<username> <username> Gak cocok jadi wanita Sosialita kita tuhÃ°Å¸ËœÅ’""",1.0,False
Non-bullying,<username> anak pintar aldo ini memang .,"""<username> anak pintar aldo ini memang .""",1.0,False
Bullying,wow mantap sekali bu kalau begitu naikkan lagi saja bu iuran bpjs nya 3x lipat .,"""Wow mantap sekali Bu kalau begitu naikkan lagi saja Bu iuran BPJS nya 3x lipat .""",0.0,True
Bullying,<username> bisa begitu bangga dan hormat kepada donald trump tapi dia begitu biadab terhadap ulama kharismatik yang dimuliakan oleh umat islam .,"""<username> bisa begitu bangga dan hormat kepada Donald Trump tapi dia begitu biadab terhadap ulama kharismatik yang dimuliakan oleh umat Islam .""",0.0,True
Non-bullying,rakyat sudah cerdas tidak memilih prabowo kalo jadi presiden dikit2 nyuruh demo hancurlah bangsa ini <hashtag>,"""Rakyat sudah cerdas tidak memilih prabowo kalo jadi presiden dikit2 nyuruh demo hancurlah bangsa ini <hashtag>""",1.0,False
Non-bullying,bubah alfian beri klarifikasi - permintaan maaf setelah buat melly goeslaw meradang . <link>,"""Bubah Alfian Beri Klarifikasi - Permintaan Maaf Setelah Buat Melly Goeslaw Meradang . <link>""",1.0,False
Bullying,orang sehebat <username> bisa tidak punya adab sama ulama . sekolah adabmu dimana bro ?,"""Orang sehebat <username> bisa tidak punya adab sama ulama . Sekolah adabmu dimana bro ?""",0.0,True
Non-bullying,fadjroel katanya jadi jubir udah pernah ngomong belum <username> ?,"""Fadjroel katanya jadi jubir udah pernah ngomong belum <username> ?""",1.0,False
Non-bullying,gerakan anak2 mogok sekolah tiap jumat demi masa depan mereka sendiri menurutmu? jika kamu masih anak sekolah apa ikut juga? <hashtag> <hashtag> <hashtag> <hashtag> <hashtag> <hashtag> <hashtag> <hashtag> <hashtag> <hashtag>,"""Gerakan anak2 mogok sekolah tiap Jumat demi masa depan mereka sendiri Menurutmu? Jika kamu masih anak sekolah apa ikut juga? <hashtag> <hashtag> <hashtag> <hashtag> <hashtag> <hashtag> <hashtag> <hashtag> <hashtag> <hashtag>""",1.0,False
Bullying,puluhan kader berdarah darah di kongres pan diduga kena lemparan kursi katanya partai allah tapi gajak ko bar bar ã°ã¿â„¢â€žã°ã¿â„¢â€žã°ã¿â„¢â€ž jd pengen ketawa tapi tkt mulesss ã°ã¿â¤â­ ã°ã¿â¤â­ ã°ã¿â¤â­,"""puluhan kader berdarah darah di kongres pan diduga kena lemparan kursi katanya partai allah tapi gajak ko bar bar Ã°Ã¿â„¢â€žÃ°Ã¿â„¢â€žÃ°Ã¿â„¢â€ž jd pengen ketawa tapi tkt mulesss Ã°Ã¿Â¤Â­ Ã°Ã¿Â¤Â­ Ã°Ã¿Â¤Â­""",0.0,True
Non-bullying,ada kalanya menteri dari kalangan pengusaha diperlukan .. karena mereka seringkali berpikir \'out of the box\' dan fleksibel ã°å¸ëœå <hashtag> <hashtag> <link>,"""Ada kalanya menteri dari kalangan pengusaha diperlukan .. karena mereka seringkali berpikir \'out of the box\' dan fleksibel Ã°Å¸ËœÅ <hashtag> <hashtag> <link>""",1.0,False
Bullying,<hashtag> kalau bapak jadi imam baru mantap . jangan politisasi sholat jumat malu tahu..,"""<hashtag> kalau bapak jadi imam baru mantap . Jangan politisasi Sholat Jumat Malu tahu..""",0.0,True
Non-bullying,tak perlu memperpanjang lebar soal doa yg keliru diucapkan mbah maimun sbenarnya tapi ya bukan <username> namanya kalau tdk mempermasalahkan hal sekecil itu .,"""Tak perlu memperpanjang lebar soal doa yg keliru diucapkan Mbah Maimun sbenarnya tapi ya bukan <username> namanya kalau tdk mempermasalahkan hal sekecil itu .""",1.0,False
Non-bullying,tambah goblok ! followers 5 doang mau diandelin hilih asw,"""Tambah goblok ! Followers 5 doang mau diandelin hilih asw""",1.0,False
Non-bullying,<username> mantap ... tarrriiiikkkh mang,"""<username> Mantap ... Tarrriiiikkkh mang""",1.0,False
Non-bullying,putusan mk harus dimaknai sebagai putusan yang terbaik untuk mengakhiri segala sengketa yang berkaitan dengan pemilu <hashtag>,"""Putusan MK harus dimaknai sebagai putusan yang terbaik untuk mengakhiri segala sengketa yang berkaitan dengan pemilu <hashtag>""",1.0,False
Non-bullying,selamat kpd pak <username> atas terpilihnya kembali sbg presiden republik indonesia. semoga lakek tangan beliau dapek\u2026 <link>,"""Selamat kpd Pak <username> atas terpilihnya kembali sbg Presiden Republik Indonesia. Semoga lakek tangan beliau dapek\u2026 <link>""",1.0,False
Non-bullying,ðÿ™ selamat atas terpilihnya kader-kader terbaik partai golkar mengemban amanat memperkuat <hashtag> ðÿ‡®ðÿ‡© semoga kepercayaan ini sepenuhnya mjd pengabdian mulia bagi negeri . --------- <hashtag> <hashtag> <hashtag> <hashtag> <hashtag> <link>,"""ðŸ™ Selamat atas terpilihnya kader-kader terbaik Partai Golkar mengemban amanat memperkuat <hashtag> ðŸ‡®ðŸ‡© Semoga kepercayaan ini sepenuhnya mjd pengabdian mulia bagi negeri . --------- <hashtag> <hashtag> <hashtag> <hashtag> <hashtag> <link>""",1.0,False
Non-bullying,dasar kau bajingan matanya jelalatan ngentutan elek pisan .!!!!,"""dasar kau bajingan matanya jelalatan ngentutan elek pisan .!!!!""",1.0,False
Non-bullying,anjing gue jelek bat bgsd,"""anjing gue jelek bat bgsd""",1.0,False
Non-bullying,<username> nurani telah dikalahkan oleh narasi statement bijak mewakili kegalauan hati atas kekonyolan pejabat negeri santuy <link>,"""<username> nurani telah dikalahkan oleh narasi statement bijak mewakili kegalauan hati atas kekonyolan pejabat Negeri Santuy <link>""",1.0,False
Non-bullying,gubernur anies baswedan menyebut bahwa jakarta merupakan kota yang jumlah pejalan kakinya paling rendah di dunia . <hashtag> <link>,"""Gubernur Anies Baswedan menyebut bahwa Jakarta merupakan kota yang jumlah pejalan kakinya paling rendah di dunia . <hashtag> <link>""",1.0,False
Bullying,kita tunggu permohonan maaf dari fadlizon . kalau tidak berarti dia sudah tidak punya hati . ..,"""Kita tunggu permohonan maaf dari FadliZon . Kalau tidak berarti dia sudah tidak punya hati . ..""",0.0,True
Non-bullying,<username> emg lu tolol,"""<username> emg lu tolol""",1.0,False
Non-bullying,fitri mengaku tidak akan campur tangan soal kedinasan karena meskipun saya seorang istri kapolri urusan saya hanya sebatas dapur sumur dan kasur . selain itu bukan hak saya . <hashtag> <link>,"""Fitri mengaku tidak akan campur tangan soal kedinasan karena meskipun saya seorang istri kapolri urusan saya hanya sebatas dapur sumur dan kasur . Selain itu bukan hak saya . <hashtag> <link>""",1.0,False
Non-bullying,<hashtag> ko masi ada yg milih die jadi anggota dewan ya ... ntu yg milih pada di bayar brp ya ..,"""<hashtag> ko masi ada yg milih die jadi anggota dewan ya ... ntu yg milih pada di bayar brp ya ..""",1.0,False
Non-bullying,<username> gaberner yg jahat berawal dari mentri yg di pecat .... ðÿ¤­ðÿ¤­,"""<username> Gaberner yg jahat berawal dari mentri yg di pecat .... ðŸ¤­ðŸ¤­""",1.0,False
Non-bullying,bekerjalah sampai rekening bank kita terlihat seperti sebuah nomor telepon . di <username> kita bisa follow arti favorit kita <username> <username> <username> <hashtag> yuk dengarkan lagu ppap ( punya pacar anak pejabat) by yati amarra !! <link> <link>,"""Bekerjalah sampai rekening bank kita terlihat seperti sebuah nomor telepon . di <username> kita bisa follow arti favorit kita <username> <username> <username> <hashtag> Yuk Dengarkan Lagu PPAP ( PUNYA PACAR ANAK PEJABAT) by YATI AMARRA !! <link> <link>""",1.0,False
Bullying,"sesuai janji kampanye, anies akan sediakan kolam bagi warga dki jakarta. <hashtag>","""Sesuai janji kampanye, Anies akan sediakan kolam bagi warga DKI Jakarta. <hashtag>""",0.0,True
Non-bullying,<username> selamat malam jumat ðÿ˜ðÿ˜ðÿ˜ <hashtag> <link>,"""<username> Selamat malam jumat ðŸ˜ðŸ˜ðŸ˜ <hashtag> <link>""",1.0,False
Non-bullying,alasan knp aku lebih dukung emak jadi emakã‚â² pengajian drpd jadi emak sosialita (: <link>,"""Alasan knp aku lebih dukung emak jadi emakÃ‚Â² pengajian drpd jadi emak sosialita (: <link>""",1.0,False
Non-bullying,tapi kenyataanya dilapangan kita tidak bisa melaporkan berita yang dimaksud tersebut . karena seperti kita tau sendiri sejauh ini yang sering memberitakan isu-isu hoax justru malah dari kubu 02.' 1,"""Tapi kenyataanya dilapangan kita tidak bisa melaporkan berita yang dimaksud tersebut . karena seperti kita tau sendiri sejauh ini yang sering memberitakan isu-isu Hoax justru malah dari kubu 02.' 1""",1.0,False
Non-bullying,baiklah kalau mau dakwah di diskotik . <link>,"""Baiklah kalau mau dakwah di diskotik . <link>""",1.0,False
Non-bullying,<username> <username> lauranya aja tolol jadi perempuan malu sama prilakunya . sok2an hedonnnnn giliran sakit ngemis2,"""<username> <username> Lauranya aja tolol jadi perempuan malu sama prilakunya . Sok2an hedonnnnn giliran sakit ngemis2""",1.0,False
Non-bullying,mereka berusaha lari ketika diajak berjuang . bahkan mereka menggembosi semangat yg sdg berjuang dgn mengejek & mengolok-olok <hashtag>,"""Mereka berusaha lari ketika diajak berjuang . Bahkan mereka menggembosi semangat yg sdg berjuang dgn mengejek & mengolok-olok <hashtag>""",1.0,False
Non-bullying,<username> pidato akademis katanya tapi malah marahin perempuan pake cadar . namanya juga capres 02 <hashtag>,"""<username> Pidato Akademis katanya Tapi malah marahin perempuan pake cadar . Namanya juga capres 02 <hashtag>""",1.0,False
Bullying,sungguh mulia sekali cita2 mu neng..jadi pelakor...hahahaahaaa kan pianyingen ??????????????????????,"""SUNGGUH MULIA SEKALI CITA2 MU NENG..JADI PELAKOR...hahahaahaaa kan pianyingen ??????????????????????""",0.0,True
Bullying,minta maaf sih bagus tapi tanpa ada pernyataan bahwa salah ngambil data jadi percuma karena malah jadi memperjelas motivasi cuitannya . another great lesson learned for millenials,"""Minta maaf sih bagus tapi tanpa ada pernyataan bahwa salah ngambil data jadi percuma karena malah jadi memperjelas motivasi cuitannya . Another great lesson learned for millenials""",0.0,True
Bullying,partai allah nasion lagi ngajari anak2 tawuran??????,"""Partai Allah Nasion lagi ngajari anak2 tawuran??????""",0.0,True
Non-bullying,deuuuuhh itu yang kemaren demo-demo kayanya kebanyakkan makan mecin <hashtag> <hashtag> <hashtag>,"""Deuuuuhh itu yang kemaren demo-demo kayanya kebanyakkan makan mecin <hashtag> <hashtag> <hashtag>""",1.0,False
Non-bullying,<username> kayaknya wajahnya lelah banget bang mikir apaan ??? <hashtag>,"""<username> Kayaknya wajahnya lelah banget bang mikir apaan ??? <hashtag>""",1.0,False
Bullying,sudah diendors baik2 oleh bapak presiden balasanya menyakitkan tidak punya etika <hashtag>,"""Sudah diendors baik2 oleh bapak presiden balasanya menyakitkan tidak punya etika <hashtag>""",0.0,True
Non-bullying,dasar otak bebal merokok dlm rmh ... wowzss,"""dasar otak bebal merokok dlm rmh ... wowzss""",1.0,False
Non-bullying,<username> semoga bahagia <hashtag>,"""<username> Semoga bahagia <hashtag>""",1.0,False
Bullying,zaki anda bilang jokowi orang baik . tetapi anda sendiri mendukung orang yang pura-pura baik.,"""Zaki anda bilang Jokowi orang baik . Tetapi anda sendiri mendukung orang yang pura-pura baik.""",0.0,True
Non-bullying,kenapa kekurangan bendungan yg disalahkan gagalnya swasembada beras? zaman pak harto kita sdh swasembada dg bendungan yg ada persoalannya keberpihakan kepada petani dan berkurangnya lahan pertanian' 0,"""Kenapa kekurangan bendungan yg disalahkan gagalnya swasembada beras? Zaman Pak Harto kita sdh swasembada dg bendungan yg ada Persoalannya keberpihakan kepada petani dan berkurangnya lahan pertanian' 0""",1.0,False
Non-bullying,<username> block aja sih bangsad ! aduh ah ajg !! lemah lo kalo mslh move on begini !! udh tau dia begitu ngapa jdi masukin dia lg ke hati lo !! gila anjir !! tolol bego . kecewa gw sm hati lo bkn li nya tp masa hati lo selemah itu anjing . bersikap dingin se,"""<username> block aja sih bangsad ! ADUH AH AJG !! LEMAH LO KALO MSLH MOVE ON BEGINI !! udh tau dia begitu ngapa jdi masukin dia lg ke hati lo !! GILA ANJIR !! tolol bego . kecewa gw sm hati lo bkn li nya tp masa hati lo selemah itu anjing . BERSIKAP DINGIN SE""",1.0,False
Non-bullying,bukan baca komik kan pak?... yg kaya pak <username> koq masih ada aja yg meragukan kecerdasan beliau . <link>,"""Bukan baca komik kan pak?... yg kaya pak <username> koq masih ada aja yg meragukan kecerdasan beliau . <link>""",1.0,False
Non-bullying,argh tolol bgt,"""argh tolol bgt""",1.0,False
Non-bullying,<username> semoga bapak selalu sehat sehat saja sehingga dapat menjalankan tugas negara dan beribadah dengan khusyuk .amin .,"""<username> Semoga Bapak selalu sehat sehat saja sehingga dapat menjalankan Tugas Negara dan beribadah dengan khusyuk .Amin .""",1.0,False
Non-bullying,<username> bang tompi meutuah ... sisanya jgan lupa di masukin ke youtube juga ya transjkt yg trbengkalai sumber waras ..dan kerja 5 tahun jokowi lalu . biar jdi manusia yg berguna untuk bangsa n negara .. bek karena saket hatee. .. !! <link>,"""<username> Bang tompi meutuah ... Sisanya jgan lupa di masukin ke youtube juga ya transJkt yg trbengkalai sumber waras ..dan kerja 5 tahun jokowi lalu . Biar jdi manusia yg berguna Untuk bangsa n negara .. Bek karena saket hatee. .. !! <link>""",1.0,False
Non-bullying,apa kabar indonesia ku ? akankah kita masih merasakan betapa hangatnya hembusan nafas ... ???,"""Apa kabar indonesia ku ? Akankah kita masih merasakan betapa hangatnya hembusan nafas ... ???""",1.0,False
Non-bullying,bibir berteriak melawan hati menangis menahan . dasar kau bajingan .,"""Bibir berteriak melawan hati menangis menahan . Dasar kau bajingan .""",1.0,False
Non-bullying,<username> setingan <hashtag> untuk pencitraan .... bhuahahha gobloknya dipelihara pendukungnya bangga gak sadar kalo digoblokin .... <hashtag> <hashtag> <hashtag> <hashtag> <hashtag> <hashtag>,"""<username> Setingan <hashtag> untuk pencitraan .... Bhuahahha Gobloknya dipelihara pendukungnya bangga gak sadar kalo digoblokin .... <hashtag> <hashtag> <hashtag> <hashtag> <hashtag> <hashtag>""",1.0,False
Non-bullying,<hashtag> dan prabohong eksploitasi agama untuk kepentingan politik praktis lagi,"""<hashtag> dan prabohong eksploitasi agama untuk kepentingan politik praktis lagi""",1.0,False
Non-bullying,<username> <username> <username> <username> <username> <username> <username> <username> <username> <username> <username> <username> <username> <username> <username> <username> <username> <username> <username> <username> <username> <username> <username> <username> <username> <username> <username> <username> <username> <hashtag> wajar <hashtag> *zero* toleransi aparatus yg py sifat amoral kepala negara tak perlu beri instruksi agar segera mundur literasi budaya malu dihargai dsn ðÿ‘‡ budaya ini bs berlaku jg di <hashtag> ðÿ‘‰ <hashtag> ðÿ‘‡ ex <hashtag> <hashtag> <hashtag> <link>,"""<username> <username> <username> <username> <username> <username> <username> <username> <username> <username> <username> <username> <username> <username> <username> <username> <username> <username> <username> <username> <username> <username> <username> <username> <username> <username> <username> <username> <username> <hashtag> Wajar <hashtag> *zero* toleransi APARATUS yg py sifat Amoral KEPALA NEGARA TAK PERLU BERI INSTRUKSI AGAR SEGERA MUNDUR Literasi Budaya MALU dihargai dsn ðŸ‘‡ Budaya ini bs berlaku jg Di <hashtag> ðŸ‘‰ <hashtag> ðŸ‘‡ ex <hashtag> <hashtag> <hashtag> <link>""",1.0,False
Non-bullying,yaampun bukan berarti rendah dong bapak presiden <username> minta maaf . inget beliau juga manusia yang jauh dari jangkauan sempurna . harus slalu dukung beliau . semangat pakðÿ˜˜ <hashtag>,"""Yaampun bukan berarti rendah dong bapak presiden <username> minta maaf . Inget beliau juga manusia yang jauh dari jangkauan sempurna . harus slalu dukung beliau . Semangat pakðŸ˜˜ <hashtag>""",1.0,False
Non-bullying,ohh ini namanya baper yaa?? astagaaa jadi goblok sendiri yaaaa,"""ohh ini namanya baper yaa?? astagaaa jadi goblok sendiri yaaaa""",1.0,False
Non-bullying,nunggu vonis dedengkot awal segala kerusuhan rasis ini buniyani,"""Nunggu vonis dedengkot awal segala kerusuhan rasis ini BuniYani""",1.0,False
Non-bullying,goblok dan bego memang secocok buat kamu . cam tuttut,"""Goblok dan bego memang secocok buat kamu . Cam tuttut""",1.0,False
Non-bullying,mulai hujan deras sejumlah titik di jakarta banjir <link>,"""Mulai Hujan Deras Sejumlah Titik di Jakarta Banjir <link>""",1.0,False
Non-bullying,ari kaki kecium standar motor rasanya sangat romantis nyut nyutan gitu,"""ari kaki kecium standar motor rasanya sangat romantis nyut nyutan gitu""",1.0,False
Non-bullying,pret doi ketangkep bawa bong . gimana nih pret? <hashtag>,"""Pret doi ketangkep bawa bong . Gimana nih pret? <hashtag>""",1.0,False
Non-bullying,bismillah ..sdrku <username> kemana kamu selama ini ??? yang ginian masa masih kasih ijin sama luhut ??? luhut manggungnya terlalu jika justru mendukung pengiriman benih lobster ! <username> <username> <username> <username> <username> <username> <username> <username> <link>,"""BISMILLAH ..sdrku <username> kemana Kamu selama ini ??? Yang ginian Masa masih kasih ijin sama luhut ??? Luhut manggungnya terlalu jika justru mendukung pengiriman benih lobster ! <username> <username> <username> <username> <username> <username> <username> <username> <link>""",1.0,False
Bullying,jangan boros kamu masih celaka baek ngopi coeg <hashtag>,"""jangan boros kamu masih celaka baek ngopi coeg <hashtag>""",0.0,True
Bullying,katanya lahir di solo ..egk taunya di boyolali .. itu hoax juga,"""Katanya lahir di solo ..egk taunya di Boyolali .. Itu hoax juga""",0.0,True
Non-bullying,torres merupakan salah satu pembawa sial termahal di dunia .. :)),"""Torres merupakan salah satu pembawa sial termahal di dunia .. :))""",1.0,False
Non-bullying,arteria dahlan: jokowi tunjuk idham aziz sebagai kapolri keputusan tepat <hashtag> <hashtag> <hashtag> <hashtag> <hashtag> <hashtag> <hashtag> <hashtag> <hashtag> <hashtag> <username> <username> linkâ¬‡ï¸ <link> <link>,"""Arteria Dahlan: Jokowi Tunjuk Idham Aziz Sebagai Kapolri Keputusan Tepat <hashtag> <hashtag> <hashtag> <hashtag> <hashtag> <hashtag> <hashtag> <hashtag> <hashtag> <hashtag> <username> <username> Linkâ¬‡ï¸ <link> <link>""",1.0,False
Non-bullying,dpr indonesia ??? <hashtag>,"""DPR INDONESIA ??? <hashtag>""",1.0,False
Non-bullying,main codm dpt team tolol smua klo gk bisa main y gosah main gtlohh bujanggg,"""Main codm dpt team tolol smua klo gk bisa main y gosah main gtlohh bujanggg""",1.0,False
Bullying,namanya demokrasi masa kalau pilihan beda langsung bete begitu . lebay sekali . kan memang disediakan pilihan kenapa mesti menuntut untuk sama? embel-embel boikotbukalapak serasa ringan saja itu salah satu aset perekonomian karya anak bangsa banyak orang terbantu adanya dia.,"""Namanya demokrasi masa kalau pilihan beda langsung bete begitu . Lebay sekali . Kan memang disediakan pilihan kenapa mesti menuntut untuk sama? Embel-embel BoikotBukalapak serasa ringan saja itu salah satu aset perekonomian karya anak bangsa banyak orang terbantu adanya dia.""",0.0,True
Non-bullying,bu <username> terima kasih atas kerja keras ibu dalam menjaga perairan ri dan setiap keputusan dan kinerja baik ibu . enjoy your quality time with your family &lt;3 <hashtag> <link>,"""Bu <username> terima kasih atas kerja keras Ibu dalam menjaga perairan RI dan setiap keputusan dan kinerja baik Ibu . Enjoy your quality time with your family &lt;3 <hashtag> <link>""",1.0,False
Non-bullying,<username> <username> yg survei genderuwo sontoloyo,"""<username> <username> Yg survei Genderuwo Sontoloyo""",1.0,False
Bullying,anies gubernur indonesia. makanya seluruh indonesia yg di buat responden,"""Anies gubernur Indonesia. Makanya seluruh Indonesia yg di buat responden""",0.0,True
Non-bullying,dewan oon amat ya .... memalukan partai sendiri ampooouuunnnn <username> <link>,"""Dewan oon amat ya .... memalukan partai sendiri ampooouuunnnn <username> <link>""",1.0,False
Bullying,bapak anies baswedan itu orang pintar di atas kertas pendukung bapak anies baswedan juga orang pintar di atas septic tank,"""bapak Anies Baswedan itu ORANG PINTAR DI ATAS KERTAS Pendukung bapak Anies Baswedan juga ORANG PINTAR DI ATAS SEPTIC TANK""",0.0,True
Bullying,<hashtag> saya positf hamil ?? yaelahh tolll - kok narkoba :v,"""<hashtag> saya positf hamil ?? Yaelahh tolll - Kok narkoba :v""",0.0,True
Non-bullying,demot banget mau nangis pengen jadi nia ramadhani aja kalo begini,"""Demot banget mau nangis pengen jadi nia ramadhani aja kalo begini""",1.0,False
Non-bullying,saya curiga mendikbud nadim mendapat tekanan dari banyak pihak terutama yang terlibat dan mendapatkan keuntungan dari ujian nasional ini kata ramli <hashtag> <hashtag> <link>,"""Saya curiga Mendikbud Nadim mendapat tekanan dari banyak pihak terutama yang terlibat dan mendapatkan keuntungan dari Ujian Nasional ini kata Ramli <hashtag> <hashtag> <link>""",1.0,False
Bullying,kemudian anda <username> bisa jadi the real negarawan yang rela berkorban demi kemajuan bangsa bukan menjadi dalang,"""Kemudian anda <username> bisa jadi the real negarawan yang rela berkorban demi kemajuan bangsa bukan menjadi dalang""",0.0,True
Non-bullying,<username> politik ini sandiwara baik fadli zon prabowo mereka sedang melakukan perannya yg suka berubah2 waspadalah,"""<username> Politik ini sandiwara baik Fadli Zon Prabowo mereka sedang melakukan perannya yg suka berubah2 waspadalah""",1.0,False
Non-bullying,td aku liat mobil pejabat nomor platnya ri 14,"""Td aku liat mobil pejabat nomor platnya ri 14""",1.0,False
Non-bullying,lagunya lama kambingnya baru .. <hashtag> <hashtag>,"""Lagunya lama kambingnya baru .. <hashtag> <hashtag>""",1.0,False
Non-bullying,<username> <username> klo orang pinter bilang beda pasti kasih alasan nya ... nah klo cuma bisa ngomong beda tp gx ngsih bukti itu namanya si goblok berwajah monyet,"""<username> <username> Klo orang pinter bilang beda pasti kasih alasan nya ... nah klo cuma bisa ngomong beda tp gx ngsih bukti itu namanya si GOBLOK BERWAJAH MONYET""",1.0,False
Non-bullying,aq ngikut apa kata bung karno aja .. ã°å¸â€˜â€° jgn jd arab jika engkau islam ã°å¸â€˜â€° jgn jd yahudi jika engkau nasrani ã°å¸â€˜â€° jgn jd india jika engkau hindu jati diri bangsa indonesia hrs dipertahankan selama merah putih berkibar di bumi indonesia .. <hashtag> <link>,"""Aq ngikut apa kata Bung Karno aja .. Ã°Å¸â€˜â€° Jgn jd Arab jika engkau Islam Ã°Å¸â€˜â€° Jgn jd Yahudi jika engkau Nasrani Ã°Å¸â€˜â€° Jgn jd India jika engkau Hindu Jati diri Bangsa Indonesia hrs dipertahankan selama Merah Putih berkibar di Bumi Indonesia .. <hashtag> <link>""",1.0,False
Non-bullying,huuh dasar payah !! beraninya cuma kasih harapan gak berani buat buktikan !,"""Huuh dasar payah !! Beraninya cuma kasih harapan gak berani buat buktikan !""",1.0,False
Non-bullying,minggu pagi pergi tamasya jangan lupa untuk mandi selamat pagi indonesia saatnya kita mengabdi <link> <hashtag> <hashtag> <hashtag> <hashtag>,"""Minggu pagi pergi tamasya Jangan lupa untuk mandi Selamat pagi Indonesia Saatnya kita mengabdi <link> <hashtag> <hashtag> <hashtag> <hashtag>""",1.0,False
Bullying,amien rais menyebutnya sebagai partai allah setiap saat ribut saling serang antar anggota parta i.. partai apakah itu? ??,"""Amien Rais menyebutnya sebagai partai Allah setiap saat ribut saling serang antar anggota parta i.. Partai apakah itu? ??""",0.0,True
Non-bullying,menimbulkan kerugian pihak yang dibohongi atau yang ditipu .,"""menimbulkan kerugian pihak yang dibohongi atau yang ditipu .""",1.0,False
Non-bullying,selamat mengemban amanat rakyat untuk membawa indonesia maju ... <hashtag>,"""Selamat mengemban Amanat Rakyat untuk membawa Indonesia Maju ... <hashtag>""",1.0,False
Non-bullying,<username> semoga sukses selalu yaaa,"""<username> Semoga sukses selalu yaaa""",1.0,False
Non-bullying,<username> <username> <username> sadarnya pas udah lulus wah kok dulu gua tolol gini astagfirullah astagfirullah maaf ya ngakak bgt akutu,"""<username> <username> <username> sadarnya pas udah lulus wah kok dulu gua tolol gini astagfirullah astagfirullah maaf ya ngakak bgt akutu""",1.0,False
Non-bullying,<username> pejabat apa saya kan satpam,"""<username> pejabat apa saya kan satpam""",1.0,False
Non-bullying,luar biasa ini gagasan kemendikbud yang saya nantikan . salam hormat pak nadiem . <link>,"""Luar biasa ini gagasan kemendikbud yang saya nantikan . Salam hormat pak Nadiem . <link>""",1.0,False
Non-bullying,kepada pak nadiem makarim terima kasih karena anda sudah berani memperbaiki sistem pendidikan indonesia yang (agak) kacau . tidak ada hafalan tidak ada un . indah sekali hidup ini .,"""Kepada Pak Nadiem Makarim terima kasih karena anda sudah berani memperbaiki sistem pendidikan Indonesia yang (agak) kacau . Tidak ada hafalan tidak ada UN . Indah sekali hidup ini .""",1.0,False
Non-bullying,tidak ada handphone yang recommended bagi jomblo sebagus apapun handphonenya kalo ngga ada yang nge chat ya percuma goblk <hashtag> <hashtag> <hashtag> <hashtag> <hashtag>,"""Tidak ada handphone yang recommended bagi jomblo sebagus apapun handphonenya kalo ngga ada yang nge chat ya percuma goblk <hashtag> <hashtag> <hashtag> <hashtag> <hashtag>""",1.0,False
Non-bullying,<username> di a dia setelah orang tua jemput anaknya ibu ibunya sosialita banget banyak yang ngerumpi gitu perkembangan anaknya juga cuma segitu gitu aja hafalan anaknya gak berkembang pesat beda pas di tk b orang tua masih pada umumnya padahal sama sam,"""<username> di A dia setelah orang tua jemput anaknya ibu ibunya sosialita banget banyak yang ngerumpi gitu perkembangan anaknya juga cuma segitu gitu aja hafalan anaknya gak berkembang pesat beda pas di tk B orang tua masih pada umumnya padahal sama sam""",1.0,False
Non-bullying,makanya jangan sok jago waktu bicara nantang bannser wah ... jagoan betul begitu ditangkap melempem kaya krupuk kena air dasar sontoloyo..... <link>,"""Makanya jangan sok jago waktu bicara nantang Bannser wah ... Jagoan betul begitu ditangkap melempem kaya krupuk kena air dasar Sontoloyo..... <link>""",1.0,False
Bullying,siapakah kau dalam puisimu <username> jika itu mbah moen maka sembrono sekali,"""Siapakah Kau dalam puisimu <username> jika itu Mbah Moen maka sembrono sekali""",0.0,True
Bullying,wow damai banget ya !! <hashtag> <hashtag> <hashtag>,"""wow damai banget ya !! <hashtag> <hashtag> <hashtag>""",0.0,True
Bullying,<hashtag> hasil kerja 3 tahun <username> luar biasa.soal banjir cuma ahok yg paham. anies teori melulu.,"""<hashtag> Hasil kerja 3 tahun <username> luar biasa.Soal banjir cuma Ahok yg paham. Anies teori melulu.""",0.0,True
Non-bullying,<username> itu pak <username> ngapain ikut nimbrung? emang dia punya kontribusi apa buat negara? hadehh,"""<username> Itu pak <username> ngapain ikut nimbrung? Emang dia punya kontribusi apa buat negara? Hadehh""",1.0,False
Bullying,capres 01 sudah membuktikan prestasinya sebagai bandar hoax nasional .,"""Capres 01 sudah membuktikan prestasinya sebagai bandar hoax nasional .""",0.0,True
Non-bullying,<hashtag> hahha sayang tanpa kamu minta maafpun udah aku maafin kok . udah ya gak usah dipikirin . mending sekarang kamu istirahat . pasti kamu capek nanti aku anterin makanan ke rumah kamu ðÿ’•,"""<hashtag> hahha sayang tanpa kamu minta maafpun udah aku maafin kok . Udah ya gak usah dipikirin . Mending sekarang kamu istirahat . Pasti kamu capek nanti aku anterin makanan ke rumah kamu ðŸ’•""",1.0,False
Non-bullying,budaya kita harus tetap terjaga dan terus dilestarikan . <hashtag> <link>,"""Budaya kita harus tetap terjaga dan terus dilestarikan . <hashtag> <link>""",1.0,False
Non-bullying,pembebasan siti aisyah dari jerat hukum di pengadilan malaysia dinilai adalah langkah konkret diplomasi hukum . hal ini layak jadi acuan langkah pemerintah hadapi persoalan serupa . <hashtag>,"""Pembebasan Siti Aisyah dari jerat hukum di Pengadilan Malaysia dinilai adalah langkah konkret diplomasi hukum . Hal ini layak jadi acuan langkah pemerintah hadapi persoalan serupa . <hashtag>""",1.0,False
Non-bullying,<hashtag> <hashtag> kedatangan mereka ke istana dalam rangka mengikuti proses wawancara dengan presiden jokowi untuk dijadikan wakil menteri di kabinet indonesia maju . <link>,"""<hashtag> <hashtag> Kedatangan mereka ke Istana dalam rangka mengikuti proses wawancara dengan Presiden Jokowi untuk dijadikan Wakil Menteri di Kabinet Indonesia Maju . <link>""",1.0,False
Non-bullying,2 kali nyalon lawan pakde joko kalah terus . periode berikutnya lawan gibran . nextnya lawan kaesang . next lg lawan jan ethes . gitu aje terus sampe anggun jd duta shampo lain <hashtag>,"""2 kali nyalon lawan Pakde joko kalah terus . Periode berikutnya lawan Gibran . Nextnya lawan Kaesang . Next lg lawan Jan ethes . Gitu aje terus sampe anggun jd duta shampo lain <hashtag>""",1.0,False
Non-bullying,fatal cuitan mu vroh ... kau gali lubang sendiri ..,"""Fatal cuitan mu vroh ... kau gali lubang sendiri ..""",1.0,False
Non-bullying,soalnya kadrun sering klaim merekalah awal dari segala agama . termasuk aliran kepercayaan original indonesia ini berawal dri kadrun . jgn kan agama sorga aja di klaim sendiri padahal yg punya aja ga sebutin nama kadrun . ðÿ¤£ðÿ¤£ðÿ¤£ <hashtag> krn kejujuran <username> <link>,"""Soalnya kadrun sering klaim merekalah awal dari segala agama . Termasuk aliran kepercayaan Original Indonesia ini berawal dri KADRUN . Jgn kan agama sorga aja di klaim sendiri padahal yg punya aja ga sebutin nama KADRUN . ðŸ¤£ðŸ¤£ðŸ¤£ <hashtag> krn kejujuran <username> <link>""",1.0,False
Non-bullying,bukan hidup yang menjadi lebih mudah tetapi anda yang harus tumbuh menjadi lebih kuat . jangan pernah menyerah dalam hidup temukanlah alasan dan teruslah berjuang untuk mencoba . <hashtag> <hashtag> <hashtag> <hashtag> <hashtag> <hashtag> <hashtag>,"""Bukan hidup yang menjadi lebih mudah tetapi anda yang harus tumbuh menjadi lebih kuat . Jangan pernah menyerah dalam hidup temukanlah alasan dan teruslah berjuang untuk mencoba . <hashtag> <hashtag> <hashtag> <hashtag> <hashtag> <hashtag> <hashtag>""",1.0,False
Non-bullying,<username> maju aja susah apalagi mundur ?,"""<username> Maju aja susah apalagi mundur ?""",1.0,False
Non-bullying,kalau orang mana tau soal dark joke baca deh buku ini isinya dark joke semua . lelucon konyol yang lahir dari penderitaan lina menjadi sarkasme lucu sekaligus menyedihkan secara bersamaan . aku tertawa tapi juga ikut tersayat . sial benar soviet itu . <hashtag>,"""Kalau orang mana tau soal dark joke baca deh buku ini isinya dark joke semua . Lelucon konyol yang lahir dari penderitaan Lina menjadi sarkasme lucu sekaligus menyedihkan secara bersamaan . Aku tertawa tapi juga ikut tersayat . Sial benar Soviet itu . <hashtag>""",1.0,False
Bullying,saya <hashtag> untuk legowo dalam pilpres dan segera <hashtag> !!!!,"""Saya <hashtag> untuk legowo dalam pilpres dan segera <hashtag> !!!!""",0.0,True
Non-bullying,napa sih anjir liat dia makan aja ketawa gua tolol,"""napa sih anjir liat dia makan aja ketawa gua tolol""",1.0,False
Non-bullying,emang klo org goblok jd menteri tuh sulit bu .. <link>,"""Emang klo org goblok jd menteri tuh sulit bu .. <link>""",1.0,False
Non-bullying,ketua umum pp pemuda muhammadiyah <username> dalam acara dialog prime news <username> sabtu 26 oktober 2019 dengan tema kabinet anti radikalisme jokowi apa targetnya? <hashtag> <hashtag> <hashtag> <hashtag> <hashtag> <link>,"""Ketua Umum PP Pemuda Muhammadiyah <username> Dalam Acara Dialog Prime News <username> Sabtu 26 Oktober 2019 Dengan Tema Kabinet Anti Radikalisme Jokowi Apa Targetnya? <hashtag> <hashtag> <hashtag> <hashtag> <hashtag> <link>""",1.0,False
Non-bullying,<username> <username> <username> <username> lah ente islam bukan ngaku islam mlah bela penghina nabi emang nabinya dr nu klau mau bicara adab tanya dulu sama muwafik mana adabnya sama nabi jgn diputar balik sontoloyo ngaku muslim to agamanya d,"""<username> <username> <username> <username> Lah ente Islam bukan Ngaku Islam mlah bela penghina Nabi Emang Nabinya dr NU Klau mau bicara adab tanya dulu sama muwafik mana adabnya sama Nabi jgn diputar balik Sontoloyo Ngaku muslim to agamanya d""",1.0,False
Bullying,sunggguh brani bung <username> ini menghina ulama ngaca boss anda siapa ? anda sudah benar apa blm ..,"""sunggguh brani bung <username> ini menghina ulama ngaca boss anda siapa ? anda sudah benar apa blm ..""",0.0,True
Bullying,kado terindah diawal tahun dari gubernur seiman <hashtag> <hashtag>,"""Kado terindah diawal tahun dari gubernur seiman <hashtag> <hashtag>""",0.0,True
Non-bullying,<username> <username> pak jokowi harusnya minta maaf lah karena kasus kemanusiaan di wamena kebakaran hutan di kalimantan dan sumatera . tidak ada ada satupun agama yg mengajarkan radikal tolong anda ralat mengatakan islam radikal ade armando ! jangan anda salahkan agamanya ! <hashtag>,"""<username> <username> Pak jokowi harusnya minta maaf lah karena kasus kemanusiaan di wamena kebakaran hutan di kalimantan dan sumatera . Tidak ada ada satupun agama yg mengajarkan radikal tolong anda ralat mengatakan islam radikal ade armando ! Jangan anda salahkan agamanya ! <hashtag>""",1.0,False
Bullying,<username> <username> partai anti korupsi ya? wkwkwkwk . tai kucing berbau busuk,"""<username> <username> partai anti korupsi ya? wkwkwkwk . tai kucing berbau busuk""",0.0,True
Bullying,agama itu bukan politik dan bukan landasan untuk berperang bukan agamanya yang salah tapi orangnya <hashtag> <hashtag> <hashtag> <hashtag> <hashtag> <hashtag>,"""Agama itu bukan politik dan bukan landasan untuk berperang BUKAN AGAMANYA YANG SALAH TAPI ORANGNYA <hashtag> <hashtag> <hashtag> <hashtag> <hashtag> <hashtag>""",0.0,True
Non-bullying,untun prabowo kalah lagi dan lagi <hashtag>,"""untun prabowo kalah lagi dan lagi <hashtag>""",1.0,False
Non-bullying,maaf ya aku bkn perempuan yang silau sama duit . bkn perempuan yang suka ikut tren kehidupan sosialita dandan fashion . aku lebih suka nongkrong di warkop dari pada starbuck lebih suka jajan warung dari pada <link> dunkin breadtalk dan semacamnya .,"""Maaf ya aku bkn perempuan yang silau sama duit . Bkn perempuan yang suka ikut tren kehidupan sosialita dandan fashion . Aku lebih suka nongkrong di warkop dari pada starbuck lebih suka jajan warung dari pada <link> dunkin breadtalk dan semacamnya .""",1.0,False
Bullying,masa anis goblok gak mungkin lahh...kalu tukang bohong iyaaisyarat oketertawa berguling di lantaitertawa berguling di lantai <hashtag>,"""Masa anis goblok gak mungkin lahh...kalu tukang bohong iyaaIsyarat okeTertawa berguling di lantaiTertawa berguling di lantai <hashtag>""",0.0,True
Non-bullying,ada yg lebih penting dari nia ramadhani yg ga bisa buka salak . yaitu aku yg ga bisa buka hati kamu,"""Ada yg lebih penting dari nia ramadhani yg ga bisa buka salak . Yaitu aku yg ga bisa buka hati kamu""",1.0,False
Non-bullying,kami tak sudi mempunyai wakil rakyat atau anggota dpr ri yang menjadi dalang provokator aksi 22 mei ! kami tak akan sudi mengakui mereka ! arena mereka hanya benalu yang ingin menghancurkan kedaulatan nkri ! <hashtag> <hashtag> <hashtag> <hashtag>,"""KAMI TAK SUDI MEMPUNYAI WAKIL RAKYAT ATAU ANGGOTA DPR RI YANG MENJADI DALANG PROVOKATOR AKSI 22 MEI ! KAMI TAK AKAN SUDI MENGAKUI MEREKA ! ARENA MEREKA HANYA BENALU YANG INGIN MENGHANCURKAN KEDAULATAN NKRI ! <hashtag> <hashtag> <hashtag> <hashtag>""",1.0,False
Non-bullying,harlah fpkb ke-20 ela siti nuryamah: momentum untuk membela kepentingan rakyat <hashtag>,"""Harlah FPKB ke-20 Ela Siti Nuryamah: Momentum untuk Membela Kepentingan Rakyat <hashtag>""",1.0,False
Non-bullying,â€˜kartu pra kerjaâ€™ bukan lemparan judi . karenanya mesti dengan kalkulasi . politik adalah langkah yang penuh dengan â€˜policyâ€™ . bijak rasional sehat dan bermartabat . <hashtag> . <hashtag> <hashtag> <hashtag>,"""â€˜Kartu Pra Kerjaâ€™ bukan lemparan judi . Karenanya mesti dengan kalkulasi . Politik adalah langkah yang penuh dengan â€˜policyâ€™ . Bijak rasional sehat dan bermartabat . <hashtag> . <hashtag> <hashtag> <hashtag>""",1.0,False
Non-bullying,<username> selamat pagi pak fadlizon â¤,"""<username> Selamat Pagi Pak Fadlizon â¤""",1.0,False
Non-bullying,kenapa ya jubir jabir si <username> sll membuat sulit posisi pak <username> <username> <username> <link>,"""Kenapa ya jubir jabir si <username> sll membuat sulit posisi pak <username> <username> <username> <link>""",1.0,False
Non-bullying,kita sudah berada pada fase kepemimpinan diktator pemimpin yang memaksakan kehendak .. dimana dia sudah terbukti kalah tapi masih ngotot ingin memimpin .. <hashtag> <hashtag> <hashtag>,"""Kita sudah berada pada fase kepemimpinan diktator pemimpin yang memaksakan kehendak .. Dimana dia sudah terbukti KALAH Tapi masih ngotot ingin memimpin .. <hashtag> <hashtag> <hashtag>""",1.0,False
Non-bullying,<username> paling ntar muncul nama baru dgn system yg sama . kebiasaan tinggal ganti nama ga pny inovasi . <hashtag>,"""<username> paling ntar muncul nama baru dgn system yg sama . kebiasaan tinggal ganti nama ga pny inovasi . <hashtag>""",1.0,False
Bullying,terima kasih atas kunjungannya bapak sandiuno maaf kami tetap jokowi begitu teriak warga wonogiri . :d :d :d <hashtag>,"""Terima kasih atas kunjungannya bapak sandiuno maaf kami tetap jokowi Begitu teriak warga Wonogiri . :D :D :D <hashtag>""",0.0,True
Bullying,ketika setelah semua kebaikan dan dukungan yang di berikan oleh sang bapak lalu si ceo anu mencoba menusuk dari belakang uninstallbukalapak !!!!,"""Ketika setelah semua kebaikan dan dukungan yang di berikan oleh sang Bapak lalu si CEO Anu mencoba menusuk dari belakang uninstallbukalapak !!!!""",0.0,True
Bullying,pastikan anak berbudi pekerti yang baik masuk sekolah favorit . anak goblok masuk sekolah jelek saja . sudah goblok jangan ngerepotin ah <hashtag>,"""pastikan anak berbudi pekerti yang baik masuk sekolah favorit . anak goblok masuk sekolah jelek saja . sudah goblok jangan ngerepotin ah <hashtag>""",0.0,True
Non-bullying,kesurupan satpam yg jaga di istana nyi roro kidul <link>,"""Kesurupan satpam yg jaga di istana nyi roro kidul <link>""",1.0,False
Non-bullying,sejatinya islam itu bukan yg rahmatan lil alamin tapi yg rahmatan lil monaslimin yg penting semonas maka rahmat bagi kelompoknya . <link>,"""sejatinya islam itu bukan yg rahmatan lil alamin tapi yg rahmatan lil monaslimin yg penting semonas maka rahmat bagi kelompoknya . <link>""",1.0,False
Bullying,<username> welcome to indonesia dimana orang bakal buang otak demi pemes,"""<username> Welcome to indonesia dimana orang bakal buang otak demi pemes""",0.0,True
Non-bullying,<username> klo gak ngerti mendingan diem deh ... ðÿ˜‚ðÿ˜‚ðÿ˜‚ðÿ˜‚,"""<username> Klo gak ngerti mendingan diem deh ... ðŸ˜‚ðŸ˜‚ðŸ˜‚ðŸ˜‚""",1.0,False
Non-bullying,<username> woi dongo baca neh pake otak bukan pake pantat : <link>,"""<username> Woi dongo baca neh pake otak bukan pake pantat : <link>""",1.0,False
Bullying,welcome to indonesia dimana masker jadi mangsa cari uang. cari masker sensi 170/box butuh 1000 <hashtag>,"""Welcome to Indonesia dimana masker jadi mangsa cari uang. Cari masker sensi 170/box butuh 1000 <hashtag>""",0.0,True
Non-bullying,bagaimana menyelesaikan persamaan dan reaksi kimia jika tidak hafal unsur kimia dan sifat-sifatnya..? menghafal itu perlu pak ..sesudah di hafal buat pembuktiannya ..di lab lalu kalau tidak hafal nama pejuang nasional bagaimana kita mau jasmerah <username> ?,"""bagaimana menyelesaikan persamaan dan reaksi kimia jika tidak hafal unsur kimia dan sifat-sifatnya..? menghafal itu perlu pak ..sesudah di hafal buat pembuktiannya ..di lab lalu kalau tidak hafal nama pejuang nasional bagaimana kita mau JasMerah <username> ?""",1.0,False
Non-bullying,saya bukan siapa2 saya kuliah di muhammadiyah tapi mahasiswa/i nya (maaf) masih ada yang belum sholat . beberapa teman2 saya ada yg nu sekali lagi (maaf) dari mereka ada yang suka menjustifikasi kalau selain nu berarti salah <hashtag> jadi sikap saya seharusnya bagaimana?,"""Saya bukan siapa2 Saya kuliah di Muhammadiyah tapi mahasiswa/i nya (maaf) masih ada yang belum sholat . Beberapa teman2 saya ada yg NU sekali lagi (maaf) dari mereka ada yang suka menjustifikasi kalau selain NU berarti salah <hashtag> Jadi sikap saya seharusnya bagaimana?""",1.0,False
Non-bullying,<username> <username> suruh keluar tuh daia,"""<username> <username> Suruh keluar tuh daia""",1.0,False
Non-bullying,nonton podcast deddy corbuzier jujur gak kuat nyelesain sampai akhir karena dah bisa prediksi nih sepanjang video kekeyi terus diajak ngobrol pakai sarkasme dan cerita bohong . kekeyi ga seberuntung kita yang punya akses ke dunia luar dan tau siapa itu naomi scott atau shakira .,"""Nonton Podcast Deddy Corbuzier jujur gak kuat nyelesain sampai akhir karena dah bisa prediksi nih sepanjang video Kekeyi terus diajak ngobrol pakai sarkasme dan cerita bohong . Kekeyi ga seberuntung kita yang punya akses ke dunia luar dan tau siapa itu Naomi Scott atau Shakira .""",1.0,False
Bullying,andre anggota dewan yang terhormat hasil karya menjebak kaum lemah seorang psk <hashtag>,"""Andre anggota dewan yang terhormat hasil karya menjebak kaum lemah seorang psk <hashtag>""",0.0,True
Non-bullying,dibikin tolol duaduanya sama rerenjing <link>,"""Dibikin tolol duaduanya sama rerenjing <link>""",1.0,False
Non-bullying,<username> jenderal nan humanis dan tamam dengan mendapat reaksi <hashtag>,"""<username> jenderal nan humanis dan tamam dengan mendapat reaksi <hashtag>""",1.0,False
Bullying,<username> <username> <username> padang itu surga yaa....tuhhh aceh yg disebut serambi mekkah nya indonesia sj kena azabã°ã¿â„¢â€šngak usah bawa2 tuhan hanya utk menyungguhkan akhlak bejatmu om dre ã°ã¿â„¢â,"""<username> <username> <username> padang itu surga yaa....tuhhh aceh yg disebut serambi mekkah nya indonesia sj kena azabÃ°Ã¿â„¢â€šngak usah bawa2 tuhan hanya utk menyungguhkan akhlak bejatmu om dre Ã°Ã¿â„¢Â""",0.0,True
Bullying,<username> kalau anda tidak sekaya ardhi bakrie jangan ngarep dapet seseorang secantik nia ramadhani,"""<username> kalau anda tidak sekaya ardhi Bakrie jangan ngarep dapet seseorang secantik Nia Ramadhani""",0.0,True
Non-bullying,indonesia adalah negara dgn persentase tertinggi dunia di mana penduduknya memilih menjadi lebih kreatif drpd lebih pintar .,"""Indonesia adalah negara dgn persentase tertinggi dunia di mana penduduknya memilih menjadi lebih kreatif drpd lebih pintar .""",1.0,False
Non-bullying,<username> rakyat dibawah kendali mereka jd bebas2 aja mereka mua ngapain jg . nangis dipojokan ... <hashtag>,"""<username> Rakyat dibawah kendali mereka jd bebas2 aja mereka mua ngapain jg . Nangis dipojokan ... <hashtag>""",1.0,False
Non-bullying,aamiin ... kita berharap yang terbaik untuk seluruh rakyat indonesia ... <hashtag> <link>,"""Aamiin ... kita berharap yang terbaik untuk seluruh rakyat Indonesia ... <hashtag> <link>""",1.0,False
Non-bullying,belum sempet baca thread nyi roro kidul udah ganti topik aja .,"""Belum sempet baca thread nyi roro kidul udah ganti topik aja .""",1.0,False
Non-bullying,<username> <username> yg gak etis itu angggaran blnja barjasnya di luar batas kewajaran hrga satuan ... ðÿ¤­ <hashtag>,"""<username> <username> yg gak etis itu angggaran blnja Barjasnya di luar batas kewajaran hrga satuan ... ðŸ¤­ <hashtag>""",1.0,False
Non-bullying,dia orang baik tolong jaga dia baik-baik~,"""Dia orang baik tolong jaga dia baik-baik~""",1.0,False
Non-bullying,<username> <username> ga bapak ga anaknya si hanum kerjaannya cuma bikin ... aahh sudahlah emangnya dia siapa? masa pak <username> perlu restu si amien buat jadi menhan,"""<username> <username> Ga bapak ga anaknya si hanum kerjaannya cuma bikin ... aahh sudahlah emangnya dia siapa? masa Pak <username> perlu restu si amien buat jadi Menhan""",1.0,False
Non-bullying,<username> dan <username> kamu keren pasti aku ikuti kamu,"""<username> dan <username> Kamu keren pasti aku ikuti kamu""",1.0,False
Non-bullying,kapitalis & lembaga riba ! yg membuat umat makin menderita <hashtag>,"""Kapitalis & lembaga riba ! yg membuat umat makin menderita <hashtag>""",1.0,False
Bullying,keren sekali tampilan monas saat ini .... <hashtag> <hashtag>,"""Keren sekali tampilan monas saat ini .... <hashtag> <hashtag>""",0.0,True
Non-bullying,<username> â€œpasar senen dimana?â€ - nia ramadhani,"""<username> â€œPasar Senen dimana?â€ - Nia Ramadhani""",1.0,False
Non-bullying,tkn & bpn sepakat <hashtag> mari bersatu kembali setelah pilpres,"""TKN & BPN Sepakat <hashtag> Mari bersatu kembali setelah Pilpres""",1.0,False
Non-bullying,sudah jatuh korban ..baru bilang tidak akan aksi .. <hashtag> <hashtag>,"""Sudah jatuh korban ..baru bilang tidak akan aksi .. <hashtag> <hashtag>""",1.0,False
Non-bullying,<hashtag> siappp dilantik untuk ke dua kali di bulan oktober nanti ðÿ˜‡,"""<hashtag> Siappp dilantik untuk ke dua kali di bulan oktober nanti ðŸ˜‡""",1.0,False
Non-bullying,<username> thats the point goblokã°å¸ëœâ€™,"""<username> Thats the point goblokÃ°Å¸Ëœâ€™""",1.0,False
Bullying,aku seneng banget kalau ada yang lebih goblok dari aku:),"""Aku seneng banget kalau ada yang lebih goblok dari aku:)""",0.0,True
Non-bullying,barang bukti rencana <hashtag> gerindra bikin <hashtag> ala <hashtag> <hashtag> <hashtag>,"""Barang bukti rencana <hashtag> Gerindra bikin <hashtag> ala <hashtag> <hashtag> <hashtag>""",1.0,False
Non-bullying,<username> <username> namanya juga rapbd mpii ... masak gak tau ...,"""<username> <username> Namanya juga RAPBD mpii ... masak gak tau ...""",1.0,False
Bullying,selamat ulang tahun bagi negara khusus islam indonesia . semoga ke depannya bisa semakin menyudutkan rakyat non-muslim,"""Selamat ulang tahun bagi negara KHUSUS ISLAM Indonesia . Semoga ke depannya bisa semakin menyudutkan rakyat non-muslim""",0.0,True
Non-bullying,bukannya nunjukin prestasi kok malah bikin <hashtag> dasar produsen hoax <hashtag> diolah menjadi hoax baku dusta yang dikemas kardus .,"""Bukannya nunjukin prestasi kok malah bikin <hashtag> Dasar produsen HOAX <hashtag> diolah menjadi HOAX BAKU DUSTA yang dikemas KARDUS .""",1.0,False
Non-bullying,<username> <username> <username> listrik padam di komp medan permai kel namo gajah medan tuntungan sumatra utara . padam sontoloyo,"""<username> <username> <username> listrik padam di komp medan permai kel namo gajah medan tuntungan sumatra utara . Padam sontoloyo""",1.0,False
Bullying,bapak <username> mau jadi presiden ?? <hashtag>,"""Bapak <username> mau jadi presiden ?? <hashtag>""",0.0,True
Non-bullying,aksi hebat ahsan/hendra rocky gerung hingga puteri indonesia 2019 - <hashtag>,"""Aksi Hebat Ahsan/Hendra Rocky Gerung Hingga Puteri Indonesia 2019 - <hashtag>""",1.0,False
Bullying,nech baru hebat ! khayalanya raja keraton agung sejagat mengklaim memiliki wilayah kekuasaan seluruh negara di dunia,"""Nech baru hebat ! Khayalanya Raja Keraton Agung Sejagat Mengklaim Memiliki Wilayah Kekuasaan Seluruh Negara di Dunia""",0.0,True
Bullying,buat para istri sempatkan memandangi wajah suamimu saat ia terlelap tidur . lihatlah wajah yang mulai muncul garis-garis halus matanya yang sendu . bayangkan betapa lelahnya ia yang sepanjang hari menekuri timlen tiada henti . debat copras capres sampai lupa istri :d,"""Buat para istri sempatkan memandangi wajah suamimu saat ia terlelap tidur . Lihatlah wajah yang mulai muncul garis-garis halus matanya yang sendu . Bayangkan betapa lelahnya ia yang sepanjang hari menekuri timlen tiada henti . Debat copras capres sampai lupa istri :D""",0.0,True
Non-bullying,esemka itu hanyalah halusinasi jokowi belaka yg benar itu cina menyogok jokowi lewat tangan panjang si luhut agar mobil2 buatan cina bisa masuk tanpa cukai <link>,"""Esemka itu Hanyalah Halusinasi Jokowi Belaka Yg Benar itu CINA Menyogok Jokowi Lewat Tangan Panjang si Luhut Agar Mobil2 buatan CINA bisa Masuk Tanpa CUKAI <link>""",1.0,False
Bullying,sungguh mulia sekali kader partai allah ini :) setelah bagi2 kursi apalagi? giveaway tiket surga?,"""Sungguh mulia sekali kader Partai Allah ini :) Setelah bagi2 kursi apalagi? Giveaway tiket surga?""",0.0,True
Non-bullying,<username> <username> <username> musuh di masa depan ?,"""<username> <username> <username> Musuh di masa depan ?""",1.0,False
Bullying,semua politisi sepertinya sama saja . sama-sama cari kepentingan .,"""Semua politisi sepertinya sama saja . Sama-sama cari kepentingan .""",0.0,True
Non-bullying,<username> <username> siapapun putra putri bangsa terbaik harusnya di fasilitasi <username> <username> agar da\u2026 <link>,"""<username> <username> Siapapun Putra Putri BANGSA terbaik harusnya di fasilitasi <username> <username> agar da\u2026 <link>""",1.0,False
Bullying,unicorn negara maju membayar sejumlah kontribusi untuk r&d . bl kasih apa?,"""Unicorn negara maju membayar sejumlah kontribusi untuk R&D . BL kasih apa?""",0.0,True
Non-bullying,bahkan gue lebih sipir dari bapak2 brimob ini . apakah saya china? <hashtag> <hashtag>,"""Bahkan gue lebih sipir dari bapak2 brimob ini . Apakah saya china? <hashtag> <hashtag>""",1.0,False
Non-bullying,pengen jadi sombong tapi takut dibilang sombong <hashtag> <hashtag> <hashtag>,"""Pengen jadi sombong tapi takut dibilang sombong <hashtag> <hashtag> <hashtag>""",1.0,False
Non-bullying,<username> <username> <username> <username> kekuasaan itu membujuk,"""<username> <username> <username> <username> Kekuasaan Itu Membujuk""",1.0,False
Non-bullying,tim capres abadi paling demen dah kalo manfaatin perempuan utk kepentingan pilpres . mengeksploitasi perempuan buat jadi kacung mereka . kalo udah gak ada bermanfaat ditinggalin gitu aja . mau bukti? udah terpampang itu si ratna yg akhirnya dibuang <hashtag> <hashtag>,"""Tim capres abadi paling demen dah kalo manfaatin perempuan utk kepentingan Pilpres . Mengeksploitasi perempuan buat jadi kacung mereka . Kalo udah gak ada bermanfaat ditinggalin gitu aja . Mau bukti? udah terpampang itu si Ratna yg akhirnya dibuang <hashtag> <hashtag>""",1.0,False
Non-bullying,dasar satpam jahanam! ada orangtua komplen malah ngegas sampe mau ribut .. goblok goblok walau mungkin bapaknya yg salah tapi apa gak bisa sebagai petugas stasiun menanggapi dengan baik dan benar gak usah pake ngegas segala? suka ikut emosi kalo ada yang ngegas ke orang tua .,"""Dasar satpam jahanam! ada orangtua komplen malah ngegas sampe mau ribut .. Goblok goblok walau mungkin bapaknya yg salah tapi apa gak bisa sebagai petugas stasiun menanggapi dengan baik dan benar gak usah pake ngegas segala? Suka ikut emosi kalo ada yang ngegas ke orang tua .""",1.0,False
Bullying,lihat kondisi monas sekarang..!! mw bilang semakin bagus ..?? gblk anda jangan kebangetan <hashtag>,"""Lihat Kondisi Monas Sekarang..!! Mw bilang semakin Bagus ..?? GBLK anda jangan kebangetan <hashtag>""",0.0,True
Bullying,titel sarjana tapi otak ky ank tk . dasar <hashtag>,"""Titel sarjana tapi otak ky ank tk . Dasar <hashtag>""",0.0,True
Non-bullying,setiap orang yang bekerja keras akan sukses.(hyoyeongg),"""Setiap orang yang bekerja keras akan sukses.(hyoyeonGG)""",1.0,False
Non-bullying,jgn selalu mengatasnamakan rakyat .rakyatmu yg mn?? <hashtag>,"""Jgn selalu mengatasnamakan rakyat .rakyatmu yg mn?? <hashtag>""",1.0,False
Bullying,alhamdulillah terimakasih ya allah masyarakat melihat siapa kandidat yang berpotensi memalukan :d :d <hashtag> <hashtag>,"""Alhamdulillah terimakasih ya Allah masyarakat melihat siapa kandidat yang berpotensi memalukan :D :D <hashtag> <hashtag>""",0.0,True
Non-bullying,<username> <username> <username> hehe mau di apain aja serah pak prabowo kok sibuk klarifikasi masih ngerasa jubir ya .. mending saranin nikah lagi aja buat nafkah anak bini lebih berkah ..,"""<username> <username> <username> Hehe Mau di apain aja serah pak prabowo kok sibuk klarifikasi masih ngerasa jubir ya .. Mending saranin nikah lagi aja buat nafkah anak bini lebih berkah ..""",1.0,False
Non-bullying,orang: anjing !! gila kamu ya !! mjm: emang anjing gila kan,"""orang: anjing !! gila kamu ya !! mjm: emang anjing gila kan""",1.0,False
Non-bullying,<hashtag> menjadi benteng yg memandu milenial untuk secara cerdas dan bijak menggunakan media internet dan media sosial .,"""<hashtag> Menjadi Benteng yg memandu Milenial untuk Secara cerdas dan bijak Menggunakan media internet dan media sosial .""",1.0,False
Bullying,alhamdulillah... <hashtag> dibawah pimpinan <hashtag>,"""Alhamdulillah... <hashtag> dibawah pimpinan <hashtag>""",0.0,True
Non-bullying,<username> <username> <username> justru krna saya gak tau makanya nanya apa arti guk . krna beda daerah beda makna . drpdp sotoy nebak2 . klo kamu mikir mencla mencle ya monggo tp klo saya agak ragu dg ucapan sas tetep kok masih ragu makanya tunggu aja tindakan berikutnya .,"""<username> <username> <username> Justru krna saya gak tau makanya nanya apa arti guk . Krna beda daerah beda makna . Drpdp sotoy nebak2 . Klo kamu mikir mencla mencle ya monggo tp klo saya agak ragu dg ucapan SAS tetep kok masih ragu makanya tunggu aja tindakan berikutnya .""",1.0,False
Non-bullying,<username> sok tw ah pa doktel,"""<username> sok tw ah pa doktel""",1.0,False
Non-bullying,kena teguran vidi aldiano minta maaf pada melly goeslaw dan anto hoed <link> lewat <username>,"""Kena Teguran Vidi Aldiano Minta Maaf Pada Melly Goeslaw dan Anto Hoed <link> lewat <username>""",1.0,False
Non-bullying,ada yang lebih seram di malam jumat dari chat mantan yang minta maaf dan menyesal ingin balikan ? <hashtag>,"""ada yang lebih seram di malam jumat dari chat mantan yang minta maaf dan menyesal ingin balikan ? <hashtag>""",1.0,False
Non-bullying,<username> lanjut pak !! <hashtag> ganjar dukung larangan cadar di kantor pemerintah: takutnya kalau pria <link>,"""<username> Lanjut Pak !! <hashtag> Ganjar Dukung Larangan Cadar di Kantor Pemerintah: Takutnya Kalau Pria <link>""",1.0,False
Non-bullying,menkeu sontoloyo <link>,"""Menkeu sontoloyo <link>""",1.0,False
Bullying,keren gubernurnya jakarta menjadi lautan !!salam seiman <username> bawesdan,"""Keren gubernurnya Jakarta menjadi lautan !!salam seiman <username> Bawesdan""",0.0,True
Non-bullying,cerita belum habis arogansi selir kesayangan ari askhara kian terbongkar ã‚â» <link> via <hashtag> <hashtag> <hashtag> <hashtag> <hashtag> <hashtag> <hashtag> besok 12 .12 <hashtag> <hashtag> <hashtag> 11 desember 201i,"""Cerita Belum Habis Arogansi Selir Kesayangan Ari Askhara Kian Terbongkar Ã‚Â» <link> via <hashtag> <hashtag> <hashtag> <hashtag> <hashtag> <hashtag> <hashtag> Besok 12 .12 <hashtag> <hashtag> <hashtag> 11 Desember 201i""",1.0,False
Non-bullying,hasil sidang mk sudah final mari bersatu demi indonesia maju <hashtag>,"""Hasil sidang MK sudah final mari bersatu demi Indonesia maju <hashtag>""",1.0,False
Non-bullying,<username> kamu memang hebat bung ðÿ‘ðÿ‘ðÿ‘,"""<username> Kamu memang hebat bung ðŸ‘ðŸ‘ðŸ‘""",1.0,False
Non-bullying,gara-gara ada yang posting foto pintu mall sepi saat menjelang lebaran seorang manajer marketing mall tersebut dipecat <hashtag>,"""Gara-gara ada yang posting foto pintu mall sepi saat menjelang lebaran seorang manajer marketing mall tersebut dipecat <hashtag>""",1.0,False
Non-bullying,tangkap provokator <hashtag> <hashtag> <hashtag> <hashtag>,"""TANGKAP PROVOKATOR <hashtag> <hashtag> <hashtag> <hashtag>""",1.0,False
Non-bullying,para pemudik sewot karena sensasi macet yg diharapkan tak seruwet sperti dulu .. :d :d,"""Para pemudik sewot karena sensasi macet yg diharapkan tak seruwet sperti dulu .. :D :D""",1.0,False
Non-bullying,sok pahlawan bat yang bikin ã¢â‚¬â€ã¢â‚¬â€&gt; <hashtag> ah sudahlah paling yang ono ono oto oto ono ono ono oto ono,"""Sok pahlawan bat Yang bikin Ã¢â‚¬â€Ã¢â‚¬â€&gt; <hashtag> Ah sudahlah paling yang ono ono oto oto ono ono ono oto ono""",1.0,False
Bullying,alhamdulilah kabar apik bang monggo silahkan lanjut <hashtag>,"""alhamdulilah kabar apik bang monggo silahkan lanjut <hashtag>""",0.0,True
Non-bullying,setidaknya kami telah menyaksikan 2 orang yang tulus buat bangsa ini yang di zholimi habis2an saya bangga berada dibarisan bapak ðÿ‘†<hashtag>,"""Setidaknya kami telah menyaksikan 2 orang yang tulus buat bangsa ini yang di zholimi habis2an saya bangga berada dibarisan bapak ðŸ‘†<hashtag>""",1.0,False
Non-bullying,penghasut biadab' licik' busuk' laknatullah 'mereka hasut pemimpin dengan rakyatnya 'mereka hasut aparat dengan masyarakatnya 'sahabat memusuhi sahabatnya 'saudara memerangi saudaranya keji' licik' busuk' biadab' laknatullah ! <hashtag> <hashtag> <hashtag>,"""PENGHASUT Biadab' licik' busuk' LAKNATULLAH 'mereka hasut pemimpin dengan rakyatnya 'mereka hasut aparat dengan masyarakatnya 'sahabat memusuhi sahabatnya 'saudara memerangi saudaranya keji' licik' busuk' biadab' LAKNATULLAH ! <hashtag> <hashtag> <hashtag>""",1.0,False
Bullying,merasa bodoh itu manusiawi <hashtag>,"""merasa bodoh itu manusiawi <hashtag>""",0.0,True
Bullying,alhamdulillah gubernur nya bukan dia (ahok) ngomongan saja tidak dijaga omongannya amburadul apalagi kerja nya . gubernur bapak anies top,"""Alhamdulillah gubernur nya bukan dia (ahok) ngomongan saja tidak dijaga omongannya amburadul apalagi kerja nya . Gubernur bapak anies top""",0.0,True
Non-bullying,diskotik maha benar dengan golongannya ... halal gnpf <username> <username> <username> <username> <username> <link>,"""Diskotik Maha Benar Dengan Golongannya ... Halal GNPF <username> <username> <username> <username> <username> <link>""",1.0,False
Non-bullying,<hashtag> tiap ari ganti kebanyakan politik lagi eneg woi politik tukaran tok,"""<hashtag> Tiap ari ganti kebanyakan politik lagi ENEG WOI POLITIK TUKARAN TOK""",1.0,False
Non-bullying,tuhan inginkan <username> memimpin indonesia lagi . <link>,"""Tuhan inginkan <username> memimpin Indonesia lagi . <link>""",1.0,False
Bullying,jumatankarenaundangan lucu sih wkwkwk jd minggu depan tidak jumatan lagi dong ya? wkwk,"""JumatanKarenaUndangan lucu sih wkwkwk jd minggu depan tidak jumatan lagi dong ya? wkwk""",0.0,True
Bullying,film keluarga cendana ini ternyata bercerita tentang keluarga kaya yang jatuh bapet . baru tahu ..,"""film keluarga cendana ini ternyata bercerita tentang keluarga kaya yang jatuh bapet . baru tahu ..""",0.0,True
Non-bullying,jangan cepet-cepet jadi orang gede deh . ntar ribet . mau nyeludupin cowok ke kossan sampe pagi aja dek-dekan banget . - dari teater yang ada bedu nya wkwk,"""jangan cepet-cepet jadi orang gede deh . ntar ribet . mau nyeludupin cowok ke kossan sampe pagi aja dek-dekan banget . - dari teater yang ada bedu nya wkwk""",1.0,False
Non-bullying,<username> setuju <hashtag>,"""<username> Setuju <hashtag>""",1.0,False
Non-bullying,<username> <username> <username> purwaceng dan gerombolannya kebakaran jenggot . gluebenernya kagak bisa kerja . cuman ngabisin anggaran buat hal yang gak penting . termasuk bayar buzzer goblog kayak si purwaceng ini pantes apbd dki defisit anggaran . nih gw bantu naikin hesteknya ya . ðÿ¤£ <hashtag>,"""<username> <username> <username> Purwaceng dan gerombolannya kebakaran jenggot . Gluebenernya kagak bisa kerja . Cuman ngabisin anggaran buat hal yang gak penting . Termasuk bayar buzzer goblog kayak si purwaceng ini pantes APBD DKI defisit anggaran . Nih gw bantu naikin hesteknya ya . ðŸ¤£ <hashtag>""",1.0,False
Non-bullying,<hashtag> gunakan greta thunberg sebagai tameng untuk ketidakbecusannya? <link> <hashtag> <hashtag>,"""<hashtag> Gunakan Greta Thunberg Sebagai Tameng Untuk Ketidakbecusannya? <link> <hashtag> <hashtag>""",1.0,False
Bullying,yeap ..... karya besar anies di awal tahun membuat kota jakarta tenggelam,"""Yeap ..... karya besar anies di awal tahun membuat kota Jakarta tenggelam""",0.0,True
Bullying,assalamualaikum alhamdulillah jakarta bebas macet siang ini soalnya kami naik karpet terbang (^0_0^),"""Assalamualaikum Alhamdulillah Jakarta bebas macet siang ini soalnya kami naik karpet terbang (^0_0^)""",0.0,True
Non-bullying,orang waras tahu jokowi prestasinya bagus sekali . infrastruktur berjalan luar biasa . bahkan di jawa timur <hashtag> <hashtag>,"""Orang waras tahu Jokowi prestasinya bagus sekali . Infrastruktur berjalan luar biasa . Bahkan di Jawa Timur <hashtag> <hashtag>""",1.0,False
Non-bullying,<username> mana ni pasukan sontoloyo indonesia . kok gk ada yg nyinyirin beras,"""<username> mana ni Pasukan Sontoloyo Indonesia . Kok gk ada yg nyinyirin beras""",1.0,False
Non-bullying,rusuh kok bangga gaduh kok bangga hoax kok bangga fitnah kok bangga ... taubat wooooooyyy emang udah engga ada yang bermanfaat buat negeri ini selain itu ? gunakan otak !!! <hashtag> <hashtag> <hashtag>,"""Rusuh Kok Bangga Gaduh Kok Bangga Hoax Kok Bangga Fitnah Kok Bangga ... Taubat Wooooooyyy Emang udah engga ada yang bermanfaat buat negeri ini selain itu ? Gunakan OTAK !!! <hashtag> <hashtag> <hashtag>""",1.0,False
Non-bullying,dasar tolol lu mabok be bangga lu . goblog <link>,"""Dasar tolol lu mabok be bangga lu . GOBLOG <link>""",1.0,False
Non-bullying,temanmu banyak belum tentu mau membantu saat diajak susah tapi saat diajak senang-senang semua pada mau . haha maka cobalah untuk pahami semua sifat temanmu . kadang banyak yang pura-pura hanya untuk eksis sekedar diupload disosmed sebagai geng sosialita .,"""Temanmu banyak belum tentu mau membantu saat diajak susah tapi saat diajak senang-senang semua pada mau . Haha maka cobalah untuk pahami semua sifat temanmu . Kadang banyak yang pura-pura hanya untuk eksis sekedar diupload disosmed sebagai geng sosialita .""",1.0,False
Bullying,jaenudin nanti mau dikenang sebagai apa? presiden amatiran? <hashtag>,"""Jaenudin nanti mau dikenang sebagai apa? Presiden amatiran? <hashtag>""",0.0,True
Non-bullying,prestasi hari ini adalah ke cbd .,"""Prestasi hari ini adalah ke CBD .""",1.0,False
Non-bullying,<username> klo hnya senyum yg ingin bpk lht.. westerling pun tersenyum pak ..,"""<username> Klo hnya senyum yg ingin bpk lht.. westerling pun tersenyum pak ..""",1.0,False
Non-bullying,kaminingin hidup di jaman pra sejarah makanya <hashtag>,"""Kaminingin hidup di jaman pra sejarah makanya <hashtag>""",1.0,False
Bullying,dulu waktu menggugat hasil pilpres 2014 juga dilakukan hari terakhir . gembar-gembornya akan bawa 10 truk kontainer bukti kecurangan ternyata 1 trukpun tidak pernah muncul . omong kosong ! berpikir besar kemudian beraksi . melawak . ngibul . ???? <hashtag> pic .twitter .com/lua04niuy5,"""Dulu waktu menggugat hasil Pilpres 2014 juga dilakukan hari terakhir . Gembar-gembornya akan bawa 10 truk kontainer bukti kecurangan ternyata 1 trukpun tidak pernah muncul . OMONG KOSONG ! Berpikir BESAR kemudian beraksi . Melawak . Ngibul . ???? <hashtag> pic .twitter .com/Lua04NiUY5""",0.0,True
Bullying,<username> waw..mulia sekali mr ex sudah mempersiapkan & ngejagain jodoh orang??,"""<username> Waw..mulia sekali Mr Ex sudah mempersiapkan & ngejagain jodoh orang??""",0.0,True
Non-bullying,rt <username>: senang rasanya ke sukabumi lagi daerah yang sedang menggeliat maju . dulu menuju ke sini kerap tersendat di jalan biasa .,"""RT <username>: Senang rasanya ke Sukabumi lagi daerah yang sedang menggeliat maju . Dulu menuju ke sini kerap tersendat di jalan biasa .""",1.0,False
Non-bullying,kejujuran akan menuai keberhasilan kebohongan akan menuai kehancuran menutupi kesalahan berarti kebodohan menghormati lawan pertanda pintar & cerdas.<hashtag>,"""Kejujuran akan menuai keberhasilan kebohongan akan menuai kehancuran menutupi kesalahan berarti kebodohan menghormati lawan pertanda pintar & cerdas.<hashtag>""",1.0,False
Bullying,<username> partai allah ?....... patut dicontoh... ngamin ngamin... msh mo ngotot anda...,"""<username> Partai Allah ?....... Patut dicontoh... Ngamin ngamin... msh mo ngotot anda...""",0.0,True
Bullying,<username> terus bawaâ² agama nya ya seferti mubahala nda ingat twit yang dulu tentang jualan agama nya ya :d,"""<username> terus bawaÂ² Agama nya ya seferti Mubahala nda ingat twit yang dulu tentang Jualan Agama nya ya :D""",0.0,True
Non-bullying,awas kampret teriak kriminalisasi ... udah ketangkep basah woiiiii <hashtag>,"""Awas kampret teriak kriminalisasi ... Udah ketangkep basah woiiiii <hashtag>""",1.0,False
Bullying,<username> mana dia santun unggah unguh saja ngak paham semua ditrabas demi pencitraan dirinya merasa paling kuasa dan sombong dia <hashtag>,"""<username> Mana dia santun unggah unguh saja ngak paham semua ditrabas demi pencitraan dirinya merasa paling kuasa dan sombong dia <hashtag>""",0.0,True
Bullying,pemilu menentukan masa depan bangsa ? prettt ! pemilu itu hanya menentukan siapa yang berkuasa itu saja <hashtag>,"""Pemilu menentukan masa depan bangsa ? Prettt ! Pemilu itu hanya menentukan siapa yang berkuasa itu saja <hashtag>""",0.0,True
Non-bullying,<username> <username> masukan apapun diberikan ga akan ada guna di kecam aja masih sorot sontoloyo,"""<username> <username> Masukan apapun diberikan ga akan ada guna di kecam aja masih sorot sontoloyo""",1.0,False
Non-bullying,sialan ! kamu memang gak pernah bisa aku lupakan .,"""Sialan ! Kamu memang gak pernah bisa aku lupakan .""",1.0,False
Non-bullying,gabung keraton agung sejagat ah siapa tau jadi menteri luar negerinya ðÿ™ˆðÿ˜‚,"""Gabung Keraton Agung Sejagat ah siapa tau jadi menteri luar negerinya ðŸ™ˆðŸ˜‚""",1.0,False
Non-bullying,wow.. banyak akun dungu baru terbit hari ini . ayo ngeroyok gue lagi . gue aplot dungu lu.,"""Wow.. banyak akun dungu baru terbit hari ini . Ayo ngeroyok gue lagi . Gue aplot dungu lu.""",1.0,False
Non-bullying,kemaruk ! <hashtag> <hashtag> <hashtag> <hashtag> <hashtag> <hashtag> <hashtag> <link>,"""Kemaruk ! <hashtag> <hashtag> <hashtag> <hashtag> <hashtag> <hashtag> <hashtag> <link>""",1.0,False
Non-bullying,disgusting bgt lo tolol,"""disgusting bgt lo tolol""",1.0,False
Non-bullying,dukung ! tindak tegas perusuh tanya siapa yg bayar bayar dgn dolar tdk mungkin orang biasa proses secara hukum ! <hashtag> <hashtag> <hashtag> <hashtag> <hashtag> <hashtag>,"""Dukung ! Tindak tegas perusuh tanya siapa yg bayar bayar dgn dolar tdk mungkin orang biasa proses secara hukum ! <hashtag> <hashtag> <hashtag> <hashtag> <hashtag> <hashtag>""",1.0,False
Non-bullying,<username> <username> agency tolol emg,"""<username> <username> Agency tolol emg""",1.0,False
Non-bullying,anak2 muda lebih bagus good governance-nya . nadiem dan angela mundur dari kursi ceo dan direksi . orang2 tua di mui gimana? belum mundur nih pak? <hashtag> <hashtag> <hashtag>,"""Anak2 muda lebih bagus good governance-nya . Nadiem dan Angela mundur dari kursi CEO dan direksi . Orang2 tua di MUI gimana? Belum mundur nih pak? <hashtag> <hashtag> <hashtag>""",1.0,False
Non-bullying,minta di tapuk mulutmu <username> ... misal pake tapuk online aku pesen ... <hashtag> <hashtag> <hashtag> <hashtag> <hashtag>,"""Minta di tapuk mulutmu <username> ... Misal pake Tapuk Online Aku pesen ... <hashtag> <hashtag> <hashtag> <hashtag> <hashtag>""",1.0,False
Non-bullying,para buruh sepakat untuk rekonsiliasi pasca pemilu . <hashtag>,"""Para buruh sepakat untuk Rekonsiliasi pasca Pemilu . <hashtag>""",1.0,False
Non-bullying,<username> halloo bung teri .. salam dari wong ndeso ..ðÿ˜ƒ <link>,"""<username> halloo bung Teri .. salam dari wong ndeso ..ðŸ˜ƒ <link>""",1.0,False
Non-bullying,paduan antara kebodohan dengan keinginan hasut untuk diikuti dan didengar mendorongmu berbicara tanpa ilmu mengatakan suatu perkataan atas nama allah secara bathil . itulah kenapa whatsappmu macet . <hashtag> <hashtag> <hashtag> <hashtag>,"""Paduan antara kebodohan dengan keinginan hasut untuk diikuti dan didengar mendorongmu berbicara tanpa ilmu mengatakan suatu perkataan atas nama Allah secara bathil . Itulah kenapa whatsappmu macet . <hashtag> <hashtag> <hashtag> <hashtag>""",1.0,False
Non-bullying,<username> bpjs budget pas-pasan jiwa sosialita,"""<username> BPJS Budget pas-pasan jiwa sosialita""",1.0,False
Bullying,tugas pokok anies baswedan adalah ngeles berpuisi dan beralasan . jd kl skrg jakarta banjir parah jangan salahkan dia . salahkan airnya kenapa kok g mau lekas pergi dr jakarta . ya kan bapak anies . ya kan ya kan . <hashtag>,"""Tugas pokok Anies baswedan adalah ngeles berpuisi dan beralasan . Jd kl skrg jakarta banjir parah jangan salahkan dia . Salahkan airnya kenapa kok g mau lekas pergi dr jakarta . Ya kan bapak anies . Ya kan ya kan . <hashtag>""",0.0,True
Non-bullying,katanya negara islam tapi mendukung paslon presiden aja sampe mengancam tuhan nya indonesia mah gitu <hashtag> <hashtag>,"""Katanya negara islam tapi mendukung paslon presiden aja sampe mengancam tuhan nya indonesia mah gitu <hashtag> <hashtag>""",1.0,False
Non-bullying,fase dimana negara menginginkan perdamaian dengan cara yang tak lazim tapi indah . <hashtag>,"""Fase dimana negara menginginkan perdamaian dengan cara yang tak lazim tapi indah . <hashtag>""",1.0,False
Bullying,ini salah satu contoh narasi <username> dalam mengatasi banjir jakarta telah terbukti berkat narasi anies sekarang jakarta telah berhasil tidak bebas dari banjir ... ã°å¸â€˜âã°å¸â€˜âã°å¸â€˜âã°å¸â€˜â berenang kitaaaaaã°å¸ëœâ€¦ <hashtag> <link>,"""Ini salah satu contoh Narasi <username> dalam mengatasi banjir Jakarta telah terbukti berkat narasi Anies sekarang Jakarta telah berhasil TIDAK BEBAS dari banjir ... Ã°Å¸â€˜ÂÃ°Å¸â€˜ÂÃ°Å¸â€˜ÂÃ°Å¸â€˜Â Berenang kitaaaaaÃ°Å¸Ëœâ€¦ <hashtag> <link>""",0.0,True
Non-bullying,bukan cuma tanjung selor - tanah kuning saja masih banyak daerah2 lain di kalimantan utara yang kondisi jalannya seperti ini bahkan lebih parah dari pada ini . tolong pak presiden <username> <username> <username> <hashtag> <hashtag> <hashtag> <hashtag> <link>,"""Bukan cuma Tanjung Selor - Tanah Kuning saja masih banyak daerah2 lain di Kalimantan Utara yang kondisi jalannya seperti ini bahkan lebih parah dari pada ini . Tolong pak presiden <username> <username> <username> <hashtag> <hashtag> <hashtag> <hashtag> <link>""",1.0,False
Bullying,tidak akan merubah apa2 mau bertemu berapa kali pun karena rakyat sudah <hashtag>,"""tidak akan merubah apa2 mau bertemu berapa kali pun karena rakyat sudah <hashtag>""",0.0,True
Non-bullying,hambok twitter tuh ngeluarin fitur autolock buat rang goblo ... jadi yang goblo ga bisa ngetwit . nyusahin idup aja yang goblo2 itu .,"""Hambok Twitter tuh ngeluarin fitur autolock buat rang goblo ... Jadi yang goblo ga bisa ngetwit . Nyusahin idup aja yang goblo2 itu .""",1.0,False
Non-bullying,<username> nyi roro kidul tidak sembarangan mendatangi orang apalagi merasuki tubuh manusia kalo pun ada yg mengaku itu beliau dijamin palsu .,"""<username> Nyi roro kidul tidak sembarangan mendatangi orang apalagi merasuki tubuh manusia kalo pun ada yg mengaku itu beliau dijamin palsu .""",1.0,False
Bullying,bila dari awal mereka bijak akan ke mk maka hal ini tidak perlu terjadi ... <hashtag> <hashtag>,"""Bila dari awal mereka bijak akan ke MK maka hal ini tidak perlu terjadi ... <hashtag> <hashtag>""",0.0,True
Non-bullying,jangan <hashtag> karena ibu saya ngefans sama dia saat iklan daia,"""jangan <hashtag> karena ibu saya ngefans sama dia saat iklan daia""",1.0,False
Non-bullying,mari bersama sama memastikan pemilu berjalan dengan jujur adil dan bersih tanpa ada kecurangan dan intimidasi ..,"""Mari bersama sama memastikan pemilu berjalan dengan jujur adil dan bersih tanpa ada kecurangan dan intimidasi ..""",1.0,False
Bullying,siapa bilang <hashtag> ?? memang iya manipulator kok ...,"""Siapa bilang <hashtag> ?? memang iya manipulator kok ...""",0.0,True
Non-bullying,<username> mau kaya sampe lupa cara ngupas salak kayak nia ramadhani,"""<username> Mau kaya sampe lupa cara ngupas salak kayak nia ramadhani""",1.0,False
Bullying,politik sejatinya untuk mengatur masyarakat agar sejahtera tetapi masyarakat menjadi melarat <hashtag>,"""Politik sejatinya untuk mengatur masyarakat agar sejahtera tetapi masyarakat menjadi melarat <hashtag>""",0.0,True
Non-bullying,tuntas kan pak <username> saya ngak rela uang rakyat di kayaginiin . <hashtag> <hashtag> <link>,"""Tuntas kan pak <username> saya ngak rela uang rakyat di kayaginiin . <hashtag> <hashtag> <link>""",1.0,False
Non-bullying,ada aja yang manfaatin untuk pansos dan ngebanyol pake hastag <hashtag> . hedeuuhhh,"""Ada aja yang manfaatin untuk pansos dan ngebanyol pake hastag <hashtag> . Hedeuuhhh""",1.0,False
Non-bullying,tenang tidak akan bosan sampai habis ... <hashtag> <hashtag> <hashtag> <link>,"""Tenang tidak akan bosan sampai habis ... <hashtag> <hashtag> <hashtag> <link>""",1.0,False
Bullying,terimah kasih rezim sontoloyo memang paling mantap dan hebat ! makin cinta saja saya sama rezim ini semoga allah swt melaknat kalian semua wahai manusia durjana,"""Terimah Kasih Rezim Sontoloyo Memang Paling Mantap dan Hebat ! Makin Cinta saja saya sama Rezim ini Semoga Allah SWT Melaknat Kalian Semua Wahai Manusia Durjana""",0.0,True
Non-bullying,ibu susi kemana <hashtag>,"""Ibu Susi kemana <hashtag>""",1.0,False
Non-bullying,tsumugi: kali ini terdapat dua korban ... yaitu tenma-kun dan yuki-chan yuki: kok gue juga? bukannya werewolfnya tinggal satu? tsumugi: tenma-kun dpt kartu lover dan kamu dipilih jd pasangannya semua: woooo !! yuki: bangsat ngapain lo milih gue tenma: gue jg baru tahu yuki: tolol,"""tsumugi: kali ini terdapat dua korban ... yaitu tenma-kun dan yuki-chan yuki: KOK GUE JUGA? bukannya werewolfnya tinggal satu? tsumugi: tenma-kun dpt kartu lover dan kamu dipilih jd pasangannya semua: woooo !! yuki: BANGSAT NGAPAIN LO MILIH GUE tenma: GUE JG BARU TAHU yuki: TOLOL""",1.0,False
Non-bullying,ahok meyakinkan dengan sistem e-budgeting semua orang tahu abpd dki . <link> <username> <hashtag> <hashtag>,"""Ahok meyakinkan dengan sistem e-budgeting semua orang tahu ABPD DKI . <link> <username> <hashtag> <hashtag>""",1.0,False
Non-bullying,codot hti lagi ngerong-rong dengan hestek <hashtag> . mereka tau nu paling depan soal indonesia .,"""CODOT HTI lagi ngerong-rong dengan hestek <hashtag> . Mereka tau NU paling depan soal Indonesia .""",1.0,False
Non-bullying,<username> <username> <username> <username> doa tambahan di tiap sujud ku kepada allah di bulan puasa ini agar rezi\u2026 <link>,"""<username> <username> <username> <username> Doa tambahan di tiap sujud ku kepada Allah di bulan puasa ini agar rezi\u2026 <link>""",1.0,False
Non-bullying,luhut dukung edhy prabowo buka ekspor benih lobster <link> sekarang gue mulai mengerti maksud luhut percayalah kalian bisa kualat dengan ibu <username>,"""Luhut Dukung Edhy Prabowo Buka Ekspor Benih Lobster <link> Sekarang gue mulai mengerti maksud Luhut Percayalah kalian bisa kualat dengan ibu <username>""",1.0,False
Bullying,emezing ! pemenang tender penataan monas senilai rp 71 3 miliar â€œkantorâ€nya di rumah petak <hashtag> <hashtag>,"""Emezing ! Pemenang Tender Penataan Monas Senilai Rp 71 3 Miliar â€œKantorâ€nya di Rumah Petak <hashtag> <hashtag>""",0.0,True
Non-bullying,<username> mereka kena prank <username> ðÿ¤­ <hashtag>,"""<username> Mereka kena prank <username> ðŸ¤­ <hashtag>""",1.0,False
Non-bullying,<username> kalau di cina pejabat yg punya hartanya banyak mereka harus bisa membuktikan asal usulnya apalagi kalau kekayaannya hanya didapat dari gaji aja,"""<username> Kalau di Cina pejabat yg punya hartanya banyak mereka harus bisa membuktikan asal usulnya apalagi kalau kekayaannya hanya didapat dari gaji aja""",1.0,False
Bullying,anies kereennn ... kontras diskotek colosseum pernah digerebek bnn kini diganjar penghargaan <hashtag> fpi kejang2 gnpf wellcome,"""ANIES KEREENNN ... Kontras Diskotek Colosseum Pernah Digerebek BNN Kini Diganjar Penghargaan <hashtag> Fpi kejang2 Gnpf Wellcome""",0.0,True
Non-bullying,<username> <username> ada tambahan buat nabung <hashtag>,"""<username> <username> Ada tambahan buat nabung <hashtag>""",1.0,False
Non-bullying,gerindra ternyata sudah menyiapkan kerusuhan untuk aksi 21 mei 2019 kemarin <hashtag>,"""Gerindra ternyata sudah menyiapkan kerusuhan untuk aksi 21 Mei 2019 kemarin <hashtag>""",1.0,False
Non-bullying,mendung belum tentu hujan lama chat\'an belum tentu jadian <hashtag> <hashtag> <hashtag> <hashtag> <link>,"""Mendung belum tentu hujan lama chat\'an belum tentu jadian <hashtag> <hashtag> <hashtag> <hashtag> <link>""",1.0,False
Non-bullying,lebih baik pak <hashtag> dari pada minta like gk lucu kan,"""Lebih baik pak <hashtag> dari pada minta like gk lucu kan""",1.0,False
Bullying,"yg sabar ya warga dki jakarta pimpinan ada di kelas gubernur hanya kelas kacangan ... <hashtag> <hashtag> <hashtag> ,","""yg sabar ya warga dki jakarta pimpinan ada di kelas gubernur hanya kelas kacangan ... <hashtag> <hashtag> <hashtag> ,""",0.0,True
Bullying,special thanks to : <username> for bikinin udangan tolol ini,"""special thanks to : <username> for bikinin udangan tolol ini""",0.0,True
Non-bullying,<username> ngaku muslim tapi benci arab . giliran haji dan umroh ke arab juga . kan mantap .. ã°å¸â„¢æ’ sontoloyo nya ã°å¸â¤â£ã°å¸â¤â£,"""<username> ngaku muslim tapi benci Arab . Giliran haji dan umroh ke Arab juga . Kan mantap .. Ã°Å¸â„¢Æ’ Sontoloyo nya Ã°Å¸Â¤Â£Ã°Å¸Â¤Â£""",1.0,False
Non-bullying,itu emak emak lagi kalah bandar arisan nggak masuk pake duit negara gaya sosialita agagagag . <link>,"""Itu emak emak lagi kalah bandar arisan nggak masuk pake duit negara gaya sosialita agagagag . <link>""",1.0,False
Bullying,cobalah sesekali berpihak kepada situasi yang diinginkan pemerintah . jaringan lelet beberapa hari saja kau panik,"""Cobalah sesekali berpihak kepada situasi yang diinginkan pemerintah . Jaringan lelet beberapa hari saja kau panik""",0.0,True
Non-bullying,kenapa menjadi soal kalau menteri bukan dari kalangan atau golongan tertentu? memangnya nkri ini milik nenek moyang mu sendiri? <hashtag>,"""Kenapa menjadi soal kalau Menteri bukan dari kalangan atau golongan tertentu? Memangnya NKRI ini milik nenek moyang mu sendiri? <hashtag>""",1.0,False
Non-bullying,tetap semangat dan sehat selalu coch semua itu butuh proses <hashtag>,"""Tetap semangat dan sehat selalu coch semua itu butuh proses <hashtag>""",1.0,False
Non-bullying,<hashtag> jokowi sang negarawan sejati .. ! kami tdk punya potongan diktator/otoriter kami tdk punya rekam jejak melanggar ham masalah kekerasan dan korupsi,"""<hashtag> Jokowi Sang negarawan sejati .. ! Kami tdk punya potongan diktator/otoriter kami tdk punya rekam jejak melanggar HAM masalah kekerasan dan korupsi""",1.0,False
Non-bullying,aku muak dengan kenyataan . lagi-lagi aku yang gagal dicintai lagi-lagi aku yang ditinggalkan lebih dulu menyebalkan memang hidup ini . penuh ambyar;( <hashtag>,"""Aku muak dengan kenyataan . Lagi-lagi aku yang gagal dicintai Lagi-lagi aku yang ditinggalkan lebih dulu Menyebalkan memang hidup ini . Penuh ambyar;( <hashtag>""",1.0,False
Non-bullying,<username> husssss orang kata bos 212 jg gada ug salah ko .brarti mnurut mereka diskotik itu halal .kalian yg gatau apa2 diem aja .umat 212 lebih paham soal islam,"""<username> husssss orang kata bos 212 jg gada ug salah ko .brarti mnurut mereka diskotik itu halal .kalian yg gatau apa2 diem aja .umat 212 lebih paham soal islam""",1.0,False
Non-bullying,bodoh!!!! namanya baru ya beda sama yang lama!!!! kecuali loe bilang presiden periode selanjutnya itu bisa jkw atau ps!!!! ngeles lu??,"""Bodoh!!!! Namanya baru ya beda sama yang lama!!!! Kecuali loe bilang Presiden periode selanjutnya itu bisa Jkw atau PS!!!! Ngeles lu??""",1.0,False
Non-bullying,mantul . integritas profesionalitas dan kredibilitas tetap di utamakan . pro kontra tidak mengubah warna darah dan putih tulang kita . <hashtag> <hashtag>,"""Mantul . Integritas profesionalitas dan Kredibilitas Tetap Di Utamakan . Pro kontra tidak mengubah Warna darah dan putih Tulang kita . <hashtag> <hashtag>""",1.0,False
Bullying,tuhan lebih sayang anies dengan membiarkan banjir di jakarta lebih lama dan menggerakkan hati banyak orang untuk membully beliau sehingga gugur dosa-dosanya . ??,"""Tuhan lebih sayang Anies dengan membiarkan banjir di Jakarta lebih lama dan menggerakkan hati banyak orang untuk membully beliau sehingga gugur dosa-dosanya . ??""",0.0,True
Non-bullying,<hashtag> <hashtag> <hashtag> <hashtag> andi arief menuding jika hubungan yang tidak harmonis antara ketua umum pdip megawati soekarnoputri dan sby mempengaruhi ahy tak dipilih oleh jokowi . begini bantahan puan <link>,"""<hashtag> <hashtag> <hashtag> <hashtag> Andi Arief menuding jika hubungan yang tidak harmonis antara Ketua Umum PDIP Megawati Soekarnoputri dan SBY mempengaruhi AHY tak dipilih oleh Jokowi . Begini bantahan Puan <link>""",1.0,False
Non-bullying,<username> anda bisa apa tom ...,"""<username> Anda bisa apa tom ...""",1.0,False
Non-bullying,<username> <username> nyi roro kidul e iso pose foto pisan yo,"""<username> <username> Nyi roro kidul e iso pose foto pisan yo""",1.0,False
Non-bullying,suara pintu ruangan kerjan milik andreas yang dibuka dengan cukup keras menampakan sosok wanita paru baya dengan setelan busana glamour khas wanita sosialita yang melekat di tubuhnya berdiri di ambang pintu disusul dengan dennisã£â€¦â¡ sekretarisnya yang berdiri di belakang ã£â€¦â¤,"""suara pintu ruangan kerjan milik Andreas yang dibuka dengan cukup keras menampakan sosok wanita paru baya dengan setelan busana glamour khas wanita sosialita yang melekat di tubuhnya berdiri di ambang pintu disusul dengan DennisÃ£â€¦Â¡ sekretarisnya yang berdiri di belakang Ã£â€¦Â¤""",1.0,False
Non-bullying,<username> emang ada yg salah pakai baju sma? masih mending pak penggangguran pakai baju putih abu untuk demo .. ketimbang manusia berpakaian pejabat tapi malah nyuri uang rakyat !!!,"""<username> Emang ada yg salah pakai baju SMA? Masih mending pak penggangguran pakai baju putih abu untuk demo .. ketimbang manusia berpakaian pejabat tapi malah nyuri uang rakyat !!!""",1.0,False
Bullying,background it tapi database tidak update . cara halus ganti presiden ... .,"""Background IT tapi database tidak update . Cara halus ganti presiden ... .""",0.0,True
Non-bullying,<username> <username> <username> sebutek2 nya kolam kalo disitu ada ikan masnya pasti akan jadi perhatian orang . karena disitu setiap orang sangat mengharapkan sesuatu yg besar atas perubahan di negeri ini .,"""<username> <username> <username> Sebutek2 nya kolam kalo disitu ada ikan masnya pasti akan jadi perhatian orang . Karena disitu setiap orang sangat mengharapkan sesuatu yg besar atas perubahan di negeri ini .""",1.0,False
Non-bullying,<username> <username> <username> pak menkopolhukam saya mau urun pikiran . saat ini hal yg paling urgent adalah persatuan anak bangsa . polarisasi pilgub dki pilpres masih ada sisanya . kiranya dapat diberikan solusinya yaitu : 1 . tegakkan keadilan kasus terdahulu 2 . pertemuan diskusi berulang antar anak bangsa,"""<username> <username> <username> Pak Menkopolhukam Saya mau urun pikiran . Saat ini hal yg paling urgent adalah Persatuan Anak Bangsa . Polarisasi Pilgub DKI Pilpres masih ada sisanya . Kiranya dapat diberikan solusinya yaitu : 1 . Tegakkan keadilan kasus terdahulu 2 . Pertemuan diskusi berulang antar anak bangsa""",1.0,False
Non-bullying,kalo proyektilnya sebanyak ini knapa yg tertembak cuma dikit?? polisi terlatih ga mungkin sia2in pelurunya .. <hashtag> <hashtag> <hashtag>,"""Kalo proyektilnya sebanyak ini knapa yg tertembak cuma dikit?? Polisi terlatih ga mungkin sia2in pelurunya .. <hashtag> <hashtag> <hashtag>""",1.0,False
Non-bullying,kenapa masih saja meneteskan air mata bukankah sudah terbiasa mendapat kecewa dan luka..?! <hashtag>,"""Kenapa masih saja meneteskan air mata bukankah sudah terbiasa mendapat kecewa dan luka..?! <hashtag>""",1.0,False
Non-bullying,<username> beda ! haha . yang sama cuma savage dan sarkasme nya,"""<username> BEDA ! HAHA . Yang sama cuma savage dan sarkasme nya""",1.0,False
Bullying,<username> welcome to indonesia yang tidak tahu budi sopan santun asal ketus nuduh sembarangan. dia yang salah ehh dia yang galak . allaah maha membalas kog buu,"""<username> Welcome to Indonesia yang tidak tahu budi sopan santun asal ketus nuduh sembarangan. Dia yang salah ehh dia yang Galak . Allaah Maha Membalas kog buu""",0.0,True
Non-bullying,selamat bekerja kembali bapak menteri idolakuðÿ–¤ ... semangat membangun indonesia .. <username> <hashtag> <hashtag> <link>,"""selamat bekerja kembali bapak menteri idolakuðŸ–¤ ... semangat membangun Indonesia .. <username> <hashtag> <hashtag> <link>""",1.0,False
Non-bullying,di dalam tindakan pemberantasan radikalisme . nan menyesatkan istimewa yakni membalikkan ibarat din ke jurusan pangkal ialah kebaikan . <hashtag> <link>,"""Di dalam tindakan pemberantasan radikalisme . nan menyesatkan istimewa yakni membalikkan ibarat din ke jurusan pangkal ialah kebaikan . <hashtag> <link>""",1.0,False
Non-bullying,<username> <username> <username> <username> <username> <username> <username> <username> <username> <username> <username> yg begini mereka bungkam sontoloyo iblis itu lur,"""<username> <username> <username> <username> <username> <username> <username> <username> <username> <username> <username> Yg begini mereka bungkam sontoloyo iblis itu lur""",1.0,False
Non-bullying,andai saja rebahan digaji :)<hashtag>,"""Andai saja rebahan digaji :)<hashtag>""",1.0,False
Bullying,sebelum uninstallbukalapak coba otak nya di install dulu,"""Sebelum uninstallbukalapak coba otak nya di install dulu""",0.0,True
Non-bullying,<username> kesalahan warga jkt akibat ditipu dg jualan ayat dan mayat <hashtag> sehingga orang bodohpun bisa jadi gubenur <hashtag>,"""<username> Kesalahan warga Jkt akibat ditipu dg jualan Ayat dan mayat <hashtag> Sehingga orang bodohpun bisa jadi gubenur <hashtag>""",1.0,False
Non-bullying,mereka yang selalu optimis dan berpikir positif akan selalu mampu untuk bangkit dari segala kterpurukannya,"""Mereka yang selalu optimis dan berpikir positif akan selalu mampu untuk bangkit dari segala kterpurukannya""",1.0,False
Non-bullying,emang sy harus bersikap seperti apa agar sesuai dgn muslim yg sholat 5wkt . seperti riziek bahar sugik atau seperti wowo yg ga bisa nahan emosi dan suka merendahkn orang atau seperti kalian yg suka menghina pemimpin sebar hoax bhkn sebar fitnah? <hashtag> <hashtag>,"""Emang sy harus bersikap seperti apa agar sesuai dgn muslim yg sholat 5wkt . Seperti riziek bahar sugik atau seperti wowo yg ga bisa nahan emosi dan suka merendahkn orang atau seperti kalian yg suka menghina pemimpin sebar hoax bhkn sebar fitnah? <hashtag> <hashtag>""",1.0,False
Non-bullying,indonesia penuh keberagaman <hashtag>,"""Indonesia penuh keberagaman <hashtag>""",1.0,False
Non-bullying,terima kasih pak <username> ðÿ™ papua juga harus maju seperti daerah - daerah lainnya di indonesia . <hashtag> <hashtag> <hashtag> <link>,"""Terima kasih Pak <username> ðŸ™ Papua juga harus maju seperti daerah - daerah lainnya di Indonesia . <hashtag> <hashtag> <hashtag> <link>""",1.0,False
Non-bullying,anies maunya anggaran di buat berdasarkan ketersediaan dana masukin dana nya dulu belanja buat apaan belakangan . ahok maunya kebutuhan lo apa tulis detail dananya ngikut .,"""Anies maunya Anggaran di buat berdasarkan ketersediaan dana masukin dana nya dulu belanja buat apaan belakangan . Ahok maunya kebutuhan lo apa tulis detail dananya ngikut .""",1.0,False
Bullying,<username> <username> tompi itu dokter? sayang otaknya tidak dipake,"""<username> <username> Tompi itu dokter? Sayang Otaknya tidak dipake""",0.0,True
Non-bullying,harapan kami kpd bpk <username> sbg menhan <hashtag> <hashtag> <link>,"""Harapan kami kpd bpk <username> sbg Menhan <hashtag> <hashtag> <link>""",1.0,False
Bullying,<username> saya setuju anies itu luar biasa sebagai tokoh pelopor/pencipta sistim aca kadut. sampurna??????,"""<username> Saya setuju anies itu luar biasa sebagai tokoh pelopor/pencipta sistim aca kadut. Sampurna??????""",0.0,True
Non-bullying,gubernur walikota dan ..... itu pejabat keritiklah ia saat menjabat,"""Gubernur Walikota dan ..... itu pejabat keritiklah ia saat menjabat""",1.0,False
Non-bullying,sebenernya yg jadi presiden ri itu pak <username> atau lord luhut sih ã°å¸ëœâ€¦,"""Sebenernya yg jadi presiden RI itu pak <username> atau Lord Luhut sih Ã°Å¸Ëœâ€¦""",1.0,False
Non-bullying,jangan <hashtag> bang kasihan nanti ada muka bancinya di lp kasihan kalo diperkosa tahanan,"""Jangan <hashtag> bang kasihan nanti ada muka bancinya di LP kasihan kalo diperkosa tahanan""",1.0,False
Non-bullying,otaknya gaada kan lu <username> gak pernah nyantri apa sampai ulama kau hina hina <hashtag>,"""otaknya gaada kan lu <username> gak pernah nyantri apa sampai Ulama kau hina hina <hashtag>""",1.0,False
Bullying,<hashtag> alhamdulillah tidak ada ngaruhnya tiket mahal atau tidak ttp saja aku g pernah naik pesawat <hashtag>,"""<hashtag> alhamdulillah tidak ada ngaruhnya tiket mahal atau tidak ttp saja aku g pernah naik pesawat <hashtag>""",0.0,True
Non-bullying,<username> <username> guru honorer udah tgl 31 tapi dana bos blm cair . jadi belum <hashtag> ;(,"""<username> <username> Guru honorer udah tgl 31 tapi dana BOS blm cair . Jadi belum <hashtag> ;(""",1.0,False
Non-bullying,aksi pembakaran dan penyerangan di asrama brimob ada indikasi by design <hashtag> <hashtag>,"""Aksi pembakaran dan penyerangan di asrama Brimob ada indikasi by design <hashtag> <hashtag>""",1.0,False
Non-bullying,kulihat banyak teman seperjuanganku yang mulai maju dan berkreasi jujur aku bangga,"""Kulihat banyak teman seperjuanganku yang mulai maju dan berkreasi jujur aku bangga""",1.0,False
Bullying,pak yasona ini keren kinerjanya koruptor dpt grasi napi narkoba dpt grasi...hebat lah,"""pak yasona ini keren kinerjanya koruptor dpt grasi napi narkoba dpt grasi...hebat lah""",0.0,True
Bullying,terima kasih bapak anies ... goodbener dah ! pbb rumah rp . 37 jutaan digratiskeun !!! banjir sejam dua jam no problemo !,"""Terima kasih bapak Anies ... Goodbener dah ! PBB rumah Rp . 37 jutaan digratiskeun !!! Banjir sejam dua jam NO PROBLEMO !""",0.0,True
Non-bullying,dokter gajinya lebih kecil dari tukang parkir,"""Dokter gajinya lebih kecil dari tukang parkir""",1.0,False
Non-bullying,<username> jgn remehkan akun dg 41 follower itu bg bisa jadi follower nya termasuk nyi roro kidul nyi blorong dll berbagai nyi nyi lain atau dia nya sendiri termasuk nyi - nyir,"""<username> Jgn remehkan akun dg 41 follower itu bg Bisa jadi follower nya termasuk Nyi Roro Kidul Nyi Blorong dll berbagai Nyi Nyi lain Atau dia nya sendiri termasuk Nyi - Nyir""",1.0,False
Bullying,bonafide gw respek sama kader2 partai amarah nasional ini yang udah berjuang sampai berdarah-darah. gws yah om <username> ã°ã¿â¤â­ã°ã¿â„¢â,"""bonafide gw respek sama kader2 partai amarah nasional ini yang udah berjuang sampai berdarah-darah. gws yah om <username> Ã°Ã¿Â¤Â­Ã°Ã¿â„¢Â""",0.0,True
Non-bullying,mau tau kebobrokan rezim sontoloyo,"""Mau tau kebobrokan rezim SONTOLOYO""",1.0,False
Non-bullying,katanya indonesia itu negara toleransi tapi perkara nyerempet trus mobil beset langsung bikin tagar <hashtag> . dimana toleransinya katanya turun dengan itikad baik untuk menyelesaikan masalah secara daimai tapi bikin tagar nya <hashtag> yg salah 1 orang yg kena semua,"""Katanya indonesia itu negara toleransi tapi perkara nyerempet trus mobil beset langsung bikin tagar <hashtag> . Dimana toleransinya katanya turun dengan itikad baik untuk menyelesaikan masalah secara daimai tapi bikin tagar nya <hashtag> yg salah 1 orang yg kena semua""",1.0,False
Non-bullying,mana nih emak2 yg kmren rame2 bajir itu berkah ... hujan itu berkah tp banjir itu bencana krna kita tdk bisa merawt bumi .. kasian nasib kucing di jkt pd kemna mereka <hashtag>,"""Mana nih emak2 yg kmren rame2 bajir itu berkah ... HUJAN itu berkah tp banjir itu bencana krna kita tdk bisa merawt bumi .. Kasian nasib KUCING di JKT pd kemna mereka <hashtag>""",1.0,False
Non-bullying,bener kata budi seringan maen twitter bikin w makin goblok,"""Bener kata budi seringan maen twitter bikin w makin goblok""",1.0,False
Non-bullying,ketika sahabat saya pemilik hotel di bali berbincang tentang proyek perumahan nya di medan tersendat krn tanah 80 hektar dia terganjal ijin shm oleh bpn sy hy bilang akan bantu lewat jalur saya seraya berbincang bgmn kelakuan bbrp pejabat ini msh jelek otaknya pdhl bosnya benar,"""Ketika sahabat saya pemilik hotel di bali berbincang tentang proyek perumahan nya di medan tersendat krn tanah 80 hektar dia terganjal ijin SHM oleh BPN sy hy bilang akan bantu lewat jalur saya seraya berbincang bgmn kelakuan bbrp pejabat ini msh jelek otaknya pdhl bosnya benar""",1.0,False
Non-bullying,kitong samua basudara <hashtag> <hashtag> <hashtag> <hashtag> <link>,"""Kitong Samua Basudara <hashtag> <hashtag> <hashtag> <hashtag> <link>""",1.0,False
Non-bullying,<username> 500 .000?.....ada potongan2 lain ga ... potongan admin ... buat potokopi .... biaya jasa .... trus take home pay brp?.....bisa2 zonk .... sontoloyo <hashtag> <hashtag>,"""<username> 500 .000?.....ada potongan2 lain ga ... potongan admin ... buat potokopi .... biaya jasa .... trus TAKE HOME PAY brp?.....bisa2 ZONK .... SONTOLOYO <hashtag> <hashtag>""",1.0,False
Bullying,ngeliat orang-orang yang tweet katanya makan babi sifatnya kayak babi saya terharu. karna kalian gua yakin kalau gua pintar. ternyata saya pintar yaampun ?????? ternyata otak saya masih bisa diselamatkan. <hashtag>,"""Ngeliat orang-orang yang tweet katanya makan babi sifatnya kayak babi saya terharu. Karna kalian gua yakin kalau gua Pintar. Ternyata saya Pintar yaampun ?????? Ternyata otak saya masih bisa diselamatkan. <hashtag>""",0.0,True
Bullying,bener kamu andi sukmana putra bener bener bodoh !,"""bener kamu andi sukmana putra bener bener bodoh !""",0.0,True
Bullying,<username> welcome to indonesia. presiden wakil presiden. dpr. dan para menteri. hobi.nya main sandiwara. mereka yang bikin mereka pula yang gaduh..,"""<username> Welcome to Indonesia. Presiden wakil presiden. DPR. Dan para menteri. Hobi.nya main sandiwara. Mereka yang bikin mereka pula yang gaduh..""",0.0,True
Bullying,ngumpulin koin buat pembangunan gedung kpk? tidak malu apa? satu lagi yang sudah menjadi budaya indonesia . mengemis !,"""Ngumpulin koin buat pembangunan gedung KPK? tidak malu apa? Satu lagi yang sudah menjadi budaya Indonesia . MENGEMIS !""",0.0,True
Non-bullying,<username> hahahaha .... kasih arahan!? bisa aja mimpi jadi mendagri om tomp?,"""<username> Hahahaha .... Kasih arahan!? Bisa aja mimpi jadi mendagri Om Tomp?""",1.0,False
Non-bullying,yth . <username> <username> <username> <username> pernyataan sikap yusuf martak atas pemberian penghargaan adikarya wisata kpd diskotik colloseum menunjukkan sikap inkonsistensi dlm beramar ma\'ruf nahi mungkar . jika ahok di demo tapi klo anies di dukung ? <link>,"""Yth . <username> <username> <username> <username> Pernyataan sikap Yusuf martak atas pemberian Penghargaan Adikarya Wisata kpd Diskotik Colloseum menunjukkan sikap INKONSISTENSI dlm berAMAR MA\'RUF NAHI MUNGKAR . Jika Ahok di Demo tapi klo Anies di dukung ? <link>""",1.0,False
Non-bullying,pastikan ekonomi akan meningkat satgas tmmd optimis garap sasaran,"""Pastikan Ekonomi Akan Meningkat Satgas TMMD Optimis Garap Sasaran""",1.0,False
Non-bullying,anak2 dipersiapkan untuk masa depan bangsa kalo dari kecil ajarannya sudah salah kedepan mau jadi apa??,"""Anak2 dipersiapkan untuk masa depan bangsa kalo dari kecil ajarannya sudah salah kedepan mau jadi apa??""",1.0,False
Non-bullying,sarcasm sarcasm ngarti kaga artinya sarkasme apaan? kaga ngarti? lah sama .,"""Sarcasm sarcasm ngarti kaga artinya sarkasme apaan? Kaga ngarti? Lah sama .""",1.0,False
Non-bullying,capek liat orang tolol semua . <link>,"""capek liat orang tolol semua . <link>""",1.0,False
Non-bullying,daripada halu . mending ikut give away 300k di pinned acc ku . <hashtag>,"""Daripada halu . Mending ikut give away 300k di pinned acc ku . <hashtag>""",1.0,False
Non-bullying,<username> <username> <username> <hashtag>,"""<username> <username> <username> <hashtag>""",1.0,False
Non-bullying,<hashtag> hi ..hi .. sejak kapan jkw ada di playstore/app store ???,"""<hashtag> Hi ..hi .. sejak kapan jkw ada di playstore/app store ???""",1.0,False
Bullying,bani kadrun bilang banjir tuh berkah makanya saat banjir datang toa nya mingkem bae <hashtag> <hashtag> <hashtag>,"""Bani kadrun bilang banjir tuh berkah makanya saat banjir datang toa nya mingkem bae <hashtag> <hashtag> <hashtag>""",0.0,True
Bullying,assyeeem... luar biasa ini presiden. coba kalo ini acaranya ada berjabat negara. sudah ampruk ini di <username> ðÿ¤ª <hashtag>,"""Assyeeem... Luar biasa ini presiden. Coba kalo ini acaranya ada berjabat negara. Sudah ampruk ini di <username> ðŸ¤ª <hashtag>""",0.0,True
Bullying,peserta yang tidak punya kinerja ya jalannya hanya menjatuhkan lawan dengan bikin hoax . eh punya tidak ya kinerja culik menculik aktivis itu kinerja tidak ya,"""peserta yang tidak punya kinerja ya jalannya hanya menjatuhkan lawan dengan bikin hoax . eh punya tidak ya kinerja culik menculik aktivis itu kinerja tidak ya""",0.0,True
Non-bullying,<username> <username> catur emang udah haram dari dulu tolol,"""<username> <username> Catur emang udah haram dari dulu tolol""",1.0,False
Non-bullying,apa yang ada di otak kalian . belum tentu ada di otak mereka .. otak anda lebih pintar dari yang mecipta .. efek bulanan anda kena ya . pendiri facebook bisa baca isi dapur kalian ... <hashtag> sering makan biasa ..,"""Apa yang ada di otak kalian . belum tentu ada di otak mereka .. Otak anda lebih pintar dari yang mecipta .. Efek bulanan anda kena ya . Pendiri facebook bisa baca isi dapur kalian ... <hashtag> Sering makan biasa ..""",1.0,False
Non-bullying,wah rosi turun kelas ..the next ilcðÿ‘ž<hashtag>,"""Wah Rosi turun kelas ..the next ILCðŸ‘Ž<hashtag>""",1.0,False
Non-bullying,<username> siapa tau nanti 2020 bisa upgrade ke gold .. gak ding silver gpp tp goldnya daddies sebelahan deh podiumnya :) cuman kan mereka udh tua koh sontoloyo gak ada teman sparring juga . ya susah lah hiks,"""<username> siapa tau nanti 2020 bisa upgrade ke gold .. gak ding silver gpp tp goldnya daddies sebelahan deh podiumnya :) cuman kan mereka udh tua koh sontoloyo gak ada teman sparring juga . ya susah lah hiks""",1.0,False
Non-bullying,<username> disuntik mati aja mas <username>,"""<username> disuntik mati aja mas <username>""",1.0,False
Non-bullying,<username> <username> tuh kan .. giliran ada yg komen beras pasukan sontoloyo indonesia ngilang seribu bahasa,"""<username> <username> tuh kan .. giliran ada yg komen beras pasukan sontoloyo indonesia ngilang seribu bahasa""",1.0,False
Non-bullying,org hebat lihat masalah sbg cobaan utk bikin dia lebih kuat . org gagal lihat masa lalu &amp; selalu menghindari masalah .,"""Org hebat lihat masalah sbg cobaan utk bikin dia lebih kuat . Org gagal lihat masa lalu &amp; selalu menghindari masalah .""",1.0,False
Non-bullying,<username> indonesia negara ku kumparan sumber beritaku ðÿ•ºðÿ’ƒðÿ•ºðÿ’ƒðÿ•ºðÿž‰ðÿž‰ðÿž‰ <hashtag>,"""<username> Indonesia negara ku kumparan sumber beritaku ðŸ•ºðŸ’ƒðŸ•ºðŸ’ƒðŸ•ºðŸŽ‰ðŸŽ‰ðŸŽ‰ <hashtag>""",1.0,False
Non-bullying,ahok asik nih ke anies lu jual gw beli ..ðÿ‘ðÿ‘ emangnye netizen aje yg bs bikin keributan ðÿ˜‚,"""Ahok asik nih ke Anies lu jual gw beli ..ðŸ‘ðŸ‘ Emangnye netizen aje yg bs bikin keributan ðŸ˜‚""",1.0,False
Non-bullying,kalo bisa make duit ngapain pake prestasi,"""Kalo bisa make duit ngapain pake prestasi""",1.0,False
Non-bullying,negarawan sejati itu akan selalu menjadi pemersatu bangsa :) <hashtag> <hashtag>,"""negarawan sejati itu akan selalu menjadi pemersatu bangsa :) <hashtag> <hashtag>""",1.0,False
Bullying,selamat datang di indonesia dimana murid2 mau uas bukannya disuruh belajar malah disuruh melunaskan bayaran,"""Selamat datang di Indonesia dimana murid2 mau UAS bukannya disuruh belajar malah disuruh melunaskan bayaran""",0.0,True
Bullying,tahun baru kolam renang baru terima kasih kepada bapak anies baswedan ??,"""Tahun Baru Kolam Renang Baru Terima Kasih kepada bapak Anies BaswEDAN ??""",0.0,True
Non-bullying,ketololan <username> berawal dari sini.. karna seringnya dicekoki ahok tai kering yg disangka pisang goreng maka buyarlah otaknya jadi idiot . <link>,"""Ketololan <username> berawal dari sini.. karna seringnya dicekoki ahok tai kering yg disangka pisang goreng maka buyarlah otaknya jadi idiot . <link>""",1.0,False
Non-bullying,<username> tolong pk persiden<username> usut tuntas yg fitnah guru kami ustadz abdul somad .,"""<username> tolong pk persiden<username> usut tuntas yg fitnah guru kami ustadz abdul somad .""",1.0,False
Non-bullying,<username> cara elegan anies ngomelin kasudin terkait rapbd 2020: setiap ada masalah akui lalu perbaiki kesalahan . saya tidak punya masalah dengan sebuah kesalahan tapi saya punya masalah dengan kesalahan yang sama dan berulang ! jadi gak perlu ngomong: lu taik semua ! taik .. taik .. ! ðÿ¤£ <link>,"""<username> Cara ELEGAN Anies ngomelin KASUDIN terkait RAPBD 2020: Setiap ada masalah akui lalu perbaiki kesalahan . Saya tidak punya masalah dengan sebuah KESALAHAN tapi saya punya masalah dengan KESALAHAN YANG SAMA DAN BERULANG ! Jadi gak perlu ngomong: LU TAIK SEMUA ! TAIK .. TAIK .. ! ðŸ¤£ <link>""",1.0,False
Non-bullying,<username> iya nanti di atas sosialita pasti,"""<username> Iya nanti di atas sosialita pasti""",1.0,False
Non-bullying,akhirnya mulai ditunjukkan dan dipermalukan orang orang yang menzalimi <username> . tidak perlu beliau tunjukkan tuhan yang akan tunjukkan . <hashtag> <hashtag>,"""akhirnya mulai ditunjukkan dan dipermalukan orang orang yang menzalimi <username> . tidak perlu beliau tunjukkan Tuhan yang akan tunjukkan . <hashtag> <hashtag>""",1.0,False
Non-bullying,orang goblok juga punya cita-cita .,"""Orang goblok juga punya cita-cita .""",1.0,False
Non-bullying,<username> <hashtag> the best ðÿ˜¬,"""<username> <hashtag> The Best ðŸ˜¬""",1.0,False
Bullying,maaf sih bapak jokowi . indo saat ini bukan negara hukum :( jangan sok tidak tahu bapak <hashtag>,"""Maaf sih bapak Jokowi . Indo saat ini BUKAN negara hukum :( Jangan sok tidak tahu bapak <hashtag>""",0.0,True
Bullying,indahnya <hashtag> setelah dipimpin <username> .. prestasi yang tidak bisa ditiru jokowi dan ahok.. <hashtag>,"""Indahnya <hashtag> setelah dipimpin <username> .. Prestasi yang tidak bisa ditiru Jokowi dan Ahok.. <hashtag>""",0.0,True
Non-bullying,tmen kos aku lgi grabfutin minuman dan mamang grabnya lama bgt mala muter2 dong . stlah 20mnt mamang grbnya dtang dan bngung ini mnuman dmna ya trnyata ama mmang grbnya di msukin jok mtor dong:( dan itu mnuman udah pda banjir di dlem jokðÿ˜­ðÿ˜­,"""tmen kos aku lgi grabfutin minuman dan mamang grabnya lama bgt mala muter2 dong . stlah 20mnt mamang grbnya dtang dan bngung ini mnuman dmna ya trnyata ama mmang grbnya di msukin jok mtor dong:( dan itu mnuman udah pda banjir di dlem jokðŸ˜­ðŸ˜­""",1.0,False
Non-bullying,damai itu bukan soal kedewasaan damai itu tercipta dengan sendirinya jika ada keadilan <hashtag>,"""Damai itu bukan soal kedewasaan Damai itu tercipta dengan sendirinya jika ada Keadilan <hashtag>""",1.0,False
Non-bullying,tak tahu malu ditegur dengan cara halus masih saja punya akal bulus !,"""Tak tahu malu ditegur dengan cara halus masih saja punya akal bulus !""",1.0,False
Non-bullying,<username> selamat min aku mau juga dong menang : <hashtag>,"""<username> Selamat min aku mau juga dong menang : <hashtag>""",1.0,False
Non-bullying,hmmmmm dari keterangan pihak rs tarakan ini berarti <username> juga harus di periksa . <hashtag> <hashtag>,"""Hmmmmm dari keterangan pihak RS Tarakan ini berarti <username> juga harus di periksa . <hashtag> <hashtag>""",1.0,False
Bullying,wihh ! jkt48 keren juga nih lipsyncnya . jaya terus permusikan indonesia .,"""Wihh ! JKT48 keren juga nih Lipsyncnya . Jaya terus permusikan Indonesia .""",0.0,True
Non-bullying,saat raga ini tidak bisa bersama mendoakan yang terbaik adalah salah satu bentuk dukungan dari jarak yang harus memisahkan . <hashtag>',"""Saat raga ini tidak bisa bersama mendoakan yang terbaik adalah salah satu bentuk dukungan dari jarak yang harus memisahkan . <hashtag>'""",1.0,False
Non-bullying,hidupnya capres 02 itu selalu diwarnai denga hoax dan hoax,"""Hidupnya capres 02 itu selalu diwarnai denga hoax dan hoax""",1.0,False
Bullying,anak zaman now itu makin pintar ... makin pintar ilmunya makin pintar bohongnya makin pintar bikin alesan makin pintar......................,"""Anak zaman now itu makin pintar ... Makin pintar ilmunya makin pintar bohongnya makin pintar bikin alesan makin pintar......................""",0.0,True
Bullying,subbhanallah...partai allah rusuh. ??,"""Subbhanallah...Partai Allah rusuh. ??""",0.0,True
Bullying,bagi-bagi di bungkus dengan pencitraan . hmm makin kelihatan <hashtag>,"""Bagi-bagi di bungkus dengan pencitraan . Hmm Makin kelihatan <hashtag>""",0.0,True
Non-bullying,<username> <username> <username> apalagi hanya sekedar kerabat / keluarga pejabat mantan koruptor aja masih bisa terpilih . jadi gak tau lagi yg dungu ini demokrasinya atau pelaku demokrasinya .,"""<username> <username> <username> Apalagi hanya sekedar kerabat / keluarga pejabat mantan koruptor aja masih bisa terpilih . Jadi gak tau lagi yg dungu ini demokrasinya atau pelaku demokrasinya .""",1.0,False
Non-bullying,musyawarah internal sembilan hakim mk akan mendapatkan dan menghasilkan putusan yang seadil-adilnya untuk kepentingan bangsa negara dan rakyat . <hashtag>,"""Musyawarah internal sembilan hakim MK akan mendapatkan dan menghasilkan putusan yang seadil-adilnya untuk kepentingan bangsa negara dan rakyat . <hashtag>""",1.0,False
Non-bullying,tipu lah dunia ini dengan senyum biar orang tidak ada yang tau betapa buruknya hidup ini . . . . <hashtag> <hashtag> <hashtag> <hashtag> <hashtag> <link>,"""Tipu lah dunia ini dengan senyum biar orang tidak ada yang tau betapa buruknya hidup ini . . . . <hashtag> <hashtag> <hashtag> <hashtag> <hashtag> <link>""",1.0,False
Non-bullying,<username> semoga jaya terus menjadi partai nomor satu di indonesia <hashtag>,"""<username> Semoga Jaya terus menjadi partai nomor satu di Indonesia <hashtag>""",1.0,False
Non-bullying,apakah ada atm setebal tempe?,"""Apakah ada ATM setebal tempe?""",1.0,False
Non-bullying,main dengan semangat dan menang !!! <hashtag>,"""Main dengan semangat dan menang !!! <hashtag>""",1.0,False
Bullying,di dalam call center pusat hoax sebaiknya kubu 02 <hashtag> <hashtag> seharusnya untuk lebih fokus membuat program kerja dan memberikan hal positif bukan nya menebar hoax yang aneh dan tidak jelas fakt nya?' 1,"""Di dalam call center pusat hoax sebaiknya kubu 02 <hashtag> <hashtag> seharusnya untuk lebih fokus membuat program kerja dan memberikan hal positif bukan nya menebar hoax yang aneh dan tidak jelas fakt nya?' 1""",0.0,True
Non-bullying,<username> <username> <username> ramekan aki.....kebijakan sontoloyo mntri kkp ... ã°å¸ëœâ¬,"""<username> <username> <username> Ramekan aki.....kebijakan sontoloyo mntri kkp ... Ã°Å¸ËœÂ¬""",1.0,False
Non-bullying,jakarta tetap banjir mana katanya toa bisa kasih alert ke masyarakat tpi ternyata tidak <hashtag> <hashtag>,"""Jakarta tetap banjir mana katanya TOA bisa kasih alert ke masyarakat tpi ternyata tidak <hashtag> <hashtag>""",1.0,False
Bullying,kenapa korea selatan sekarang menjadi sistem pendidikan terbaik didunia ? karena tidak ada netizen indonesia <hashtag>,"""kenapa korea selatan sekarang menjadi sistem pendidikan terbaik didunia ? Karena tidak ada netizen indonesia <hashtag>""",0.0,True
Non-bullying,semoga paduka yg mulia <username> tidak terkena virus corona walaupun paduka skrg terserang virus china .. <hashtag>,"""Semoga paduka yg mulia <username> tidak terkena virus corona walaupun paduka skrg terserang virus china .. <hashtag>""",1.0,False
Non-bullying,pingin ketawa gwe liat anak sarjana tapi otak anak tk so yang salah bukan univ nya tapi otak sih ontong nih geserek <hashtag>,"""Pingin ketawa gwe liat anak sarjana tapi otak anak TK so yang salah bukan univ nya tapi otak sih ontong nih geserek <hashtag>""",1.0,False
Bullying,hadiah tahun baru 2020 dari anies yaitu banjir di jakarta di mana mana .,"""Hadiah tahun baru 2020 dari ANIES yaitu banjir di jakarta di mana mana .""",0.0,True
Bullying,kolam raksasa yang dijanjikan <username> akhirnya terwujud di awal tahun 2020 ini terima kasih bapak anies ! kami tunggu kelanjutan lainnya . <hashtag>,"""kolam raksasa yang dijanjikan <username> akhirnya terwujud di awal tahun 2020 ini terima kasih bapak anies ! kami tunggu kelanjutan lainnya . <hashtag>""",0.0,True
Bullying,hasil kerja bapak anies yang sudah terlihat hasilnya .. yaitu banjirrrrrrrrr <username>,"""Hasil kerja bapak Anies yang sudah terlihat hasilnya .. yaitu Banjirrrrrrrrr <username>""",0.0,True
Non-bullying,sudahlah mengenang masalalu hanya membuatmu kecewa . namun sambutlah masadepan dengan penuh pengharapan :d,"""Sudahlah mengenang masalalu hanya membuatmu kecewa . Namun sambutlah masadepan dengan penuh pengharapan :D""",1.0,False
Non-bullying,ini kalau om wowo <hashtag> punya hati busuk dan merasa banyak salah perempuan islam cadar menjalankan syariat dianggap intel . dikit-dikit takut dan di curigai capres kok gak percaya diri . om wowo selesain urusan pribadi dulu om baru maju capres . ^_^ <username>,"""Ini kalau om wowo <hashtag> punya hati busuk dan merasa banyak salah Perempuan Islam cadar menjalankan syariat dianggap intel . Dikit-dikit takut dan di curigai capres kok gak percaya diri . Om wowo selesain urusan pribadi dulu om baru maju capres . ^_^ <username>""",1.0,False
Non-bullying,susah manusia klo sudah terbiasa berdusta itu sudah menjadi hoby.,"""Susah manusia klo sudah terbiasa berdusta itu sudah menjadi hoby.""",1.0,False
Non-bullying,gaya hidup sosialita ... giliran sakit ingin dikasihani .... ckckckkck,"""Gaya hidup sosialita ... giliran sakit ingin dikasihani .... ckckckkck""",1.0,False
Non-bullying,<username> <username> <username> <username> ishhh ishhh rasisnya kampungan kali,"""<username> <username> <username> <username> Ishhh ishhh rasisnya kampungan kali""",1.0,False
Non-bullying,kabar gembira: hendra setiawan/mohammad ahsan sukses menjadi kampiun all england 2019 mengalahkan ganda putra malaysia,"""Kabar gembira: Hendra Setiawan/Mohammad Ahsan sukses menjadi kampiun All England 2019 mengalahkan ganda putra Malaysia""",1.0,False
Non-bullying,smg ak baik2 saja dikos ini sendirian tolol bgt njir gapernah takut sm kos sendiriã°å¸â„¢â€š,"""smg ak baik2 saja dikos ini sendirian tolol bgt njir gapernah takut sm kos sendiriÃ°Å¸â„¢â€š""",1.0,False
Non-bullying,<username> <username> <username> <username> <username> <username> kerasukan nyi roro kidul,"""<username> <username> <username> <username> <username> <username> Kerasukan nyi roro kidul""",1.0,False
Bullying,novanto 22 kali berobat keluar lapas itu artinya 22 kali pula novanto jalan jalan bukan untuk berobat tapi plesiran ... ?? penyakit yang paling parah diderita setyanovanto adalah syaraf otaknya kejepit,"""Novanto 22 kali berobat keluar lapas itu artinya 22 kali pula Novanto jalan jalan bukan untuk berobat tapi plesiran ... ?? Penyakit yang paling parah diderita setyanovanto adalah syaraf otaknya kejepit""",0.0,True
Non-bullying,<username> ketemu sama <username> ga ya? =)) <link>,"""<username> Ketemu sama <username> ga ya? =)) <link>""",1.0,False
Non-bullying,ya allah ngerasa tolol bat gue,"""ya allah ngerasa tolol bat gue""",1.0,False
Bullying,vooting seluruh wni pasti menang bapak menteri daripada kadal kebon,"""vooting seluruh WNI pasti menang bapak menteri daripada kadal kebon""",0.0,True
Non-bullying,masih banyak yang beban nya lebih besar di luar sana gapapa namanya juga belajar menghadapi kerasanya dunia luar .,"""Masih banyak yang beban nya lebih besar di luar sana gapapa namanya juga belajar menghadapi kerasanya dunia luar .""",1.0,False
Non-bullying,<username> <username> aku butuh bgt uang nya : <hashtag>,"""<username> <username> aku butuh bgt uang nya : <hashtag>""",1.0,False
Non-bullying,yuk sekolah lagi dulu yuk belajar bahasa indonesia lagi dulu sebelum ngetwit ... bahaya . masa ga tau bedanya majas sarkasme hiperbola dan adab sopan santun . meski cuma nge fangirling tapi kl ga punya ilmu yg mumpuni juga ga baik:),"""Yuk sekolah lagi dulu yuk belajar bahasa Indonesia lagi dulu sebelum ngetwit ... Bahaya . Masa ga tau bedanya majas sarkasme hiperbola dan adab sopan santun . Meski cuma nge fangirling tapi kl ga punya ilmu yg mumpuni juga ga baik:)""",1.0,False
Non-bullying,<username> zuuul ..gk usah lihat israel ..lihat aja pemprov dki mmberi pnghrgaan diskotik terbaik ..tp mngapa anda diam 1000 basa . bknkh diskotik tmptny mksiat knp anda dn gnpf ulama gk demo2 berjilid jilid ..apa krn anis junjungn km jd km gk berani krit,"""<username> Zuuul ..gk usah lihat israel ..lihat aja pemprov DKI mmberi pnghrgaan DISKOTIK terbaik ..tp mngapa anda diam 1000 basa . Bknkh diskotik tmptny mksiat knp anda dn GNPF ulama gk demo2 berjilid jilid ..apa krn anis junjungn km jd km gk berani krit""",1.0,False
Non-bullying,kementerian kelautan dan perikanan (kkp) menggelar upacara serah terima jabatan (sertijab) dari susi pudjiastuti ke edhy prabowo (sumber: okezone) . <hashtag> <hashtag> <hashtag> <hashtag> <hashtag> <hashtag> <hashtag> <hashtag> <hashtag> <hashtag> <link>,"""Kementerian Kelautan dan Perikanan (KKP) menggelar upacara serah terima jabatan (sertijab) dari Susi Pudjiastuti ke Edhy Prabowo (Sumber: Okezone) . <hashtag> <hashtag> <hashtag> <hashtag> <hashtag> <hashtag> <hashtag> <hashtag> <hashtag> <hashtag> <link>""",1.0,False
Non-bullying,<username> <username> ahhh masa sihhh <username> ? tuh ada anak calonin jadi pejabat solo . eh gimana kabar beras bulog ? suara kalian mana para makhluk ganjen nan centil ??? ?,"""<username> <username> Ahhh Masa sihhh <username> ? Tuh ada anak calonin jadi pejabat solo . Eh gimana kabar beras Bulog ? Suara kalian mana para makhluk ganjen nan centil ??? ?""",1.0,False
Bullying,masa ia kami yang hanya duduk dan main hp saja jadi kena getah'a? <hashtag> <hashtag> <hashtag> <hashtag> <hashtag>,"""Masa ia kami yang hanya duduk dan main hp saja jadi kena getah'a? <hashtag> <hashtag> <hashtag> <hashtag> <hashtag>""",0.0,True
Bullying,jokowi ngaku keberhasilannya divestasi freeport mencegah kebakaran hutan dan pro e-commerce . pdhl semua omong kosong semata.,"""Jokowi Ngaku Keberhasilannya Divestasi Freeport Mencegah Kebakaran Hutan dan Pro E-Commerce . Pdhl semua omong kosong semata.""",0.0,True
Bullying,sebagai perempuan harus kuat lucinta luna semangat bang,"""Sebagai perempuan harus kuat Lucinta Luna Semangat bang""",0.0,True
Non-bullying,<username> <username> karna dia tolol jadi gabisa mikir ã°å¸â„¢æ’,"""<username> <username> karna dia tolol jadi gabisa mikir Ã°Å¸â„¢Æ’""",1.0,False
Non-bullying,pokoknya harus berjuang untuk menang !,"""Pokoknya harus berjuang untuk menang !""",1.0,False
Non-bullying,<username> baru saya tahu makhluk tuhan yang ngaku islam paling bener ternyata berjanggut tapi mulut nya kotor ngatain orang anjing seenaknya . kadrun berjanggut sontoloyo,"""<username> Baru saya tahu makhluk Tuhan yang ngaku islam paling bener ternyata berjanggut tapi mulut nya kotor ngatain orang anjing seenaknya . Kadrun berjanggut sontoloyo""",1.0,False
Non-bullying,terbaik memang kemenag indonesia ... <hashtag> <link>,"""TERBAIK MEMANG KEMENAG INDONESIA ... <hashtag> <link>""",1.0,False
Non-bullying,susah kalo janji temu sama para pejabat <username> <username> &amp; ust . burhan . minus bang dhio yg pulang duluan <link>,"""Susah kalo janji temu sama para pejabat <username> <username> &amp; ust . Burhan . Minus Bang Dhio yg pulang duluan <link>""",1.0,False
Bullying,selamat ya gaes ..jd duta dusta indonesia,"""Selamat ya gaes ..jd duta dusta indonesia""",0.0,True
Non-bullying,mari kita dukung terus kerja nyata pak jokowi <username> <hashtag>,"""Mari kita dukung terus kerja nyata pak jokowi <username> <hashtag>""",1.0,False
Non-bullying,<username> gerombolan kadrun nalarnya tolol jd klw ngomong ya begini kwalitasnya gk nyambung .. sebutkan siapa/dmn dan oleh siapa fpi diperkusi . sdh lapor <username> tdk.?,"""<username> Gerombolan kadrun nalarnya tolol jd klw ngomong ya begini kwalitasnya gk nyambung .. Sebutkan siapa/dmn dan oleh siapa fpi diperkusi . Sdh lapor <username> tdk.?""",1.0,False
Non-bullying,<hashtag> syok lihat uang cash inul daratista rp 10 juta nia ramadhani sindir tajam: gete <link>,"""<hashtag> Syok Lihat Uang Cash Inul Daratista Rp 10 Juta Nia Ramadhani Sindir Tajam: Gete <link>""",1.0,False
Non-bullying,<hashtag> pr nadiem sngt berat .. <username> <username> <link>,"""<hashtag> PR Nadiem sngt berat .. <username> <username> <link>""",1.0,False
Bullying,namun takut kritikan yang abid didengungkan prabohong tidak pernah punya asal usul yg jelas alias tak berdata .,"""namun takut kritikan yang abid didengungkan prabohong tidak pernah punya asal usul yg jelas alias tak berdata .""",0.0,True
Non-bullying,kata polisi soal pengakuan sopir ambulance gerindra bawa batu di rusuh 22 mei,"""Kata Polisi soal Pengakuan Sopir Ambulance Gerindra Bawa Batu di Rusuh 22 Mei""",1.0,False
Non-bullying,<username> tetap semangat terus berjalan walau ada rintangan di perjalanan <hashtag>,"""<username> Tetap semangat terus berjalan walau ada rintangan di perjalanan <hashtag>""",1.0,False
Non-bullying,di indonesia majalah tempo yang sastrawi bisa blingsatan oleh ulah netizen . puncak tragedinya pengakuan orang yang mendungu-dungukan liyan tapi ngaku akun twitternya dicuri orang dungu <hashtag>,"""Di Indonesia Majalah Tempo yang sastrawi bisa blingsatan oleh ulah netizen . Puncak tragedinya pengakuan orang yang mendungu-dungukan liyan tapi ngaku akun twitternya dicuri orang dungu <hashtag>""",1.0,False
Non-bullying,<username> <username> <username> <username> <username> tuhan gak perlu di takuti dasar pekok lu . !!!!! tuhan harus di sembah serta jalani ajaran nya tidak perlu di takuti .yg perlu di takuti itu preman yg suka nggarong duit rakyat dki .,"""<username> <username> <username> <username> <username> Tuhan gak perlu di takuti dasar pekok Lu . !!!!! Tuhan harus di sembah serta jalani ajaran nya tidak perlu di takuti .yg perlu di takuti itu preman yg suka nggarong duit rakyat DKI .""",1.0,False
Non-bullying,<username> <username> mungkin memang dari ngebuzzer lebih seksi daripada sekedar jadi dokter . apalagi bisa cawe2 sama penguasa dan mantan penguasa .,"""<username> <username> Mungkin memang dari ngebuzzer lebih seksi daripada sekedar jadi dokter . Apalagi bisa cawe2 sama penguasa dan mantan penguasa .""",1.0,False
Bullying,selamat datang di indonesia di mana ucapan tidak suka akan selalu dianggap sebagai menyebar kebencian,"""Selamat datang di Indonesia di mana ucapan tidak suka akan selalu dianggap sebagai menyebar kebencian""",0.0,True
Non-bullying,<username> <username> udah ngetop?? udah gak laku maksudnya??ðÿ˜…,"""<username> <username> Udah Ngetop?? Udah GAK LAKU maksudnya??ðŸ˜…""",1.0,False
Bullying,budayakan membaca isi berita nya bong .. jangan asal komen !! goblok di piara,"""budayakan membaca isi berita nya bong .. jangan asal komen !! goblok di piara""",0.0,True
Bullying,mantap gerindra garda terdepan membela anies,"""Mantap Gerindra Garda Terdepan Membela Anies""",0.0,True
Bullying,<username> kan tukang ... dia ... racun membedakan psk online dan non online.. makanya hrs di giniin dulu baru tahu fox confirm ã°ã¿â¤â£ã°ã¿â¤â£ã°ã¿â¤â£,"""<username> kan tukang ... dia ... racun membedakan psk online dan non online.. makanya hrs di giniin dulu baru tahu fox confirm Ã°Ã¿Â¤Â£Ã°Ã¿Â¤Â£Ã°Ã¿Â¤Â£""",0.0,True
Bullying,besok btp keluar dari tahanan ..biar dia kafir aseng tapi dia hadapin semua prosedur hukum baik dari pemeriksaan sampai ke pengadilan ..tidak pakai acara minta penangguhan keringanan apalagi ampe kabur!!! <hashtag>,"""Besok BTP keluar dari tahanan ..biar dia kafir aseng tapi dia hadapin semua prosedur hukum baik dari pemeriksaan sampai ke pengadilan ..tidak pakai acara minta penangguhan keringanan apalagi ampe kabur!!! <hashtag>""",0.0,True
Non-bullying,<username> <username> kok jd ngatain mom goblok?!,"""<username> <username> Kok jd ngatain mom goblok?!""",1.0,False
Bullying,wah keren. . . koruptor saja mau dijadikan kapolri. . .wkwkwk apa kata dunia?,"""Wah keren. . . Koruptor saja mau dijadikan kapolri. . .wkwkwk apa kata dunia?""",0.0,True
Non-bullying,alhamdulillah suatu kebanggaan bisa bertatap dengan orang-orang yang menginspirasi <username> <username> <username> <username>,"""Alhamdulillah suatu kebanggaan bisa bertatap dengan orang-orang yang menginspirasi <username> <username> <username> <username>""",1.0,False
Non-bullying,berdiri di lahan fasos fasum enam reklame di jakarta utara ditertibkan sabtu (30/11). <link> <username> <username> <username> <hashtag> <hashtag> <hashtag> <hashtag> <hashtag> <hashtag>,"""Berdiri di Lahan Fasos Fasum Enam Reklame di Jakarta Utara Ditertibkan Sabtu (30/11). <link> <username> <username> <username> <hashtag> <hashtag> <hashtag> <hashtag> <hashtag> <hashtag>""",1.0,False
Non-bullying,<username> <username> daripada ngaku saudaranya dpr ya mending pura pura kesurupan terus minta es buah sama gorengan,"""<username> <username> Daripada ngaku saudaranya DPR ya mending pura pura kesurupan terus minta es buah sama gorengan""",1.0,False
Non-bullying,<username> betapa rakyat kecil dipinggiran sana di pulau pulau terluar jawa sedang menikmati pembangunan jalan tol yang dibuat sang presiden jokowi- jk . dengan bangganya masyarakat dipinggiran perbatasan antara negara berterima kasih buat jokowi - jk yang tela membangun pos pos perbatasan .,"""<username> BETAPA RAKYAT KECIL DIPINGGIRAN SANA DI PULAU PULAU TERLUAR JAWA SEDANG MENIKMATI PEMBANGUNAN JALAN TOL YANG DIBUAT SANG PRESIDEN JOKOWI- JK . DENGAN BANGGANYA MASYARAKAT DIPINGGIRAN PERBATASAN ANTARA NEGARA BERTERIMA KASIH BUAT JOKOWI - JK YANG TELA MEMBANGUN POS POS PERBATASAN .""",1.0,False
Non-bullying,dasar kau bajingan polos hahaha - -,"""Dasar kau bajingan polos hahaha - -""",1.0,False
Non-bullying,ooh ternyata si hercules sang provokator rusuh semalam <hashtag> <hashtag> <hashtag>,"""ooh ternyata si hercules sang provokator rusuh semalam <hashtag> <hashtag> <hashtag>""",1.0,False
Non-bullying,<username> pendapat sy sbg publik apa yg dipersoalkan dan dilaporkan oleh <username> sudah benar adanya dan menjadi hak preogatif ybs sbg anggota dewan mewakili konstituennya . pendapata anggota dewan dprd dki asal <username> ini justru bias dan berpotensi dewan tdk berani transparan .,"""<username> Pendapat sy sbg publik apa yg dipersoalkan dan dilaporkan oleh <username> sudah benar adanya dan menjadi hak preogatif ybs sbg anggota dewan mewakili konstituennya . Pendapata anggota dewan DPRD DKI asal <username> ini justru BIAS dan berpotensi dewan tdk berani TRANSPARAN .""",1.0,False
Non-bullying,awas lu zonk ... diciduk nanti jangan nangis <hashtag> <hashtag> <hashtag>,"""AWAS LU ZONK ... DICIDUK NANTI JANGAN NANGIS <hashtag> <hashtag> <hashtag>""",1.0,False
Bullying,mengagumkan .. sungguh sangat amat transparan .. <hashtag>,"""mengagumkan .. sungguh sangat amat transparan .. <hashtag>""",0.0,True
Non-bullying,sekolah itu asik yang ga asik itu gurunya^-^ jelang siang .... <hashtag> <hashtag> <hashtag> <hashtag> <hashtag>,"""Sekolah itu asik yang ga asik itu gurunya^-^ Jelang siang .... <hashtag> <hashtag> <hashtag> <hashtag> <hashtag>""",1.0,False
Non-bullying,gak ngebayang tuh parabongs kalau jokowi berbaik hubungan dgn anies kembali . bisa makin kalap tuh parabongs . partaipun jadi tambah sontoloyo . <link>,"""Gak ngebayang tuh parabongs kalau jokowi berbaik hubungan dgn Anies kembali . Bisa makin kalap tuh parabongs . Partaipun jadi tambah sontoloyo . <link>""",1.0,False
Non-bullying,sekali mereka akan turun gelanggang setelah stgh abad lebih ... mereka mnjadi yg trgarang mmberantas pki dan sekarang ... mereka akan menjadi yg tergarang pula menjadi pemberantas hti (eks) dan kroni2nya <hashtag> <hashtag> <link>,"""Sekali mereka akan turun gelanggang Setelah stgh abad lebih ... mereka mnjadi yg trgarang mmberantas PKI Dan sekarang ... mereka akan menjadi yg tergarang pula menjadi pemberantas HTI (eks) dan KRONI2NYA <hashtag> <hashtag> <link>""",1.0,False
Non-bullying,kelompok ini harus disadarkan . karena jelas menghambat dan susah di ajak maju . tindakannya anarkhis menganggu keamanan dan ketertiban merusak fasilitas umum ujung-ujungnya salahkan petugas . <hashtag> <hashtag> <link>,"""Kelompok ini harus disadarkan . Karena jelas menghambat dan susah di ajak maju . Tindakannya anarkhis menganggu keamanan dan ketertiban merusak fasilitas umum ujung-ujungnya salahkan petugas . <hashtag> <hashtag> <link>""",1.0,False
Non-bullying,<username> <username> skrg bahkan makin kepanasan mbak apalagi kl pak ps jd ke as disambut dg baik / istimewa ..ðÿ˜†ðÿ’ƒ,"""<username> <username> Skrg bahkan makin kepanasan mbak apalagi kl pak PS jd ke AS disambut dg baik / istimewa ..ðŸ˜†ðŸ’ƒ""",1.0,False
Bullying,perdana menteri australia dan pemimpin oposisi sibuk kampanye dalam hal isu kesehatan . mereka main data dan fokus pada peningkatan pelayanan terbaik untuk warga . siapapun yang kelak terpilih yang menang adalah seluruh warga australia; bukan hanya â€˜kecebongâ€™ dan â€˜kampretâ€™ :d,"""Perdana Menteri Australia dan Pemimpin Oposisi sibuk kampanye dalam hal isu kesehatan . Mereka main data dan fokus pada peningkatan pelayanan terbaik untuk warga . Siapapun yang kelak terpilih yang menang adalah seluruh warga Australia; bukan hanya â€˜kecebongâ€™ dan â€˜kampretâ€™ :D""",0.0,True
Non-bullying,<username> <username> hak veto tidak akan menghapuskan uud .. <link>,"""<username> <username> hak veto tidak akan menghapuskan UUD .. <link>""",1.0,False
Non-bullying,pak nadiem seperti musuh bagi para boomer yg tdk mau beradaptasi dg perubahan yg ada <link>,"""Pak Nadiem seperti musuh bagi para Boomer yg tdk mau beradaptasi dg perubahan yg ada <link>""",1.0,False
Bullying,indonesia itu keren. koruptor dapet uang pensiun. fak,"""Indonesia itu keren. Koruptor dapet uang pensiun. FAK""",0.0,True
Non-bullying,kepesertaan bpjs kesehatan di sragen terendah di wilayah jateng-diy <hashtag> <hashtag> <link>,"""Kepesertaan BPJS Kesehatan di Sragen Terendah di Wilayah Jateng-DIY <hashtag> <hashtag> <link>""",1.0,False
Non-bullying,pusing hidup pengen jadi nia ramadhani aja ah,"""Pusing hidup pengen jadi Nia Ramadhani aja ah""",1.0,False
Non-bullying,anjing kamu ðÿ‘¿ðÿ‘¿ðÿ‘¿ marah3,"""Anjing kamu ðŸ‘¿ðŸ‘¿ðŸ‘¿ marah3""",1.0,False
Non-bullying,menggelikan logika pendukung jokowi baik timses maupun yang mengaku ilmuwan . jokowi menyerang personal tidak dianggap negatif bahkan keunggulan jokowi . jokowi menyerang personal prabowo dan ini satu kesalahan besar . kelihatan aslinya ! <hashtag>,"""Menggelikan logika pendukung Jokowi baik timses maupun yang mengaku ilmuwan . Jokowi menyerang personal tidak dianggap negatif bahkan keunggulan Jokowi . Jokowi menyerang personal Prabowo dan ini satu kesalahan besar . Kelihatan aslinya ! <hashtag>""",1.0,False
Non-bullying,jangankan pak jk masyarakat awam pun akan pesimis masalahnya kondisi ekonomi indonesia yg sedang mengenaskan kalo di tambah seperti ini bisa makin amburadul pak jokowi lupa kalo ini indonesia bukan amerika <link> .com/jk-pesimis-dengan-wacana-tunjangan-pengangguran-jokowi/ â€¦ <hashtag>,"""jangankan Pak JK masyarakat awam pun akan pesimis masalahnya kondisi ekonomi Indonesia yg sedang mengenaskan kalo di tambah seperti ini bisa makin amburadul pak jokowi lupa kalo ini Indonesia bukan Amerika <link> .com/jk-pesimis-dengan-wacana-tunjangan-pengangguran-jokowi/ â€¦ <hashtag>""",1.0,False
Non-bullying,astaga gua senoob ini kah ngupas salak sampe berdarah-darah? ðÿ˜¶ sianying masa gua segolongan ama nia ramadhani?! <link>,"""Astaga gua senoob ini kah ngupas salak sampe berdarah-darah? ðŸ˜¶ sianying masa gua segolongan ama Nia Ramadhani?! <link>""",1.0,False
Bullying,hebat juga ya bapak <username> janji kampanye ditepati ... kolam besar dki hidup bapak anies .... hidup pendukungnya para kadrun,"""Hebat juga ya bapak <username> janji kampanye ditepati ... kolam besar dki Hidup bapak Anies .... hidup pendukungnya para kadrun""",0.0,True
Non-bullying,anda sudah melanggar uu it dengan menebar hoax data thn . 2013 dikatakan thn . 216 masyarakat sudah cerdas bro .. !! salam,"""ANDA SUDAH MELANGGAR UU IT DENGAN MENEBAR HOAX DATA THN . 2013 DIKATAKAN THN . 216 MASYARAKAT SUDAH CERDAS BRO .. !! SALAM""",1.0,False
Non-bullying,tgupp aja kita gak tau siapa anggotanya apa target kerjanya dan mana hasilnya? yang aku bingung itu gaji tiap bulan masuk ke akun siapa? siapa yang punya wewenang untuk audit? wan aibon aku ingatkan ya <hashtag> <hashtag> <hashtag> cc <username> ðÿ™,"""TGUPP aja kita gak tau siapa anggotanya apa target kerjanya dan mana hasilnya? Yang aku bingung itu gaji tiap bulan masuk ke akun siapa? Siapa yang punya wewenang untuk audit? Wan aibon aku ingatkan ya <hashtag> <hashtag> <hashtag> cc <username> ðŸ™""",1.0,False
Non-bullying,<username> emang di undang?,"""<username> Emang di undang?""",1.0,False
Non-bullying,<username> <username> <username> <username> nantang <username> semoga direalisasikan oleh <username> ðÿ™ðÿ™ðÿ™,"""<username> <username> <username> <username> nantang <username> Semoga direalisasikan oleh <username> ðŸ™ðŸ™ðŸ™""",1.0,False
Non-bullying,<username> rezim sontoloyo,"""<username> Rezim Sontoloyo""",1.0,False
Non-bullying,ternyata kabinet itu lebih mewakili partai daripada rakyat . apakah ini kematian atau kebangkitan? <hashtag> <hashtag> <hashtag>,"""Ternyata kabinet itu lebih mewakili partai daripada rakyat . Apakah ini kematian atau kebangkitan? <hashtag> <hashtag> <hashtag>""",1.0,False
Bullying,<username> partai allah ? ... ... . apik dicontoh ... ngamin ngamin ... msh mo ngotot anda ...,"""<username> partai allah ? ... ... . apik dicontoh ... ngamin ngamin ... msh mo ngotot anda ...""",0.0,True
Non-bullying,<username> ini namanya ulama goblok ulaman tolol .ko tempat maksiat di kasih penghargaan .colloseum menyerap para perek x dri alexis goblok .jdi najis gw cmnts trhdp para dajjal yg halal di haramkan dn yg haram di halalkan,"""<username> Ini namanya ulama goblok ulaman tolol .Ko tempat maksiat di kasih penghargaan .Colloseum menyerap para perek x Dri Alexis goblok .jdi najis gw Cmnts trhdp para Dajjal yg Halal di haramkan dn yg Haram di halalkan""",1.0,False
Non-bullying,dia gak suka sama kamu goblok dia cuma suka guyonanmu paham gak su?,"""dia gak suka sama kamu goblok dia cuma suka guyonanmu paham gak su?""",1.0,False
Non-bullying,dalam kapitalisme dg sistem demokrasinya ... kebohongan adalah keniscayaan..,"""dalam kapitalisme dg sistem demokrasinya ... kebohongan adalah keniscayaan..""",1.0,False
Non-bullying,<username> insya allah prabowo sandi menang aamiin,"""<username> Insya Allah Prabowo Sandi menang aamiin""",1.0,False
Bullying,prestasi gabener anies di musim hujan ini bisa membuat kolam renang di tengah rumah warga dg banjir kiriman yang barokah . banjir ini bukan musibah jadi tidak perlu diantisipasi cukup dg doa . fokus ayo tebak benda-benda apakah yang lagi mengambang itu? <hashtag>,"""PRESTASI GABENER Anies Di Musim Hujan ini Bisa Membuat Kolam Renang Di Tengah Rumah Warga dg Banjir Kiriman yang barokah . Banjir ini BUKAN MUSIBAH Jadi tidak Perlu Diantisipasi Cukup dg Doa . FOKUS Ayo TEBAK Benda-benda apakah yang lagi mengambang itu? <hashtag>""",0.0,True
Non-bullying,melihat sekuritas bumn yang sempoyongan karena menanggung saham garuda yang tak terjual muncul inisiatif dari menteri bumn yang saat itu dijabat dahlan iskan untuk menjual saham garuda kepada investor strategis . <hashtag>,"""Melihat sekuritas BUMN yang sempoyongan karena menanggung saham Garuda yang tak terjual muncul inisiatif dari Menteri BUMN yang saat itu dijabat Dahlan Iskan untuk menjual saham Garuda kepada investor strategis . <hashtag>""",1.0,False
Bullying,hari ini akan tercatat dalam sejarah bahwa ada seseorang yang telah berulang kali mencalonkan diri dan selalu gagal untuk menjadi the presiden <hashtag>,"""Hari ini akan tercatat dalam sejarah bahwa ada seseorang yang telah berulang kali mencalonkan diri dan selalu gagal untuk menjadi The Presiden <hashtag>""",0.0,True
Non-bullying,<username> kebalikkk ...,"""<username> Kebalikkk ...""",1.0,False
Non-bullying,gak tau apa apa yang pebting bisa berkuasa <hashtag>,"""Gak tau apa apa yang pebting bisa berkuasa <hashtag>""",1.0,False
Bullying,ini hadiah besar dari pa anies 2020 kita dukung bapak anies supaya dapat nobel prize thn 2020?????????????? dari jakarta hingga bekasi ini sejumlah wilayah yang banjir .,"""Ini hadiah besar dari pa ANIES 2020 kita dukung bapak ANIES supaya dapat NOBEL PRIZE THN 2020?????????????? Dari Jakarta hingga Bekasi Ini Sejumlah Wilayah yang Banjir .""",0.0,True
Bullying,hasil karya terbaiks gabener <username> disebabkan kelalaian keangkuhan dan kegengsian melanjutkan kebijakan gubernur terdahulu yang terbukti berhasil menangani banjir <hashtag> <hashtag> <hashtag> <hashtag>,"""Hasil karya terbaiks gabener <username> disebabkan kelalaian keangkuhan dan kegengsian melanjutkan kebijakan gubernur terdahulu yang terbukti berhasil menangani banjir <hashtag> <hashtag> <hashtag> <hashtag>""",0.0,True
Non-bullying,peradaban kapitalisme tidak akan pernah bisa mengatur distribusi kekayaan secara merata .,"""Peradaban kapitalisme tidak akan pernah bisa mengatur distribusi kekayaan secara merata .""",1.0,False
Non-bullying,tentara nasional indonesia sorong orang tani di manokwari supaya melaksanakan ketetapan hati hutan di syrian arab news agency <hashtag> <hashtag> <hashtag> <hashtag> <hashtag> <link>,"""Tentara Nasional Indonesia sorong orang tani di Manokwari supaya melaksanakan ketetapan hati hutan di Syrian Arab News Agency <hashtag> <hashtag> <hashtag> <hashtag> <hashtag> <link>""",1.0,False
Non-bullying,debat saling nge bandingin beban hidup lebih beratan mana ekwkekkeke kadang kalau org tolol debat kadang suka seru aja yang bgini segala di bandingin gak sekalian umbar aib u berdua wkwkwkkwkwkwkww,"""Debat saling nge bandingin beban hidup lebih Beratan mana ekwkekkeke kadang kalau org tolol debat kadang suka Seru aja yang bgini segala di bandingin gak sekalian Umbar aib u berdua wkwkwkkwkwkwkww""",1.0,False
Bullying,dulu kalian milih anis kan bukan karna program kerjanya karna kalian seagama . mampus lahh kao skrg punya gubernur tidak punya program kerja . aku tidak suka ya agama dijadiin embel2 dalam politik . nanti allah marah . kalau tidak nepatin janjinya . <hashtag> <hashtag>,"""dulu kalian milih Anis kan bukan karna program kerjanya karna kalian seagama . Mampus lahh kao skrg punya gubernur tidak punya program kerja . Aku tidak suka ya agama dijadiin embel2 dalam politik . Nanti Allah marah . kalau tidak nepatin janjinya . <hashtag> <hashtag>""",0.0,True
Bullying,<username> kabar riang kawan jangan pesimis ã°ã¿â€˜å“ ekonomi akan meroket tahun 2021 ã°ã¿ëœâ€° tapi kabar buruk nya yg ngomong penyemu ã°ã¿â¤â£ <hashtag>,"""<username> kabar riang kawan jangan pesimis Ã°Ã¿â€˜Å“ ekonomi akan meroket tahun 2021 Ã°Ã¿Ëœâ€° tapi kabar buruk nya yg ngomong penyemu Ã°Ã¿Â¤Â£ <hashtag>""",0.0,True
Non-bullying,yang pernah dipimpin oleh beliau tweet dengan tagar <hashtag> <hashtag> <link>,"""Yang pernah dipimpin oleh beliau tweet dengan tagar <hashtag> <hashtag> <link>""",1.0,False
Non-bullying,ingin ku jambak ginjalnya <hashtag>,"""Ingin ku jambak ginjalnya <hashtag>""",1.0,False
Bullying,ayo jadikan diskotik sebagai ujung tombak kebahagiaan jakarta . mumpung gnpf sudah mendukung pemberian penghargaan kepada diskotik . mr dan <username> mmg beruntung punya pendukung sprt gnpf . maju diskotiknya bahagia pendukungnya,"""Ayo jadikan diskotik sebagai ujung tombak kebahagiaan Jakarta . Mumpung GNPF sudah mendukung pemberian penghargaan kepada diskotik . Mr Dan <username> mmg beruntung punya pendukung sprt GNPF . Maju Diskotiknya Bahagia Pendukungnya""",0.0,True
Non-bullying,kartu pra kerja itu ibarat direktur yang terlibat banyak utang harta perusahaan udah ludes gaji ampir ga lebayar . trus dia bilang ke direksi percayalah sama saya nanti saya kasih anda kartu pra pailit <hashtag>,"""Kartu Pra Kerja itu ibarat Direktur yang terlibat banyak utang harta perusahaan udah ludes gaji ampir ga lebayar . Trus dia bilang ke Direksi Percayalah sama saya nanti saya kasih anda Kartu Pra Pailit <hashtag>""",1.0,False
Non-bullying,tentang pemerintahan kepemimpinan kekuasaan semua sudah di atur oleh allah allah punya rencana yg indah untuk bangsa ini jika tak bisa merubah jgn merusak tapi doakanlah <hashtag> <hashtag> <hashtag>,"""Tentang pemerintahan kepemimpinan kekuasaan Semua sudah di atur oleh Allah Allah punya rencana yg indah untuk bangsa ini jika tak bisa merubah jgn merusak tapi doakanlah <hashtag> <hashtag> <hashtag>""",1.0,False
Non-bullying,stop jangan suka memprovokasi sesama bangsa indonesia <hashtag> <hashtag> <hashtag> <hashtag> <hashtag> <hashtag> <hashtag>,"""Stop jangan suka memprovokasi sesama bangsa Indonesia <hashtag> <hashtag> <hashtag> <hashtag> <hashtag> <hashtag> <hashtag>""",1.0,False
Non-bullying,<username> semoga bisa wujudin keinginan yg belum tercapai <hashtag>,"""<username> Semoga bisa wujudin keinginan yg belum tercapai <hashtag>""",1.0,False
Non-bullying,bentar lagi bangkrut lu .. <hashtag>,"""Bentar lagi bangkrut lu .. <hashtag>""",1.0,False
Non-bullying,<username> <username> bagus bos .tapi biar dak jadi gado gado .tugasnya sbg menhan dinomer satukan .manteb pak prabowo .,"""<username> <username> Bagus bos .tapi biar dak jadi gado gado .tugasnya sbg menhan dinomer satukan .manteb pak prabowo .""",1.0,False
Non-bullying,pada mei 2015 peresmian proyek pembangunan makassar new port oleh presiden <username> . kondisi selama ini pelabuhan m\u2026 <link>,"""Pada Mei 2015 Peresmian Proyek pembangunan Makassar New Port oleh Presiden <username> . Kondisi selama ini pelabuhan M\u2026 <link>""",1.0,False
Bullying,terima kasih pak <username> <hashtag>,"""Terima Kasih Pak <username> <hashtag>""",0.0,True
Non-bullying,jangan putus asa dulu teruslah berjuang karena pelaut hebat tak pernah lahir di laut yg tenang :),"""Jangan putus asa dulu teruslah berjuang karena pelaut hebat tak pernah lahir di laut yg tenang :)""",1.0,False
Non-bullying,<hashtag> apapun hasilnya kita semua tetap cinta nkri ðÿ‘,"""<hashtag> Apapun hasilnya kita semua tetap cinta NKRI ðŸ‘""",1.0,False
Bullying,kalau misal memang ada keluhan trhadap perhatian pemerintah sampaikanlah scara lgsg kpd bapak jokowi . kan anda sndiri yang blg kalau anda sdh anggap beliau sprti bpk sndiri . beliau psti trbukan dgn masukan anda & bknnya malah bkin tweet macam itu.,"""kalau misal memang ada keluhan trhadap perhatian pemerintah sampaikanlah scara lgsg kpd bapak jokowi . Kan anda sndiri yang blg kalau anda sdh anggap beliau sprti bpk sndiri . Beliau psti trbukan dgn masukan anda & bknnya malah bkin tweet macam itu.""",0.0,True
Non-bullying,<username> hadeuh .. kebiasaan para gerombolan psi nih bikin penyesatan bukan psi namanya kalo gak bikin tolol . bacot dulu urusan belakangan . kaya si <username> pekok ini .,"""<username> HADEUH .. KEBIASAAN PARA GEROMBOLAN PSI NIH BIKIN PENYESATAN BUKAN PSI NAMANYA KALO GAK BIKIN TOLOL . BACOT DULU URUSAN BELAKANGAN . KAYA SI <username> PEKOK ini .""",1.0,False
Non-bullying,setelah dinyatakan bebas atas kasus pembunuhan kim jong-nam . aisyah akhirnya pulang ke tanah air dgn bahagia . trimakasih pak jokowi serta mentri yg terkait <hashtag> <username> <username> <username>,"""setelah dinyatakan bebas atas kasus pembunuhan Kim Jong-nam . Aisyah akhirnya pulang ke tanah air dgn bahagia . Trimakasih pak jokowi serta mentri yg terkait <hashtag> <username> <username> <username>""",1.0,False
Non-bullying,<username> <username> itu tanda prabowo tidak ambisi harta klu berkuasa,"""<username> <username> Itu tanda Prabowo tidak ambisi harta klu berkuasa""",1.0,False
Non-bullying,<username> <username> <username> <username> <username> mantap ini bg mantap rekonsiliasi bangsa itu no satu,"""<username> <username> <username> <username> <username> Mantap ini bg mantap Rekonsiliasi bangsa itu no satu""",1.0,False
Non-bullying,<username> ternyata cuman sambilan doank nie jadi mentri nya hahaha . <username> <username>,"""<username> ternyata cuman sambilan doank nie jadi mentri nya hahaha . <username> <username>""",1.0,False
Non-bullying,ya ampun eva celia suaranya ðÿ˜,"""Ya ampun Eva Celia Suaranya ðŸ˜""",1.0,False
Bullying,dua keahlian terbaik gabener wan aibon: 1 . lepas tangan 2 . tata kata,"""Dua Keahlian Terbaik Gabener Wan Aibon: 1 . Lepas Tangan 2 . Tata Kata""",0.0,True
Non-bullying,perbanyaklah membaca cerdas biar ngak dicap goblok,"""Perbanyaklah membaca CERDAS biar ngak dicap goblok""",1.0,False
Non-bullying,<username> yeuuuu anjing tolol bangsat gak guna lo goblok,"""<username> YEUUUU ANJING TOLOL BANGSAT GAK GUNA LO GOBLOK""",1.0,False
Non-bullying,selamat atas di tetapkannya pak idham azis sebagai kapolri yang baru ... <username> <username> <link>,"""Selamat atas Di tetapkannya Pak Idham Azis sebagai Kapolri yang Baru ... <username> <username> <link>""",1.0,False
Non-bullying,maju psi ... pemberani dan menginspirasi kaum milenial,"""Maju PSI ... pemberani dan menginspirasi kaum milenial""",1.0,False
Non-bullying,sumpala nilai uts gua gada yg diatas 50 anjir goblok banget semester 1 aja udah begini gimana kedepannya awokoawkoawkowa,"""sumpala nilai uts gua gada yg diatas 50 anjir goblok banget semester 1 aja udah begini gimana kedepannya awokoawkoawkowa""",1.0,False
Non-bullying,menteri adu lucu bareng bedu . bedu kalah lucu di banding para menteri ... stop korupsi sekecil apapun korupsi tetaplah korupsi ... <link>,"""Menteri adu lucu bareng Bedu . Bedu kalah lucu di banding para menteri ... STOP korupsi sekecil apapun korupsi tetaplah korupsi ... <link>""",1.0,False
Non-bullying,aing tolol bangetkan,"""Aing tolol bangetkan""",1.0,False
Non-bullying,<username> <username> <hashtag> akankah buat penguasa adil ... aku rasa tidak,"""<username> <username> <hashtag> Akankah buat penguasa adil ... Aku rasa tidak""",1.0,False
Bullying,yes semua aku adu aku disini liatin kamu sambil niup suling bambu aku tidak mau maju biar orang lain yang mati dulu maafkan kelakuan ku memang selalu begitu . - rais kakek tua bau sampah <hashtag> <hashtag> <hashtag>,"""Yes semua aku adu aku disini liatin kamu sambil niup suling bambu aku tidak mau maju biar orang lain yang mati dulu maafkan kelakuan ku memang selalu begitu . - rais kakek tua bau sampah <hashtag> <hashtag> <hashtag>""",0.0,True
Non-bullying,demo berjilid jilid ijtima berjilid jilid akhirnya dapat penghargaan diskotik cara kelompok nasi bungkus bertahan hidup <link>,"""Demo berjilid jilid Ijtima berjilid jilid Akhirnya dapat penghargaan diskotik Cara kelompok Nasi Bungkus bertahan hidup <link>""",1.0,False
Non-bullying,assalamualaikum saya imbau saudara saudara sekalian memaklumi saya atas akun kemaren <hashtag>,"""Assalamualaikum saya imbau saudara saudara sekalian memaklumi saya atas akun kemaren <hashtag>""",1.0,False
Non-bullying,<username> <username> jika sudah tegas menghapus materi khilafah maka tegas juga dong bubarkan fpi agar pedagang khilafah tdk punya tempat menyusup . selama ini fpi di jadikan tunggangan setelah hti di bubarkan . <hashtag> <link>,"""<username> <username> Jika sudah tegas menghapus Materi Khilafah maka tegas juga dong bubarkan FPI agar pedagang Khilafah tdk punya tempat menyusup . Selama ini FPI di jadikan tunggangan setelah HTI di bubarkan . <hashtag> <link>""",1.0,False
Non-bullying,kalian mendzolimi aparat polisi namun mereka tetap sabar <hashtag>,"""kalian mendzolimi aparat polisi namun mereka tetap sabar <hashtag>""",1.0,False
Bullying,akhirnya saya bisa tahu hal positif yang lucinta luna punya ???????? positif narkoba,"""Akhirnya saya bisa tahu hal positif yang Lucinta Luna punya ???????? Positif narkoba""",0.0,True
Non-bullying,<username> <username> ya harus kerja keras bagai kuda biar bisa beli atau cari crazy rich people biar bisa beli berlian tiap hari ala nia ramadhani ðÿ˜€ðÿ˜œ,"""<username> <username> Ya harus kerja keras bagai kuda biar bisa beli atau cari crazy rich people biar bisa beli berlian tiap hari ala Nia Ramadhani ðŸ˜€ðŸ˜œ""",1.0,False
Non-bullying,<username> <username> <username> <username> <username> <username> <username> <username> <username> <username> <username> <username> <username> <username> aebut saja si maher yng tidak mahir alias si soni yng sontoloyo .,"""<username> <username> <username> <username> <username> <username> <username> <username> <username> <username> <username> <username> <username> <username> Aebut saja si Maher yng tidak Mahir alias si Soni yng sontoloyo .""",1.0,False
Bullying,wawww ... amanjing bangettttts <hashtag> <hashtag>,"""Wawww ... amanjing bangettttts <hashtag> <hashtag>""",0.0,True
Bullying,aku kangen manusia yang dulu . manusia yang kalau ribut itu tinjunya dikepal bukan hanya pakai jempol.,"""Aku kangen manusia yang dulu . Manusia yang kalau ribut itu tinjunya dikepal bukan hanya pakai jempol.""",0.0,True
Bullying,kasus novel baswedan sudah mengalami kemajuan krik ... krik ... krik ... dah setahun lebih tidak ada perkembangan apa pun ! <hashtag>,"""Kasus Novel Baswedan sudah mengalami kemajuan Krik ... Krik ... Krik ... Dah setahun lebih tidak ada perkembangan apa pun ! <hashtag>""",0.0,True
Non-bullying,menolong adalah komunikasi terbaik ðÿ¤˜ðÿ’ª <hashtag> <hashtag>,"""Menolong adalah komunikasi terbaik ðŸ¤˜ðŸ’ª <hashtag> <hashtag>""",1.0,False
Non-bullying,<username> iya kan tolol hhhh terus ge ketemu dia di booth exit tunes sedangkan gue ngga pas ke boothnya kzl bgt,"""<username> IYA KAN TOLOL HHHH TERUS GE KETEMU DIA DI BOOTH EXIT TUNES SEDANGKAN GUE NGGA PAS KE BOOTHNYA KZL BGT""",1.0,False
Non-bullying,siapa nih temen lo yg bisa dapet ini?? <hashtag> <hashtag> <hashtag> <hashtag> <hashtag> <link>,"""Siapa nih temen lo yg bisa dapet ini?? <hashtag> <hashtag> <hashtag> <hashtag> <hashtag> <link>""",1.0,False
Non-bullying,<username> prestasi united dah cukup hambar bagi aku kahkahkah,"""<username> Prestasi United dah cukup hambar bagi aku kahkahkah""",1.0,False
Bullying,welcome to indonesia yang dmn pelaku pembullyan dibela pelaku pemerkosa ditutup identitasnya dan korban pemerkosannya disalahkan dr segala sudut pandang??,"""Welcome to indonesia yang dmn pelaku pembullyan dibela pelaku pemerkosa ditutup identitasnya dan korban pemerkosannya disalahkan dr segala sudut pandang??""",0.0,True
Non-bullying,<username> <username> wiiih 3 media yang dukung,"""<username> <username> wiiih 3 media yang dukung""",1.0,False
Bullying,kalau bgtu tempe lebih berharga juga dri pda kau . <hashtag> mu itu membuat kami muak ..,"""Kalau bgtu tempe lebih berharga juga dri pda kau . <hashtag> mu itu membuat kami muak ..""",0.0,True
Non-bullying,curang curang curang . disuruh buktikan malah bawa print out berita online . jangan cuma teriak curang tp ga bisa ka <link>,"""Curang curang curang . Disuruh buktikan malah bawa PRINT OUT BERITA ONLINE . JANGAN CUMA TERIAK CURANG TP GA BISA KA <link>""",1.0,False
Non-bullying,<hashtag> â€œsaya beribu-ribu terima kasih atas bantuan pemerintah kita â€ kata siti aisyah . <hashtag>,"""<hashtag> â€œSaya beribu-ribu terima kasih atas bantuan pemerintah kita â€ kata Siti Aisyah . <hashtag>""",1.0,False
Non-bullying,<username> <username> <username> <username> yg baru yg diandalkan oleh rakyat .,"""<username> <username> <username> <username> Yg baru yg diandalkan oleh rakyat .""",1.0,False
Non-bullying,seperti maling yg dipenjarakan oleh bandarnya sendiri :p :p,"""Seperti maling yg dipenjarakan oleh bandarnya sendiri :P :P""",1.0,False
Non-bullying,<username> rezim cebong sontoloyo membuat rakyat sengsara.. .. !!,"""<username> Rezim Cebong sontoloyo membuat rakyat sengsara.. .. !!""",1.0,False
Bullying,nu dan muhammadiyah menarik jadi rebutan kekuasaan . sungguh blunder tim sukses yang membully keduanya . :),"""NU dan Muhammadiyah menarik jadi rebutan kekuasaan . Sungguh blunder tim sukses yang membully keduanya . :)""",0.0,True
Non-bullying,<username> satpam hatiku juga tetap pejabat hatiku,"""<username> satpam hatiku juga tetap pejabat hatiku""",1.0,False
Bullying,<username> kabar gembira kawan jangan pesimis ?? ekonomi akan meroket tahun 2021 ?? tapi kabar buruk nya yang ngomong pembohong ?? <hashtag>,"""<username> Kabar gembira kawan jangan pesimis ?? Ekonomi akan meroket tahun 2021 ?? Tapi kabar buruk nya yang ngomong pembohong ?? <hashtag>""",0.0,True
Non-bullying,yaa alloh dapat kabar kaya gini ... bener-bener sekarang moto <hashtag> sudah ganti dengan gotong royong semua tertodong ã°å¸ëœâ± <link>,"""Yaa Alloh dapat kabar kaya gini ... Bener-bener sekarang moto <hashtag> sudah ganti DENGAN GOTONG ROYONG SEMUA TERTODONG Ã°Å¸ËœÂ± <link>""",1.0,False
Non-bullying,cuaca hari ini cerah semoga kedepan indonesia juga cerah dengan bangkitnya islam . dimulai dari negeri dengan garis pantai terpanjang di dunia ini semoga islam bisa terus berkembang belahan dunia lain seperti dulu 13 abad silam . <hashtag> <hashtag>,"""Cuaca hari ini cerah semoga kedepan Indonesia juga cerah dengan bangkitnya Islam . Dimulai dari negeri dengan garis pantai terpanjang di dunia ini semoga Islam bisa terus berkembang belahan dunia lain seperti dulu 13 abad silam . <hashtag> <hashtag>""",1.0,False
Non-bullying,bowok lagi produksi hoax terus,"""Bowok lagi produksi hoax terus""",1.0,False
Non-bullying,mulutnya melebihi mulut emak ngoceh muak dah <hashtag>,"""Mulutnya melebihi mulut emak ngoceh muak dah <hashtag>""",1.0,False
Non-bullying,akhirnya terkuak sudah dan bisa digagalkan oleh kepolisian <hashtag> <hashtag> <link>,"""Akhirnya terkuak sudah dan bisa digagalkan oleh kepolisian <hashtag> <hashtag> <link>""",1.0,False
Non-bullying,<username> menag cuk.... pecat ... ã°å¸ëœâ¡ <hashtag>,"""<username> Menag cuk.... Pecat ... Ã°Å¸ËœÂ¡ <hashtag>""",1.0,False
Bullying,terima kasih pak <username> kami yg bukan warga dki bisa dikasih kesempatan melihat <hashtag> yg penuh air <hashtag>,"""Terima kasih pak <username> kami yg bukan warga DKI bisa dikasih kesempatan melihat <hashtag> yg penuh air <hashtag>""",0.0,True
Non-bullying,kementerian riset dan pendidikan tinggi menyebut salah satu kelompok penerima kartu indonesia pintar atau kip kuliah adalah siswa-siswa yang sebelumnya telah terdaftar sebagai pemegang kartu indonesia pintar . <hashtag> <link>,"""Kementerian Riset dan Pendidikan Tinggi menyebut salah satu kelompok penerima Kartu Indonesia Pintar atau KIP Kuliah adalah siswa-siswa yang sebelumnya telah terdaftar sebagai pemegang Kartu Indonesia Pintar . <hashtag> <link>""",1.0,False
Non-bullying,hidup udah kaya motor angop nyendat - nyendat <hashtag> <hashtag>,"""hidup udah kaya motor angop NYENDAT - NYENDAT <hashtag> <hashtag>""",1.0,False
Non-bullying,kabur kemana bang ga ngetwit? sekalinya muncul <username> malah ketangkep nyabu <hashtag>,"""Kabur kemana bang ga ngetwit? Sekalinya muncul <username> malah ketangkep nyabu <hashtag>""",1.0,False
Non-bullying,when dana anggaran ormas lancar lidah pun dapat berlipat ganda . dan bisa-bisa nya ada hesteg <hashtag> smcm ini . hadehh negara dpt berkembang saat kedewasaan pd masyarakat nya tercapai . nah ini? pantes negara ini stagnan :) <link>,"""When dana anggaran Ormas lancar lidah pun dapat berlipat ganda . Dan bisa-bisa nya ada hesteg <hashtag> smcm ini . Hadehh negara dpt berkembang saat kedewasaan pd masyarakat nya tercapai . Nah ini? Pantes negara ini stagnan :) <link>""",1.0,False
Non-bullying,hahha ..kita kena trima perubahanã°å¸ëœå’ aku masih ingat mak aku marah aku sebab sebut lol ... die ckp \'x baik kata org tolol\' ; zmn die lol tu tolol <link>,"""Hahha ..kita kena trima perubahanÃ°Å¸ËœÅ’ aku masih ingat mak aku marah aku sebab sebut LOL ... die ckp \'x baik kata org tolol\' ; zmn die lol tu tolol <link>""",1.0,False
Non-bullying,gapernah ngasih disuruh nabung mau nabung apaan w kocak tolol ah,"""gapernah ngasih disuruh nabung mau nabung apaan w kocak tolol ah""",1.0,False
Non-bullying,<username> namanya jg rezim suka2ðÿ¤£ <hashtag> <hashtag> <hashtag>,"""<username> Namanya jg rezim suka2ðŸ¤£ <hashtag> <hashtag> <hashtag>""",1.0,False
Non-bullying,<username> <username> masih juga congkak ... walaupun ngemis2 jabatan ... malu dong ... !!!,"""<username> <username> Masih juga congkak ... Walaupun ngemis2 jabatan ... Malu dong ... !!!""",1.0,False
Non-bullying,mari bersama kita jaga keamanan di bumi cenderawasih <hashtag> <link>,"""Mari bersama kita jaga keamanan di bumi cenderawasih <hashtag> <link>""",1.0,False
Non-bullying,jangan sekali-kali menyakiti hati orang tua . hormati dan sayangilah mereka. <username> <username>\u2026 <link>,"""Jangan sekali-kali menyakiti hati orang tua . Hormati dan sayangilah mereka. <username> <username>\u2026 <link>""",1.0,False
Non-bullying,luar biasa ada pejabat ngasi penghargaan buat diskotik . kenapa gak sekalian bikin diskotik award aja?,"""Luar biasa ada pejabat ngasi penghargaan buat diskotik . Kenapa gak sekalian bikin diskotik Award aja?""",1.0,False
Non-bullying,<username> amerika kita lawan china kita lawan pelanggaran ham di manapun kita lawan kita suarakan yg tolol itu lu dan gerombolan setiap hari menjilat naikin tagar ujung2 nya si jae jgn di usik terdakwa nya itu2 aja fpi dan hti kan goblok,"""<username> amerika kita lawan china kita lawan pelanggaran ham di manapun kita lawan kita suarakan yg tolol itu lu dan gerombolan setiap hari menjilat naikin tagar ujung2 nya si jae jgn di usik terdakwa nya itu2 aja fpi dan hti kan goblok""",1.0,False
Non-bullying,di dunia internasional jakarta juga mempunyai julukan j-town,"""Di dunia internasional Jakarta juga mempunyai julukan J-Town""",1.0,False
Non-bullying,gejala islamophobia menggejala di kalangan pejabat . ganti saja ... <hashtag> . <hashtag> <hashtag> <hashtag> arsyasya3 <link> ilmuutama bocahdolan1,"""Gejala islamophobia menggejala di kalangan pejabat . Ganti saja ... <hashtag> . <hashtag> <hashtag> <hashtag> ArsyaSya3 <link> ilmuutama Bocahdolan1""",1.0,False
Non-bullying,<username> <username> kepala sakit leher ke bawah gak bakalan enak . pemimpin sontoloyo bawahan bego . ã°å¸ëœâ€¦ã°å¸ëœâ€¦ã°å¸ëœâ€¦,"""<username> <username> kepala SAKIT leher ke bawah gak bakalan enak . pemimpin sontoloyo bawahan bego . Ã°Å¸Ëœâ€¦Ã°Å¸Ëœâ€¦Ã°Å¸Ëœâ€¦""",1.0,False
Non-bullying,<username> dasar dokter tolol gw sering ikut mengasistensi dan membantu para pptk ppk kpa dalam menyusun hps dan anggaran banyak faktor teknis dan parameter yang harus diperhatikan . jangan asal bacot dokter tolol .,"""<username> Dasar dokter tolol gw sering ikut mengasistensi dan membantu para PPTK PPK KPA dalam menyusun HPS dan anggaran banyak faktor teknis dan parameter yang harus diperhatikan . Jangan asal bacot DOKTER TOLOL .""",1.0,False
Non-bullying,<username> <username> banyak spyware di mobil dinas alat sadap ðÿ§ðÿ¤“,"""<username> <username> banyak spyware di mobil dinas alat sadap ðŸ§ðŸ¤“""",1.0,False
Bullying,pencetus kalimat partai allah mengedukasi generasi spesies untuk saling berujar kebencian <hashtag>,"""pencetus kalimat partai allah mengedukasi generasi spesies untuk saling berujar kebencian <hashtag>""",0.0,True
Non-bullying,goblok ! <link>,"""goblok ! <link>""",1.0,False
Non-bullying,demi allah gue mager bgt belajar lsp kaksjsjwisj tolong hamba mu yg terlalu tolol ini ya allah,"""Demi Allah gue mager bgt belajar lsp kaksjsjwisj tolong hamba mu yg terlalu tolol ini Ya Allah""",1.0,False
Non-bullying,<username> <username> nah . jadi sstem/software itu hny tool untuk membantu manusia . sistem sebagus apapun akan utilize/berguna tergantung penggunanya . sistem memang smart (specific measurable aggressive realistic time-bound) tetapi mestinya manusia lebih smart . <hashtag>,"""<username> <username> Nah . Jadi sstem/software itu hny tool untuk membantu manusia . Sistem sebagus apapun akan utilize/berguna tergantung penggunanya . Sistem memang SMART (Specific Measurable Aggressive Realistic Time-bound) tetapi mestinya manusia lebih smart . <hashtag>""",1.0,False
Bullying,semoga pihak sebelah make akal sehat dan sadar diri .. <hashtag>,"""Semoga pihak sebelah make akal sehat dan SADAR DIRI .. <hashtag>""",0.0,True
Non-bullying,<username> oh jd <username> tujuanya apa ada di dpr menutupi markup anggaran biar bisa mabok lem rame2?! ayo <username> hajar semua perampok2 anggaran mungkin si inggkar ini takut ketahuan pula boroknya .,"""<username> Oh jd <username> tujuanya apa ada di DPR menutupi markup anggaran biar bisa mabok lem rame2?! Ayo <username> hajar semua perampok2 anggaran mungkin si inggkar ini takut ketahuan pula boroknya .""",1.0,False
Non-bullying,yeeesss .... kira2 ada diskotik lagi nggak yg mau diberikan penghargaan serupa ? <link>,"""Yeeesss .... kira2 ada diskotik lagi nggak yg mau diberikan penghargaan serupa ? <link>""",1.0,False
Non-bullying,harapan baru pertanian indonesia . syahrul yasin limpo dipercaya sebagai menteri pertanian indonesia . aminnn . foto-foton lama beredar luas dan kembali viral .. . <hashtag> <hashtag> <hashtag> <hashtag>€¦ <link>,"""Harapan baru Pertanian Indonesia . Syahrul Yasin Limpo dipercaya sebagai menteri pertanian Indonesia . Aminnn . Foto-foton lama beredar luas dan kembali viral .. . <hashtag> <hashtag> <hashtag> <hashtag>€¦ <link>""",1.0,False
Bullying,dukung buka lapak sebatas tulisan doang :d :d belanja saja kagak pernah sok sokan dukung :d :d :d :d,"""Dukung Buka lapak sebatas tulisan doang :D :D belanja saja kagak pernah sok sokan dukung :D :D :D :D""",0.0,True
Bullying,saat fazdlizonk meninjau kondisi tanah longsor di puncak bogor sambil dipayungi bak raja tanah . ternyata dia punya vila di situ . jadi ini meninjau juga ada kepentingan pribadi dong . dasar penghina ulama,"""Saat FAZDLIZONK meninjau kondisi tanah longsor di Puncak Bogor sambil dipayungi bak raja tanah . Ternyata dia punya vila di situ . Jadi ini meninjau juga ada kepentingan pribadi dong . Dasar penghina Ulama""",0.0,True
Bullying,mereka bilang kalau panutan mereka yaitu wowo kalau ibadah tidak bilang-bilang . tapi ini ada bukti kalau ada undangan buat sholat jumat . yah gimana ini ya . malu sih gua jadi mereka .,"""Mereka bilang kalau panutan mereka yaitu Wowo kalau ibadah tidak bilang-bilang . Tapi ini ada bukti kalau ada undangan buat sholat jumat . Yah gimana ini ya . Malu sih gua jadi mereka .""",0.0,True
Bullying,katanya ulama jangan di hina lha anda nyebut ulama dengan kau .. kau ..,"""Katanya ulama jangan di hina lha anda nyebut ulama dengan kau .. kau ..""",0.0,True
Non-bullying,sepakat dgn pak nadiem . hafal tp gk memahami apa yg dipelajari hanya omong kosong . dan omong kosong ini yang perlu kita perbaiki agar menghasilkan sdm yg berkualitas &amp; berintegritas . <link>,"""Sepakat dgn pak Nadiem . Hafal tp gk memahami apa yg dipelajari hanya omong kosong . Dan omong kosong ini yang perlu kita perbaiki agar menghasilkan SDM yg berkualitas &amp; berintegritas . <link>""",1.0,False
Non-bullying,baru sadar kalo malam ini <hashtag> pantesan anjing disekitar sini pada demo kukira lagi kawenðÿ˜‚ rupanya lagi demo mbk kuntiðÿ˜‚ <link>,"""Baru sadar kalo malam ini <hashtag> pantesan anjing disekitar sini pada demo kukira lagi kawenðŸ˜‚ rupanya lagi demo mbk kuntiðŸ˜‚ <link>""",1.0,False
Non-bullying,keberhasilan <hashtag> di bidang teknologi bikin jokowi yakin dia bisa terapkan standar pendidikan yg sama bgi 300rb sekolah & 50jt pelajar indonesia (kompas 25/10) <hashtag> <hashtag>,"""Keberhasilan <hashtag> di bidang teknologi bikin Jokowi yakin dia bisa terapkan standar pendidikan yg sama bgi 300rb sekolah & 50jt pelajar indonesia (Kompas 25/10) <hashtag> <hashtag>""",1.0,False
Non-bullying,<username> goblok,"""<username> goblok""",1.0,False
Non-bullying,<hashtag> minta maaflah kpd korban 700 nyawa pemilu korban kerusuhan 21-22 mei korban aksi demo mahasiswa dan pelajar korban kerusuhan di wamena korban bencana alam ntb palu ambon . bukan kepada yg tidak kebagian kursi ! <link>,"""<hashtag> Minta maaflah kpd korban 700 nyawa Pemilu korban kerusuhan 21-22 Mei korban aksi demo mahasiswa dan pelajar korban kerusuhan di Wamena korban bencana alam NTB Palu Ambon . BUKAN KEPADA YG TIDAK KEBAGIAN KURSI ! <link>""",1.0,False
Non-bullying,gw bukan generasi yg mudah terhasut dengan kampanye provakatif firehos the falsehood,"""Gw bukan generasi yg mudah terhasut dengan kampanye provakatif firehos the falsehood""",1.0,False
Non-bullying,insyaallah pak <username> menang amin .,"""Insyaallah pak <username> menang Amin .""",1.0,False
Bullying,bapak bingung anak linglung anak-anak penjilat maksudnya ! :-) <hashtag>,"""Bapak bingung anak linglung Anak-anak penjilat maksudnya ! :-) <hashtag>""",0.0,True
Non-bullying,apa salahnya motor vario dia yg diparkir pake dibakar oleh preman makar anarkis itu ? apa ayo ! apa salahnya itu belinya pake kredit tau baru juga lunas setelah kredit 4 tahun ! <hashtag> <hashtag>,"""Apa salahnya motor vario dia yg diparkir pake dibakar oleh preman makar anarkis itu ? Apa ayo ! Apa salahnya itu belinya pake kredit tau baru juga lunas setelah kredit 4 tahun ! <hashtag> <hashtag>""",1.0,False
Non-bullying,((( semburan dusta ))) tapi iya sih,"""((( SEMBURAN DUSTA ))) Tapi iya sih""",1.0,False
Non-bullying,<username> berjuang terus mas bro ..jangan patah semangat ..jika tujuan-mu adalah mendapatkan ridho allah swt ..tak ada halangan yg mampu merintangi ..allahu akbar ..,"""<username> Berjuang terus mas bro ..jangan patah semangat ..jika tujuan-Mu adalah mendapatkan ridho Allah SWT ..tak ada halangan yg mampu merintangi ..Allahu Akbar ..""",1.0,False
Non-bullying,<username> <username> <username> di tanya apa jawab apa ..ðÿ˜‚,"""<username> <username> <username> Di tanya apa jawab apa ..ðŸ˜‚""",1.0,False
Non-bullying,<username> <username> yang bajingan bangsat itu yang beli lahan milik pemda dki sendiri .,"""<username> <username> yang bajingan bangsat itu yang beli lahan milik pemda DKI sendiri .""",1.0,False
Non-bullying,guys ... dapat salam dari indonesia ... bangunlah jiwanya bangunlah badannya untuk indonesia raya...<hashtag>,"""Guys ... Dapat salam dari INDONESIA ... bangunlah jiwanya Bangunlah Badannya untuk INDONESIA RAYA...<hashtag>""",1.0,False
Bullying,banjir itu berkah yakk? kalau begitu selamat deh buat warga jkt yang selalu diberkahi 4nies???? jangan lupa bertoa y gaess ... 4 miliar lho bukan kaleng-kaleng ?? <hashtag>,"""Banjir itu berkah yakk? kalau begitu Selamat deh buat warga JKT yang selalu diberkahi 4nies???? Jangan lupa Bertoa y gaess ... 4 miliar lho bukan kaleng-kaleng ?? <hashtag>""",0.0,True
Non-bullying,kasian banget ketilang :( padahal lengkap <hashtag> <link>,"""Kasian banget ketilang :( Padahal lengkap <hashtag> <link>""",1.0,False
Non-bullying,saya suka membaca komentar2 netijen di sosial media . tetiba menjadi serba ahli . ahli teknik ahli sistem ahli politik ahli ilmu ahli hisap dsb . plus dibumbui rasa dendam sarkasme . ã°å¸ëœâ,"""Saya suka membaca komentar2 netijen di sosial media . Tetiba menjadi serba AHLI . Ahli teknik ahli sistem ahli politik ahli ilmu ahli hisap dsb . Plus dibumbui rasa dendam sarkasme . Ã°Å¸ËœÂ""",1.0,False
Non-bullying,<username> penyanyi tolol,"""<username> PENYANYI TOLOL""",1.0,False
Bullying,terima kasih atas jasa bapak anies <hashtag> kembali trending . eh bukan ding itu antrian aer yang mau masuk ke saluran pembuangan . maap lord .??????,"""Terima kasih atas jasa bapak Anies <hashtag> kembali trending . Eh bukan ding itu antrian Aer yang mau masuk ke saluran pembuangan . Maap lord .??????""",0.0,True
Non-bullying,<username> 02 insya allah menang,"""<username> 02 insya Allah MENANG""",1.0,False
Non-bullying,<username> diem kamu anjing,"""<username> diem kamu anjing""",1.0,False
Non-bullying,<username> <username> kenangan yang tercecer wkwkwk <hashtag> <link>,"""<username> <username> Kenangan yang tercecer wkwkwk <hashtag> <link>""",1.0,False
Non-bullying,<username> ; yasudah saya sekalian minta pizza aja karena katanya gratis . populasi manusia kalau kamu kelaparan hahaha . habis katanya suka makan daging manusia \'kan? jangan sungkan-sungkan mengurangi populasi . ah tidak seaneh kamu sih . tapi cuk,"""<username> ; Yasudah saya sekalian minta pizza aja karena katanya gratis . Populasi manusia kalau kamu kelaparan hahaha . Habis katanya suka makan daging manusia \'kan? Jangan sungkan-sungkan mengurangi populasi . Ah tidak seaneh kamu sih . Tapi cuk""",1.0,False
Non-bullying,aku bangga hidup dengan identitasku sekarang . cewe kuat tegar pintar . akhirnya pasti baik aku percaya .,"""Aku bangga hidup dengan identitasku sekarang . Cewe kuat tegar pintar . Akhirnya pasti baik aku percaya .""",1.0,False
Bullying,mau sholat jumat kok pakai sebar pamflet . itu sholat jumat lagi diskonan ? -_-,"""Mau sholat jumat kok pakai sebar pamflet . Itu sholat jumat lagi diskonan ? -_-""",0.0,True
Non-bullying,<username> <username> <username> <username> beginilah umatmu . selalu menebar su\'udzon . padahal khusnudzon itu lebih baik dari <username> ðÿ˜œðÿ˜œ,"""<username> <username> <username> <username> beginilah umatmu . selalu menebar SU\'UDZON . Padahal khusnudzon itu lebih baik dari <username> ðŸ˜œðŸ˜œ""",1.0,False
Non-bullying,<username> <username> <username> <username> gerindra justru malu tuh udah lama tua tapi ngga bikin prestasi,"""<username> <username> <username> <username> Gerindra justru malu tuh udah lama tua tapi ngga bikin prestasi""",1.0,False
Bullying,lah ... ada yang bilang tiap rupiah melemah rp100 kita dapat rp1 7 trilun. sudah berapa ratus rupiah melemah tingglal dikalikan saja bapak lumayan sudah bisa buat nombokin pln yang rugi,"""Lah ... ada yang bilang tiap rupiah melemah Rp100 kita dapat Rp1 7 trilun. sudah berapa ratus rupiah melemah tingglal dikalikan saja bapak lumayan sudah bisa buat nombokin PLN yang rugi""",0.0,True
Bullying,gubernur pembohong ... gunernur yang paling benar bohongâ€™nya.!!! <hashtag>,"""Gubernur Pembohong ... Gunernur yang paling benar BOHONGâ€™nya.!!! <hashtag>""",0.0,True
Non-bullying,terima kasih bl yang baik............ gak papa pramel ini menjadi motivasi untuk menjadi lebih baik lagi yakkkkkkkkkkkkktities,"""Terima Kasih BL yang baik............ Gak papa Pramel ini menjadi motivasi untuk menjadi lebih baik lagi yakkkkkkkkkkkkktities""",1.0,False
Non-bullying,orang bijak mengerjakan sesuatu dengan segera apa yang orang bodoh lakukan pada akhirnya .,"""Orang bijak mengerjakan sesuatu dengan segera apa yang orang bodoh lakukan pada akhirnya .""",1.0,False
Bullying,yang sabar ya warga dki jakarta pimpinan ada di kelas gubernur hanya kelas kacangan ... <hashtag> <hashtag> <hashtag>,"""yang sabar ya warga DKI Jakarta Pimpinan ada di Kelas Gubernur hanya kelas Kacangan ... <hashtag> <hashtag> <hashtag>""",0.0,True
Non-bullying,mendikbud nadiem makarim tetap santai sembari terus melemparkan senyum khasnya saat bertemu para guru . <hashtag> <link>,"""Mendikbud Nadiem Makarim tetap santai sembari terus melemparkan senyum khasnya saat bertemu para guru . <hashtag> <link>""",1.0,False
Non-bullying,damailah indonesiaku <hashtag>,"""Damailah Indonesiaku <hashtag>""",1.0,False
Bullying,partai allah is the best. pan agamamu. amien rais tuhanmu... gapapa rusuh yang penting islam dan seiman .. takebeer!!!,"""Partai Allah is the best. PAN agamamu. Amien Rais Tuhanmu... Gapapa rusuh yang penting islam dan seiman .. TakeBeer!!!""",0.0,True
Non-bullying,<username> <link> urus yang kecil dulu broðÿ¤ªðÿ¤ªðÿ¤ª,"""<username> <link> urus yang kecil dulu broðŸ¤ªðŸ¤ªðŸ¤ª""",1.0,False
Non-bullying,kalian lihat mereka ini saudara kita semua mereka punya anak istri dan keluarga mereka juga ingin tenang dalam melaksanakan ibadah puasa tapi klian sanggup melakukan tindakan biadab hanya kbodohan kalian serta pmpin yang rakus <hashtag> <hashtag>,"""Kalian lihat mereka ini saudara kita semua mereka punya anak istri dan keluarga mereka juga ingin tenang dalam melaksanakan ibadah puasa tapi klian sanggup melakukan tindakan biadab hanya kbodohan kalian serta pmpin yang RAKUS <hashtag> <hashtag>""",1.0,False
Non-bullying,<username> <username> <username> ahh .... ngeles aje lu ngok .. !! tolol teriak tolol ... lucu,"""<username> <username> <username> Ahh .... ngeles aje lu ngok .. !! Tolol teriak tolol ... lucu""",1.0,False
Non-bullying,<username> <username> biasanya orang pinter itu suka minter-minterin . atau jangan-jangan lagi belajar cara mempengaruhi orang saat debat dgn cara membuyarkan lawan bicara dgn tdk memberi kesempatan lawan berbicara .,"""<username> <username> Biasanya orang pinter itu suka minter-minterin . Atau jangan-jangan lagi belajar cara mempengaruhi orang saat debat dgn cara membuyarkan lawan bicara dgn tdk memberi kesempatan lawan berbicara .""",1.0,False
Non-bullying,saya bercerita tugas-tugas saya jadi menteri . saya mengurangi tugas memberi kuliah . tetap jadi dosen . kerjaan tetap saya dosen menteri jadi sambilan kataâ mahfud . <hashtag> <link>,"""Saya bercerita tugas-tugas saya jadi menteri . Saya mengurangi tugas memberi kuliah . Tetap jadi dosen . Kerjaan tetap saya dosen menteri jadi sambilan kataÂ Mahfud . <hashtag> <link>""",1.0,False
Non-bullying,hallo <username> apa kabar? setelah beberapa saat lalu ingin menandingi kesultanan mimin <username> dgn imingâ² ga yg faktanya pemenang ga ada satupun dr twitter tp pgn trending di twitter ðÿ˜œðÿ‘ðÿ¤­ - tengok nih <hashtag> ðÿ˜šðÿ‘ situ apaan? <username> ðÿ˜œðÿ¤­ <link>,"""Hallo <username> apa kabar? Setelah beberapa saat lalu ingin menandingi Kesultanan mimin <username> dgn imingÂ² GA yg faktanya pemenang ga ada satupun dr twitter tp pgn trending di Twitter ðŸ˜œðŸ‘ðŸ¤­ - Tengok nih <hashtag> ðŸ˜ŠðŸ‘ Situ apaan? <username> ðŸ˜œðŸ¤­ <link>""",1.0,False
Non-bullying,bawang putih & bawang merah . revalina s . temat & nia ramadhani berharap ditayangin lagi di tv ... seru kayaknya ðÿ˜†ðÿ˜†ðÿ˜†,"""Bawang putih & bawang merah . Revalina S . Temat & Nia Ramadhani Berharap ditayangin lagi di tv ... Seru kayaknya ðŸ˜†ðŸ˜†ðŸ˜†""",1.0,False
Non-bullying,demi infrastruk duniawi yg dibanggakan makhluk allah terzalimi . kalau bijak dan arif serta tidak mengutamakan nafsu duniawi semata hal yg seperti ini tentu tak akan terjadi . semoga <username> tidak demikian sayang sama rakyat papa karena allah swt menyuruh kita menyayanginya .,"""Demi infrastruk duniawi yg dibanggakan makhluk Allah terzalimi . Kalau bijak dan arif serta tidak mengutamakan nafsu duniawi semata hal yg seperti ini tentu tak akan terjadi . Semoga <username> tidak demikian sayang sama rakyat papa karena Allah SWT menyuruh kita menyayanginya .""",1.0,False
Non-bullying,saat <username> puji prabowo soal ketelitian nya mengelola anggaran kementrian pertahanan .. ðÿ˜š pak <username> jgn nyindir pak <username> donk ahh ... ðÿ˜‚ðÿ˜‚ðÿ˜‚ðÿ˜‚ðÿ˜‚ <hashtag> <hashtag>,"""Saat <username> puji prabowo soal ketelitian nya mengelola anggaran kementrian pertahanan .. ðŸ˜Š Pak <username> jgn nyindir pak <username> donk ahh ... ðŸ˜‚ðŸ˜‚ðŸ˜‚ðŸ˜‚ðŸ˜‚ <hashtag> <hashtag>""",1.0,False
Non-bullying,wadaww kenapa dia kok bisa trending <hashtag>,"""Wadaww kenapa dia kok bisa trending <hashtag>""",1.0,False
Non-bullying,kalo udah merasa pintar apapun yg orang lain katakan ternyata bersebrangan pasti di anggap bodo ... dukung <hashtag>,"""kalo udah merasa pintar apapun yg orang lain katakan ternyata bersebrangan pasti di anggap bodo ... Dukung <hashtag>""",1.0,False
Bullying,tidak penting mementingkan manusia yang kepentingan untuk dirinya sendiri saja tidak ia pentingkan .. sampah ! <hashtag>,"""tidak penting mementingkan manusia yang kepentingan untuk dirinya sendiri saja tidak ia pentingkan .. Sampah ! <hashtag>""",0.0,True
Non-bullying,bentuk dukungan indonesia dalam meningkatkan mp pbb <hashtag> <hashtag>,"""Bentuk dukungan Indonesia dalam meningkatkan MP PBB <hashtag> <hashtag>""",1.0,False
Non-bullying,kata guru saya saya itu orangnya penghambur duit orang tua . ya selagi bisa menghamburkan kenapa tidak . . . . sarkasme <hashtag> <hashtag> <hashtag> <hashtag> <hashtag> <hashtag> <hashtag> <hashtag> <hashtag> <hashtag> <hashtag> <hashtag> <hashtag> <hashtag>,"""Kata guru saya saya itu orangnya penghambur duit orang tua . ya selagi bisa menghamburkan kenapa tidak . . . . SARKASME <hashtag> <hashtag> <hashtag> <hashtag> <hashtag> <hashtag> <hashtag> <hashtag> <hashtag> <hashtag> <hashtag> <hashtag> <hashtag> <hashtag>""",1.0,False
Bullying,kebenaran itu akan nampak walaupun terlambat skalipun telah <hashtag> .,"""Kebenaran itu akan nampak walaupun terlambat skalipun telah <hashtag> .""",0.0,True
Non-bullying,<username> <username> <username> goblok bgt deh kamu . hindu itu sudah ada dari 7000 tahun sebelum masehi . sedangkan islam baru ada thn 600 setelah masehi . lagian taj mahal itu kuil hindu yg didalamny kuburan . pasti kamu kira itu masjid ya? bukan !,"""<username> <username> <username> Goblok bgt deh kamu . Hindu itu sudah ada dari 7000 tahun SEBELUM MASEHI . sedangkan islam baru ada thn 600 SETELAH MASEHI . Lagian taj mahal itu kuil hindu yg didalamny kuburan . Pasti kamu kira itu masjid ya? Bukan !""",1.0,False
Non-bullying,ga sanggup mikir nya hahaha <hashtag>,"""Ga sanggup mikir nya hahaha <hashtag>""",1.0,False
Non-bullying,perang tagar masih terus berlanjut dan hari ini msh lerlanjut <hashtag>,"""Perang tagar masih terus berlanjut dan hari ini msh lerlanjut <hashtag>""",1.0,False
Non-bullying,<username> bikin keluhan via twitter/facebook tapi nggak ada jawaban <hashtag>,"""<username> BIKIN KELUHAN VIA TWITTER/FACEBOOK TAPI NGGAK ADA JAWABAN <hashtag>""",1.0,False
Non-bullying,<hashtag> generasi penerus harus lebih dioptimalkan dalam pendidikan mental spiritual yang positif ..agar kelak lebih mengutamakan kebaikan .. kejujuran .. keadilan .,"""<hashtag> Generasi penerus harus lebih dioptimalkan dalam pendidikan mental spiritual yang positif ..agar kelak lebih mengutamakan kebaikan .. kejujuran .. keadilan .""",1.0,False
Bullying,banjir telah tiba .. banjir telag tiba .. hore .. hore apa airnya masih antri masuk ke tanah bapak anies? <hashtag> <hashtag>,"""Banjir telah tiba .. Banjir telag tiba .. hore .. hore Apa airnya masih antri masuk ke tanah bapak Anies? <hashtag> <hashtag>""",0.0,True
Non-bullying,terimakasih banyak pak presiden . <hashtag>,"""Terimakasih banyak pak presiden . <hashtag>""",1.0,False
Bullying,pencetus kalimat partai allah mengedukasi generasi bangsa untuk saling berujar kebencian <hashtag>,"""Pencetus kalimat Partai Allah mengEdukasi generasi bangsa untuk saling berujar kebencian <hashtag>""",0.0,True
Bullying,jujur saya bagian dari relawan 212 <hashtag> banget pa,"""jujur saya bagian dari relawan 212 <hashtag> banget pa""",0.0,True
Non-bullying,kekuatan terbesar kita adalah pemuda . selamat memperingati sumpah pemuda 28 oktober 2019 . <hashtag> <hashtag> <hashtag> <hashtag> <hashtag> <link>,"""Kekuatan Terbesar Kita Adalah Pemuda . Selamat Memperingati Sumpah Pemuda 28 Oktober 2019 . <hashtag> <hashtag> <hashtag> <hashtag> <hashtag> <link>""",1.0,False
Bullying,selamat buat prabowo atas ganjarannya . ganjaran mempertahankan juara runner up di ajang pilpres 2019 dan 2014 . <hashtag> <hashtag>,"""selamat buat prabowo atas ganjarannya . ganjaran mempertahankan juara runner up di ajang pilpres 2019 dan 2014 . <hashtag> <hashtag>""",0.0,True
Non-bullying,aku terlalu bodoh tidak pintar menilai pria makanya aku tertipu olehmu - 49days,"""Aku terlalu bodoh tidak pintar menilai pria makanya aku tertipu olehmu - 49Days""",1.0,False
Non-bullying,kasasi ditolak bun yani masuk lagi ke sel,"""Kasasi ditolak Bun yani masuk lagi ke sel""",1.0,False
Bullying,jaenudi ngaciro minta stop uninstallbukalapak !!! . . rasain lue bong ... gegara lue big bos kena getahnya:-) ayo bong bersih2 tl :d :d gaspool!!!,"""Jaenudi ngaciro minta stop uninstallbukalapak !!! . . Rasain lue bong ... Gegara lue Big bos kena getahnya:-) Ayo bong bersih2 TL :D :D Gaspool!!!""",0.0,True
Non-bullying,kamu itu memang hebat karena kamu tetap bisa membuatku mencintaimu setulus hatiku meskipun kamu jauh :),"""Kamu itu memang hebat karena kamu tetap bisa membuatku mencintaimu setulus hatiku meskipun kamu jauh :)""",1.0,False
Non-bullying,terkuak sosok selir yg terlibat skandal asmara dgn eks dirut garuda <hashtag> <hashtag> <link>,"""Terkuak sosok selir yg terlibat skandal asmara dgn eks dirut Garuda <hashtag> <hashtag> <link>""",1.0,False
Non-bullying,<username> bayangin aku yang belum diving dari seminggu lebih yang lalu . dikit lagi keseret ombak terus diculik nyi roro kidul .,"""<username> Bayangin aku yang belum diving dari seminggu lebih yang lalu . Dikit lagi keseret ombak terus diculik Nyi Roro Kidul .""",1.0,False
Non-bullying,... tapi setelah un apa yang terjadi bapak-bapak ibu-ibu? lupaã°å¸â„¢â€š ngefans ak sm pak nadiem <link>,"""... tapi setelah UN apa yang terjadi bapak-bapak ibu-ibu? LupaÃ°Å¸â„¢â€š ngefans ak sm pak Nadiem <link>""",1.0,False
Non-bullying,sebuah pembelaan cantik yang menjelaskan pada kita bahwa masalah mereka bukan diskotik dan sebagainya itu -- artinya bukan soal iman syariah agama dan segala jargon sejenis -- tapi soal siapa yang bikin keputusan . jelasnya ini soal politik bung ! <link>,"""Sebuah pembelaan cantik yang menjelaskan pada kita bahwa masalah mereka bukan diskotik dan sebagainya itu -- artinya bukan soal iman syariah agama dan segala jargon sejenis -- tapi soal siapa yang bikin keputusan . Jelasnya ini soal politik bung ! <link>""",1.0,False
Non-bullying,ya mereka teropsesi kemenangan sampai lupa kenyataan <hashtag> <hashtag> <hashtag> <hashtag>,"""Ya mereka teropsesi kemenangan sampai lupa kenyataan <hashtag> <hashtag> <hashtag> <hashtag>""",1.0,False
Non-bullying,mahasiswa belajar sesuai dengan kemauannya dan interesnya masing-masing . <hashtag> <link>,"""Mahasiswa belajar sesuai dengan kemauannya dan interesnya masing-masing . <hashtag> <link>""",1.0,False
Non-bullying,<username> <username> bisa sedikit saja membayangkan: anggaran 2019 kemarin berarti ga mungkin ga ada salah kan? â˜ºï¸ tentu sangat amat naif kalau beranggapan korupsi cm dibawah ...,"""<username> <username> Bisa sedikit saja membayangkan: anggaran 2019 kemarin berarti ga mungkin ga ada salah kan? â˜ºï¸ Tentu sangat amat naif kalau beranggapan korupsi cm dibawah ...""",1.0,False
Bullying,<username> <username> <username> sesuai pembelaan ulama 212 diskotik itu sudah sesuai nilai nilai agama .. nb tersedia bidadari buat kaum monaslim ã°å¸ëœæ’ã°å¸â¤â£ã°å¸â¤â£,"""<username> <username> <username> Sesuai pembelaan ulama 212 diskotik itu sudah sesuai nilai nilai agama .. NB tersedia bidadari buat kaum monaslim Ã°Å¸ËœÆ’Ã°Å¸Â¤Â£Ã°Å¸Â¤Â£""",0.0,True
Non-bullying,berseteru soal sistem e-budgeting ini beda transparasi anggaran ahok dan anies baswedan <link> lewat <username>,"""Berseteru Soal Sistem E-Budgeting Ini Beda Transparasi Anggaran Ahok dan Anies Baswedan <link> lewat <username>""",1.0,False
Non-bullying,terus ya aplikasi ecommerce masih belum menjadi kebutuhan utama yang mendesak banget . beda kalau gojek yang kerja di jakarta pasti kebingungan sendiri kalau mau boikot gojek . hehe .. so ketika ada blunder ini . saya kira wajar banyak yang mau <hashtag>' 0,"""Terus ya aplikasi ecommerce masih belum menjadi kebutuhan utama yang mendesak banget . Beda kalau gojek yang kerja di jakarta pasti kebingungan sendiri kalau mau boikot gojek . hehe .. So ketika ada blunder ini . Saya kira wajar banyak yang mau <hashtag>' 0""",1.0,False
Non-bullying,membuat rakyat semakin tak bersimpati pada gerindra <hashtag> .,"""Membuat Rakyat semakin tak bersimpati pada Gerindra <hashtag> .""",1.0,False
Non-bullying,musim hujan datang ibukota banjir nyalahin siapa ya kiraâ² ... <username> ? <hashtag>,"""Musim hujan datang ibukota banjir nyalahin siapa ya kiraÂ² ... <username> ? <hashtag>""",1.0,False
Non-bullying,<username> <username> iya bunda kolam akan selalu abadi bergejolak kepanasanðÿ˜,"""<username> <username> Iya Bunda kolam akan selalu abadi bergejolak kepanasanðŸ˜""",1.0,False
Non-bullying,<username> <username> sekalian bilangin pak jangan ngomong radikal radikul melulu ... ga bosen apa ya ... apa ga terpikir narasi radikal radikul itu justru melukai umat ...,"""<username> <username> Sekalian bilangin pak jangan ngomong radikal radikul melulu ... Ga bosen apa ya ... Apa ga terpikir narasi radikal radikul itu justru melukai umat ...""",1.0,False
Bullying,kau bilang i love jokowi tapi sambil ngacung jari tengah ... kannn asyuuuu... .. !!! maaf sy ikutan uninstallbukalapak,"""Kau bilang I Love Jokowi tapi sambil ngacung jari tengah ... kannn asyuuuu... .. !!! maaf sy ikutan uninstallbukalapak""",0.0,True
Bullying,kawan kawan disarankan stop bantu gerakan jod . tidak selamanya berniat baik hasilnya baik . apalagi gerakannya dipenuhi orang-orang pinter semua . mending urus daerah masing-masing saja . kata solidaritas hapus saja dari kbbi .,"""Kawan kawan disarankan stop bantu gerakan JOD . tidak selamanya berniat baik hasilnya baik . Apalagi gerakannya dipenuhi orang-orang pinter semua . Mending urus daerah masing-masing saja . Kata solidaritas hapus saja dari KBBI .""",0.0,True
Non-bullying,biodata profil dan fakta nadiem makarim - <hashtag> <link>,"""Biodata Profil dan Fakta Nadiem Makarim - <hashtag> <link>""",1.0,False
Non-bullying,<username> <username> harus ditegur itu bpk bpk <username> krn sudah matiin rezeki baru 2 thn mulai menikmati apbd lagi stlh ahok berhasil di lengserkan eh skr muncul lagi <username> jadi sandungan,"""<username> <username> Harus ditegur itu bpk bpk <username> krn sudah matiin rezeki baru 2 thn mulai menikmati apbd lagi stlh Ahok berhasil di lengserkan eh skr muncul lagi <username> jadi sandungan""",1.0,False
Non-bullying,<username> miskin kaya itu sesuai perspektif km nder . aku jg klo liat nia ramadhani berasa miskin tp klo nntn org pinggiran berasa kaya .,"""<username> Miskin kaya itu sesuai perspektif km nder . Aku jg klo liat nia ramadhani berasa miskin tp klo nntn org pinggiran berasa kaya .""",1.0,False
Non-bullying,anda kok sibuk membanggakan cina . karya anak bangsa indonesia juga banyak . kenapa tidak anda promosikan? <hashtag>,"""Anda kok sibuk membanggakan cina . Karya anak bangsa Indonesia juga banyak . Kenapa tidak anda promosikan? <hashtag>""",1.0,False
Non-bullying,<username> <username> moga lebih nyata untuk kontribusi kepentingan bangsa dan negara indonesia,"""<username> <username> Moga lebih nyata untuk kontribusi kepentingan bangsa dan negara INDONESIA""",1.0,False
Non-bullying,hidup adalah perjuangan . ayo berjuang!!!,"""hidup adalah perjuangan . ayo berjuang!!!""",1.0,False
Bullying,karena cuma itu yang mereka punya dek . mereka tidak punya empati simpati dan kerendahan hati . miskin banget kan?,"""Karena cuma itu yang mereka punya dek . Mereka tidak punya empati simpati dan kerendahan hati . Miskin banget kan?""",0.0,True
Non-bullying,budi arie diberi tugas oleh presiden jokowi mengawal alokasi anggaran yang besar dari apbn untuk pembangunan desa dan daerah tertinggal . <hashtag>-ma\'ruf <link>,"""Budi Arie diberi tugas oleh Presiden Jokowi mengawal alokasi anggaran yang besar dari APBN untuk pembangunan desa dan daerah tertinggal . <hashtag>-Ma\'ruf <link>""",1.0,False
Non-bullying,mengalah pada kebohongan berarti membiarkan keburukan jdi pemenang,"""Mengalah pada Kebohongan berarti membiarkan keburukan jdi pemenang""",1.0,False
Non-bullying,<username> <username> bpjs naek 100% kumaha iyeu ?,"""<username> <username> BPJS naek 100% Kumaha Iyeu ?""",1.0,False
Bullying,selamat menerima tamu pertama (air banjir) di 2020 bapak anies . jangan di usir cepet-cepet itu tamu datangnya dari tuhan apalagi kalau dibuang ke laut . di eropa sana main salju kita main air . <hashtag>,"""Selamat menerima tamu pertama (air banjir) di 2020 bapak Anies . Jangan di usir cepet-cepet itu tamu datangnya dari Tuhan apalagi kalau dibuang ke laut . Di Eropa sana main salju kita main air . <hashtag>""",0.0,True
Non-bullying,<username> iya lah wkwk . pak bambang kemaren ngomong as pejabat di bnsp doi,"""<username> Iya lah wkwk . Pak bambang kemaren ngomong as pejabat di BNSP doi""",1.0,False
Bullying,aku punya temen dimana dia jomblo tapi sering ngatain jomblo . keren banget kan . gatau dirinya :(,"""aku punya temen dimana dia jomblo tapi sering ngatain jomblo . keren banget kan . gatau dirinya :(""",0.0,True
Non-bullying,<username> mantap memang kamu admin,"""<username> Mantap memang kamu admin""",1.0,False
Non-bullying,hidup ini singkat . tidak ada waktu untuk meninggalkan kata-kata penting tak terkatakan . <hashtag>,"""Hidup ini singkat . Tidak ada waktu untuk meninggalkan kata-kata penting tak terkatakan . <hashtag>""",1.0,False
Non-bullying,<username> tompi ini berperan sebagai apa sih,"""<username> Tompi ini berperan sebagai apa sih""",1.0,False
Non-bullying,<username> haha .. lagian kamu nulis di bio anti orang tolol ....,"""<username> Haha .. lagian kamu nulis di bio anti orang tolol ....""",1.0,False
Non-bullying,jakarta bisa hat trick gini banjirnye .... berkah bangeeeet dah <hashtag>,"""Jakarta bisa hat trick gini banjirnye .... berkah bangeeeet dah <hashtag>""",1.0,False
Non-bullying,ingatlah bahwa cinta dan prestasi yang besar melibatkan resiko yang besar pula . :'),"""Ingatlah bahwa cinta dan prestasi yang besar melibatkan resiko yang besar pula . :')""",1.0,False
Non-bullying,dukungan untuk 01 <username> - <username> terus bergulir dari kalangan pemuka agama dan santri .,"""Dukungan untuk 01 <username> - <username> terus bergulir dari kalangan pemuka agama dan santri .""",1.0,False
Non-bullying,<username> <username> <username> <username> auto mati dibunuh sama nyi roro kidul kmu kwkwkwk ... klw g pake baju ijo ksna aja dcoba dlu deh,"""<username> <username> <username> <username> Auto mati dibunuh sama nyi roro kidul kmu kwkwkwk ... Klw g pake baju ijo ksna aja dcoba dlu deh""",1.0,False
Non-bullying,wah seru neh <hashtag>,"""Wah seru neh <hashtag>""",1.0,False
Non-bullying,<username> <username> gak nangka ðÿ˜†,"""<username> <username> Gak nangka ðŸ˜†""",1.0,False
Bullying,<username> welcome to indonesia di mana kata maaf menjadi solusi untuk semuanya.dan segala kelakuan dianggap becanda :),"""<username> Welcome to indonesia di mana kata maaf menjadi solusi untuk semuanya.Dan segala kelakuan dianggap becanda :)""",0.0,True
Non-bullying,puisi keren dari anak sd ... <hashtag> <hashtag> <link>,"""Puisi keren dari anak SD ... <hashtag> <hashtag> <link>""",1.0,False
Non-bullying,alih-alih mereda konflik lahan ini makin memanas di area konsesi pkp2b adaro indonesia . <hashtag>,"""Alih-alih mereda konflik lahan ini makin memanas di area konsesi PKP2B Adaro Indonesia . <hashtag>""",1.0,False
Non-bullying,<username> ustad kalo goblok bisa di pecat ngfak yah ... serius nih nanya nya ??,"""<username> Ustad kalo goblok bisa di pecat ngfak yah ... Serius nih nanya nya ??""",1.0,False
Non-bullying,nah ini kaum kampret menuding kalau jokowi gunakan konsultan asing untuk kampanye medsos namun ternyata semua itu cuma hoax,"""Nah ini kaum kampret menuding kalau Jokowi gunakan konsultan asing untuk kampanye medsos namun ternyata semua itu cuma Hoax""",1.0,False
Non-bullying,impor pangan yang berlebihan apalagi di masa panen menghancurkan masa depan petani dan pertanian kita . <username> <hashtag>,"""Impor pangan yang berlebihan apalagi di masa panen menghancurkan masa depan petani dan pertanian kita . <username> <hashtag>""",1.0,False
Non-bullying,bisa ga si nge reset orang yg gue tau dan kenal jadi ga kenal siapa2 deh gue abis org2 tolol dah gapunya hati consciously hurting fakkkk you all r shits,"""Bisa ga si nge reset orang yg gue tau dan kenal jadi ga kenal siapa2 deh gue abis org2 tolol dah gapunya hati consciously hurting fakkkk you all r shits""",1.0,False
Non-bullying,semoga nular .. (sontoloyo) nya ! tangan belom bisa move on rasa nya pak mardiguwp @ mula by galeria jakarta <link>,"""Semoga nular .. (sontoloyo) nya ! Tangan belom bisa move on rasa nya pak mardiguwp @ Mula by Galeria Jakarta <link>""",1.0,False
Non-bullying,<username> tangkap dan penjarakan gabener kadrun ! <hashtag>,"""<username> Tangkap dan penjarakan gabener kadrun ! <hashtag>""",1.0,False
Non-bullying,kerja nabung goblok bukan retweet <link>,"""KERJA NABUNG GOBLOK BUKAN RETWEET <link>""",1.0,False
Non-bullying,kenapa kanza posenya mirip mba2 thread horror baju ijo nyi roro kidul yg apartment bawahnya kuburan nisan hitam??!! <link>,"""Kenapa Kanza posenya mirip mba2 Thread horror baju ijo Nyi Roro Kidul yg Apartment bawahnya kuburan nisan hitam??!! <link>""",1.0,False
Non-bullying,<hashtag> mendikbud nadiem makarim mengatakan peringatan hari <hashtag> merupakan momentum bagi pemuda untuk melangkah maju . ia meminta semua pemuda tidak takut akan kegagalan . kesuksesan menurut dia akan diraih dengan terus melangkah ke depan . -- <hashtag> <hashtag> <link>,"""<hashtag> Mendikbud Nadiem Makarim mengatakan peringatan Hari <hashtag> merupakan momentum bagi pemuda untuk melangkah maju . Ia meminta semua pemuda tidak takut akan kegagalan . Kesuksesan menurut dia akan diraih dengan terus melangkah ke depan . -- <hashtag> <hashtag> <link>""",1.0,False
Non-bullying,ambyaaaar ..wayahee <hashtag> mohon doa dari semua korban php tuk perjuangan n pengabdian <username> <username> <hashtag> tuk <hashtag> ayo move on brs para lebah !! <link>,"""Ambyaaaar ..Wayahee <hashtag> mohon doa dari semua korban PHP tuk perjuangan n pengabdian <username> <username> <hashtag> tuk <hashtag> Ayo Move on brs Para Lebah !! <link>""",1.0,False
Non-bullying,<username> ini bagaikan ngajarin ikan berenang . benerin dulu hati lu tom . gak enak juga masuk neraka cuma gara2 ngebelain orang yg salah .,"""<username> Ini bagaikan ngajarin ikan berenang . Benerin dulu hati lu Tom . Gak enak juga masuk neraka cuma gara2 ngebelain orang yg salah .""",1.0,False
Bullying,dengan tidak mengurangi rasa hormat saya kepada bapak prabowo saya minta usul bapak kalau mau sholat jumat gausah di sebar pakai pamflet juga kali . kan ini bukan promosi potongan harga bapak .,"""dengan tidak mengurangi rasa hormat saya kepada bapak prabowo saya minta usul bapak kalau mau sholat jumat gausah di sebar pakai pamflet juga kali . kan ini bukan promosi potongan harga bapak .""",0.0,True
Non-bullying,<username> dokterrr ... mancraaaabs ðÿ‘ðÿ‘,"""<username> dokterrr ... Mancraaaabs ðŸ‘ðŸ‘""",1.0,False
Non-bullying,skill minimal pengen exsis total hhahh <hashtag> <hashtag> <hashtag>,"""Skill minimal pengen exsis total hhahh <hashtag> <hashtag> <hashtag>""",1.0,False
Non-bullying,woi cina (gw jg cina) apus deh nih thread lu pake hashtag <hashtag> ya sama aja lu 11 12 sama tu cewek stres . sama2 rasis goblok .,"""woi cina (gw jg cina) apus deh nih thread lu pake hashtag <hashtag> ya sama aja lu 11 12 sama tu cewek stres . sama2 rasis goblok .""",1.0,False
Non-bullying,<username> goblok ih hahaha,"""<username> Goblok ih hahaha""",1.0,False
Bullying,jangan boros kamu masih miskin baek ngopi coeg <hashtag>,"""Jangan boros Kamu masih miskin Baek ngopi coeg <hashtag>""",0.0,True
Non-bullying,<username> mau jadi bangsa optimis atau bangsa yg pesimis . itu masalah pilihan hidup . demi masa depan generasi mendat <link>,"""<username> Mau jadi bangsa optimis atau bangsa yg pesimis . Itu masalah pilihan hidup . Demi masa depan generasi mendat <link>""",1.0,False
Non-bullying,lempar batu sembunyi tangan sebelumnya dicuci dulu biar bersih <username> <username> <username> <hashtag>,"""lempar batu sembunyi tangan sebelumnya dicuci dulu biar bersih <username> <username> <username> <hashtag>""",1.0,False
Bullying,katanya pertemuan prabowo dan jokowi bertujuan untuk kebaikan bangsa . sekarang kok minta jatah kursi <hashtag> <hashtag>,"""Katanya pertemuan Prabowo dan Jokowi bertujuan untuk kebaikan bangsa . sekarang kok minta jatah kursi <hashtag> <hashtag>""",0.0,True
Bullying,itu lebih cocok <hashtag> dia cocoknya sebagai kepala rumah tangga karena sering kagetan ..,"""Itu lebih cocok <hashtag> Dia cocoknya sebagai kepala rumah tangga karena sering kagetan ..""",0.0,True
Non-bullying,jangan suka nyebarin berita hoax ya tweeps bisa dipenjara entar <hashtag>,"""Jangan suka nyebarin berita hoax ya tweeps bisa dipenjara entar <hashtag>""",1.0,False
Non-bullying,bukti kinerja jokowi untuk rakyat indonesia <hashtag> <username> <username> <username>,"""Bukti kinerja jokowi untuk rakyat indonesia <hashtag> <username> <username> <username>""",1.0,False
Non-bullying,<username> <username> <username> pak <username> mohon segera berlakukan hukuman mati bagi pejabat negara yg merangkap jabatan sebagai koruptor juga,"""<username> <username> <username> Pak <username> mohon segera berlakukan hukuman mati bagi pejabat negara yg merangkap jabatan sebagai koruptor juga""",1.0,False
Non-bullying,rt <username>: kita sll optimis melangkah maju bersama bpk jokowi <hashtag> <hashtag> <hashtag> <hashtag>,"""RT <username>: Kita sll optimis melangkah maju bersama bpk Jokowi <hashtag> <hashtag> <hashtag> <hashtag>""",1.0,False
Non-bullying,menag: cadar dan celana cingkrang bukan ukuran ketakwaan <link>,"""Menag: Cadar dan Celana Cingkrang Bukan Ukuran Ketakwaan <link>""",1.0,False
Bullying,banyak orang yang terlalu pintar menilai orang lain tapi dia terlalu bodoh untuk menilai dirinya sendiri . <hashtag>,"""Banyak orang yang terlalu pintar menilai orang lain tapi dia terlalu BODOH untuk menilai dirinya sendiri . <hashtag>""",0.0,True
Non-bullying,<username> woi bapak kolam ! belajar dulu bahasa indonesia yg baik dan benar sblm belajar filsuf baru kamu mengerti kata dungu itu adalah kata dasar !,"""<username> woi bapak kolam ! belajar dulu bahasa indonesia yg baik dan benar sblm belajar filsuf baru kamu mengerti kata dungu itu adalah kata dasar !""",1.0,False
Non-bullying,terkutuklah oknum yg beberapa waktu lalu sengaja mengviralkan dngn mengatakan bahwa pasukan brimob adalah pasukan,"""Terkutuklah oknum yg beberapa waktu lalu sengaja mengviralkan dngn mengatakan bahwa pasukan brimob adalah pasukan""",1.0,False
Non-bullying,<username> <username> ya .. iya blm di jkt makanya haha aduh gue goblok tp gitu intinya,"""<username> <username> ya .. iya blm di jkt makanya HAHA aduh gue goblok tp gitu intinya""",1.0,False
Non-bullying,â€œsuatu hari kita akan bertemu dalam dimensi yang berbeda ..â€ official poster <hashtag> . â¤ nantikan perjalanan ainun desember 2019 di bioskop ! ðÿž¬ <hashtag> <hashtag> <hashtag> <link>,"""â€œSuatu hari kita akan bertemu dalam dimensi yang berbeda ..â€ Official Poster <hashtag> . â¤ Nantikan perjalanan Ainun DESEMBER 2019 di bioskop ! ðŸŽ¬ <hashtag> <hashtag> <hashtag> <link>""",1.0,False
Non-bullying,mah ulangan aku dapet 10 | wah pintar kamu nak . gimana dengan nilai teman-teman mu? | ada yang dapet 80 90 sampe 100 | .... <hashtag>,"""Mah ulangan aku dapet 10 | wah pintar kamu nak . Gimana dengan nilai teman-teman mu? | ada yang dapet 80 90 sampe 100 | .... <hashtag>""",1.0,False
Non-bullying,tim futsal ipc pelindo ii jakarta resmi mendatangkan pemain jebolan timnas futsal u-20 ia adalah firman adriansyah . bergabungnya firman ke pelindo sendiri mengikuti jejak empat pemain u-20 lainnya yaitu muhammad wildan ahmad habibie agung pandega dan ramadhan zidani . <hashtag> <link>,"""Tim futsal IPC Pelindo II Jakarta resmi mendatangkan pemain jebolan timnas futsal U-20 ia adalah Firman Adriansyah . Bergabungnya Firman ke Pelindo sendiri mengikuti jejak empat pemain U-20 lainnya yaitu Muhammad Wildan Ahmad Habibie Agung Pandega dan Ramadhan Zidani . <hashtag> <link>""",1.0,False
Non-bullying,<username> <username> <username> <username> tompi cucoknya jadi pasien ..pasien rsj .,"""<username> <username> <username> <username> Tompi cucoknya jadi pasien ..pasien RSJ .""",1.0,False
Bullying,<username> terima kasih anies eh pemprov,"""<username> Terima kasih anies eh pemprov""",0.0,True
Non-bullying,orang lagi flu ngedadak sembuh denger bakal uninstalljokowi :-),"""Orang lagi flu ngedadak sembuh denger bakal UninstallJokowi :-)""",1.0,False
Non-bullying,<username> pernyataan yg tidak patut dari sorang pejabat pemerintah ... gitu bngt nyari duit pud ..,"""<username> Pernyataan yg tidak patut dari sorang pejabat pemerintah ... Gitu bngt nyari duit pud ..""",1.0,False
Non-bullying,tegas bukan berarti penuh dengan amarah sifat yg ditunjukan wowo <hashtag> sama sekali bukan sifat tegas melainkan sifat yg tempramental <username> <username>,"""Tegas bukan berarti penuh dengan amarah sifat yg ditunjukan wowo <hashtag> sama sekali bukan sifat tegas melainkan sifat yg tempramental <username> <username>""",1.0,False
Non-bullying,gk seru klo gkda <username> di ilc selalu dinanti ... no rocky gerung no party .. !!! <hashtag>,"""Gk seru klo gkda <username> di ILC selalu dinanti ... No Rocky Gerung no party .. !!! <hashtag>""",1.0,False
Non-bullying,kira kira nia ramadhani bisa ngerapihin seprei ga?,"""Kira kira Nia Ramadhani bisa ngerapihin seprei ga?""",1.0,False
Non-bullying,tangkap semua aktor dibalik kerusuhan kemarin <hashtag>,"""Tangkap semua aktor dibalik kerusuhan kemarin <hashtag>""",1.0,False
Bullying,selamat datang d negara +62 . yang ngelawan begal d penjara yang berdemokrasi menyampaikan aspirasi ditangkap dan d kira propokasi dg perlakuan tidak manusiawi . yang mungut karet bekas malah d penjara . apa kabar para korupsi yang malah disembunyikan para pejabat? <hashtag>,"""Selamat datang d negara +62 . yang ngelawan begal d penjara yang berdemokrasi menyampaikan aspirasi ditangkap dan d kira propokasi dg perlakuan tidak manusiawi . yang mungut karet bekas malah d penjara . Apa kabar para korupsi yang malah disembunyikan para pejabat? <hashtag>""",0.0,True
Non-bullying,<username> diskotik yang baru dapat penghargaan bergengsi dari gabener dki jakardah,"""<username> Diskotik yang baru dapat penghargaan bergengsi dari Gabener DKI Jakardah""",1.0,False
Non-bullying,<hashtag> <hashtag> tagar terbaik terkeren bulan ini,"""<hashtag> <hashtag> tagar terbaik terkeren bulan ini""",1.0,False
Non-bullying,banyak prestasi kepemimpinan jokowi yang belum masih kurang dipahami pemilih ayo barisan relawan penggerak desa 01 <hashtag> lamongan,"""Banyak Prestasi Kepemimpinan Jokowi yang belum masih kurang dipahami pemilih ayo BARISAN RELAWAN PENGGERAK DESA 01 <hashtag> Lamongan""",1.0,False
Non-bullying,please deh gausah lebay kalopun iya hanbin juga itu udah ada credits tolol hehe,"""Please deh gausah lebay kalopun iya hanbin juga itu udah ada credits tolol hehe""",1.0,False
Non-bullying,<username> yah kan team pak anies banyak atuh teh bisa di bagi dan klo perlu kan ikut sistem pak ahok dlu di bantu anak magang nyisir anggaran . itu kan udah ada training sebelumnya apalagi kayak asn sering banyak model sosialisai seminar dll .jadi ga ada alasan utk bilang ga bisa .,"""<username> Yah kan team pak anies banyak atuh teh bisa di bagi dan klo perlu kan ikut sistem pak ahok dlu di bantu anak magang nyisir anggaran . itu kan udah ada training sebelumnya apalagi kayak asn sering banyak model sosialisai seminar dll .jadi ga ada alasan utk bilang ga bisa .""",1.0,False
Non-bullying,<username> <username> gubernur paling tolol,"""<username> <username> gubernur paling tolol""",1.0,False
Non-bullying,setelah gnpf bela anies yg beri diskotek penghargaan fix dan sah diskotik itu halalã°å¸â€™âªã°å¸â€™âªã°å¸â€™âª,"""Setelah GNPF bela anies yg beri diskotek penghargaan fix dan sah diskotik itu halalÃ°Å¸â€™ÂªÃ°Å¸â€™ÂªÃ°Å¸â€™Âª""",1.0,False
Non-bullying,apa yang di inginkan jokowi dari nadiem makarim seorang pemuda penggiat bisnis yang sama sekali tidak bersentuhan dengan dunia pendidikan? <hashtag> <hashtag> <link>,"""Apa yang di inginkan Jokowi dari Nadiem Makarim seorang pemuda penggiat bisnis yang sama sekali tidak bersentuhan dengan dunia pendidikan? <hashtag> <hashtag> <link>""",1.0,False
Non-bullying,<username> <username> <username> <username> kapan ya sijahannam abujanda ini kena stroke karena yang keluar dari mulutnja tak lain dan tak bukan sampah bau busuk si abujanda = <hashtag> <hashtag> <hashtag>,"""<username> <username> <username> <username> Kapan ya Sijahannam Abujanda iNi kena Stroke Karena yang keluar dari mulutnja tak lain dan tak bukan Sampah bau busuk Si Abujanda = <hashtag> <hashtag> <hashtag>""",1.0,False
Non-bullying,alhamdulillah demi kebersamaan kita nkri <hashtag>,"""Alhamdulillah demi kebersamaan kita NKRI <hashtag>""",1.0,False
Bullying,"keren ne, gub formula e-mpang wajah tersenyum dengan mulut terbuka dan keringat dinginwajah menyeringai <hashtag> <hashtag>","""Keren ne, Gub Formula E-mpang Wajah tersenyum dengan mulut terbuka dan keringat dinginWajah menyeringai <hashtag> <hashtag>""",0.0,True
Non-bullying,selamat untuk bapak jokowiðÿ˜šsemoga selalu dilimpahkan rahmat dan petunjuk dari allah dalam mewujudkan indonesia menjadi lebih baik dan semoga amanah dalam bertugasðÿ™ <hashtag>,"""Selamat untuk Bapak JokowiðŸ˜Šsemoga selalu dilimpahkan rahmat dan petunjuk dari ALLAH dalam mewujudkan INDONESIA menjadi lebih baik dan semoga amanah dalam bertugasðŸ™ <hashtag>""",1.0,False
Bullying,"mantap pdi selain save alam, juga save koruptorðÿ˜ðÿ˜ðÿ˜","""Mantap Pdi selain save alam, juga save koruptorðŸ˜ðŸ˜ðŸ˜""",0.0,True
Non-bullying,<username> <username> <username> ini <username> koq bias mengeluarkan sertifikat tanah kalua memang itu tanah milik dki? <link>,"""<username> <username> <username> Ini <username> koq bias mengeluarkan sertifikat tanah kalua memang itu tanah milik DKI? <link>""",1.0,False
Bullying,make up mahal skin care mahal baju mahal tas mahal sepatu mahal ... kok anda murahan <hashtag>,"""Make up mahal skin care mahal baju mahal tas mahal sepatu mahal ... kok anda murahan <hashtag>""",0.0,True
Bullying,anehnya rata2 orang sukses malah instagramnya jarang bgt update . nah si miskin ini ini yang sibuk bet update biar tidak keliatan miskin . brrti aku msh miskin . <hashtag> <hashtag> <hashtag> <hashtag>,"""Anehnya rata2 orang sukses malah instagramnya jarang bgt update . Nah si miskin ini ini yang sibuk bet update biar tidak keliatan miskin . Brrti aku msh miskin . <hashtag> <hashtag> <hashtag> <hashtag>""",0.0,True
Non-bullying,ke diskotik pake jilbab itu sama kayak makan babi pake bismillah gak ngaruh ..,"""Ke diskotik pake jilbab itu sama kayak makan babi pake bismillah Gak ngaruh ..""",1.0,False
Non-bullying,<username> wan abud penyokong <hashtag>,"""<username> WAN Abud penyokong <hashtag>""",1.0,False
Non-bullying,<username> <username> staf khusus hehehhehee,"""<username> <username> Staf Khusus hehehhehee""",1.0,False
Non-bullying,jahat bgt sih jd manusia . dulu dibikin dari tanah sengkete ya?,"""Jahat bgt sih jd manusia . Dulu dibikin dari tanah sengkete ya?""",1.0,False
Bullying,kenapa aku pintar banget kalau stalkingin orang sih . deuh .,"""KENAPA AKU Pintar BANGET kalau STALKINGIN ORANG SIH . DEUH .""",0.0,True
Non-bullying,<username> <username> hallo para wanita sosialita,"""<username> <username> Hallo para wanita sosialita""",1.0,False
Non-bullying,apapun ucapan di luar sana kami tetap berada di barisanmu jenderal ... allahuakbar!!! <hashtag> <link>,"""Apapun ucapan di luar sana kami tetap berada di barisanmu Jenderal ... ALLAHUAKBAR!!! <hashtag> <link>""",1.0,False
Non-bullying,yaa itulah diriku <hashtag> sekjend ku <hashtag> juga ternyata,"""yaa itulah diriku <hashtag> sekjend ku <hashtag> juga ternyata""",1.0,False
Bullying,sekarang warga jkt58 mungkin sangat bahagia sekali melihat sepak terjang sang wan ajaib memimpin jkt .. <hashtag>,"""Sekarang warga jkt58 mungkin sangat bahagia sekali melihat sepak terjang sang wan ajaib memimpin jkt .. <hashtag>""",0.0,True
Non-bullying,garuda harus benahin lagi good corporate governance nya dongg <hashtag> <hashtag> <username>,"""Garuda harus benahin lagi Good Corporate Governance nya dongg <hashtag> <hashtag> <username>""",1.0,False
Bullying,welcome to indonesia semua hal dikomenin. even sebenernya itu gaperlu & gapenting samsek.???????,"""welcome to indonesia semua hal dikomenin. even sebenernya itu gaperlu & gapenting samsek.???????""",0.0,True
Bullying,bapak anies anda gubernur terhebat dalam sejarah dki jakarta . gubernur pertama yang telah memberi hadiah rutin setiap tahun baru kepada seluruh warganya berupa kolam renang yang bisa dinikmati dirumah masing2 . bravo !,"""bapak Anies anda Gubernur terhebat dalam sejarah DKI Jakarta . Gubernur pertama yang telah memberi hadiah rutin setiap tahun baru kepada seluruh warganya berupa kolam renang yang bisa dinikmati dirumah masing2 . Bravo !""",0.0,True
Bullying,juara karena kecurangan <hashtag>,"""juara karena kecurangan <hashtag>""",0.0,True
Non-bullying,<username> ya elahhh tompi di pikirin ...,"""<username> Ya elahhh tompi di pikirin ...""",1.0,False
Non-bullying,<username> tkw,"""<username> TKW""",1.0,False
Non-bullying,jangan kau cari sensasi dengan menghilangkan etikamu <username> bedakan lah ulama sepuh dengan orang yang biasa ... untuk sebuah jabatan merendahkan martabat beliau ... sangat miris dengan pendidikanmu yang tinggi ... <hashtag> <hashtag>,"""Jangan kau cari sensasi dengan menghilangkan etikamu <username> bedakan lah Ulama sepuh dengan orang yang biasa ... Untuk sebuah jabatan merendahkan martabat beliau ... Sangat miris dengan pendidikanmu yang tinggi ... <hashtag> <hashtag>""",1.0,False
Non-bullying,doa dari kyai dipolitisasi oleh zonk itu sudah melewati batas . itulah akibatnya jika menjadi kacung dari junjungannya yg rakus kekuasaan . kyai sepuh pun tidak dihormatinya .,"""Doa dari Kyai dipolitisasi oleh Zonk itu sudah melewati batas . Itulah akibatnya jika menjadi kacung dari junjungannya yg rakus kekuasaan . Kyai Sepuh pun tidak dihormatinya .""",1.0,False
Non-bullying,hahah karena ditolak dan akhir rocky gerung dan said idu naik ambulance ke kampus kocak <hashtag>,"""Hahah karena ditolak dan akhir rocky gerung dan said idu naik ambulance ke kampus kocak <hashtag>""",1.0,False
Non-bullying,kpu memang tidak niat dan cuma cari-cari alasan . <hashtag>,"""KPU memang tidak niat dan cuma cari-cari alasan . <hashtag>""",1.0,False
Non-bullying,kita pnya cerita untuk cucu cicit kita di masa yg akan datang . bhwa di zaman ini ada seorang bapak dari <username> yg membuat bangsa ini terbelah dan kerusuhan terjadi lg . semua itu karena haus kekuasaan sejak zaman reformasi sampe skrg yg tdk bsa dia dapatkan . <hashtag>,"""Kita pnya cerita untuk cucu cicit kita di masa yg akan datang . Bhwa di zaman ini ada seorang bapak dari <username> yg membuat bangsa ini terbelah dan kerusuhan terjadi lg . Semua itu karena haus kekuasaan sejak zaman reformasi sampe skrg yg tdk bsa dia dapatkan . <hashtag>""",1.0,False
Bullying,punya hoax center tapi tidak punya program kerja itu buat apa.? indonesia butuh pemimpin yang fokus bekerja bukan fokus menebarkan berita hoax.',"""Punya Hoax Center tapi tidak punya Program Kerja itu buat apa.? Indonesia butuh pemimpin yang fokus bekerja bukan fokus menebarkan berita hoax.'""",0.0,True
Non-bullying,<username> semoga bisa turun timbangan ku <hashtag>,"""<username> Semoga bisa turun timbangan ku <hashtag>""",1.0,False
Bullying,josss bin mantul .. janji bapak anies baswedan menyediakan kolam untuk warga ibu kota jakarta sudah terbukti .????,"""Josss bin mantul .. janji bapak Anies Baswedan menyediakan kolam untuk warga ibu kota Jakarta sudah terBUKTI .????""",0.0,True
Non-bullying,<username> jol jadi nia ramadhani,"""<username> Jol jadi nia ramadhani""",1.0,False
Non-bullying,yang kecewa biarlah kecewa . karena akan terlihat siapa yang jadi penghianat dan pada intinya mereka berdua adalah satu untuk indonesia . <hashtag>,"""Yang Kecewa biarlah Kecewa . Karena akan terlihat siapa yang jadi penghianat dan pada intinya mereka berdua adalah SATU untuk Indonesia . <hashtag>""",1.0,False
Bullying,ya begitulah negara yang kaya akan budaya .budaya yang membesar-besarkan nilai negatif tanpa menoleh nilai positif <hashtag> <hashtag> <hashtag> <link>,"""Ya begitulah negara yang kaya akan budaya .budaya yang membesar-besarkan nilai negatif tanpa menoleh nilai positif <hashtag> <hashtag> <hashtag> <link>""",0.0,True
Non-bullying,aku dikatain bucin dan tanpa sadar dia nya dulu pernah cerita ke aku kalo dia pernah bucin juga sampe goblok banget bangsat sia anjing,"""aku dikatain bucin dan tanpa sadar dia nya dulu pernah cerita ke aku kalo dia pernah bucin juga sampe goblok banget bangsat sia anjing""",1.0,False
Bullying,cawagub dki riza patria: susah cari kekurangan anies dia banyak kelebihan iya bener banyak kelebihan nya terutama bohongin rakyat dki jakarta pakai mayat dan ayat.<hashtag>,"""Cawagub DKI Riza Patria: Susah Cari Kekurangan Anies Dia Banyak Kelebihan Iya bener banyak kelebihan nya terutama bohongin rakyat DKI Jakarta pakai mayat dan ayat.<hashtag>""",0.0,True
Non-bullying,di laptop gue masih ada lagunya melly goeslaw ft paundra - tergila gila ðÿ§ <link>,"""Di laptop gue masih ada lagunya Melly Goeslaw ft Paundra - Tergila gila ðŸ§ <link>""",1.0,False
Non-bullying,<username> <username> jangan cuman teriak ya pak <username> tapi aksi nyata untuk basmi radikal ... itu yg saya tunggu ! selamat bertugas gbu . <hashtag>,"""<username> <username> Jangan Cuman Teriak Ya Pak <username> Tapi Aksi Nyata Untuk Basmi Radikal ... Itu Yg Saya Tunggu ! Selamat Bertugas GBU . <hashtag>""",1.0,False
Bullying,partai allah is the best. pan agamamu. amien rais tuhanmu ... gapapa mengganggu yang penting islam dan seiman .. takebeer!!!,"""partai allah is the best. pan agamamu. amien rais tuhanmu ... gapapa mengganggu yang penting islam dan seiman .. takebeer!!!""",0.0,True
Non-bullying,selamat pagi jakartans ! bertemu kembali dengan hari senin . selamat menjalankan aktivitas . tetap semangat dan sukses !,"""Selamat pagi Jakartans ! Bertemu kembali dengan hari senin . Selamat menjalankan aktivitas . Tetap semangat dan sukses !""",1.0,False
Non-bullying,minus <username> yg akan menjadi nia ramadhani wannabe cabang galek :\'),"""Minus <username> yg akan menjadi nia ramadhani wannabe cabang galek :\')""",1.0,False
Non-bullying,<username> <username> duhhh jd pngen ke safety tank ðÿ™ˆðÿ™ˆðÿ¤­ðÿ¤­,"""<username> <username> duhhh jd pngen ke safety tank ðŸ™ˆðŸ™ˆðŸ¤­ðŸ¤­""",1.0,False
Non-bullying,<username> ya allah goblok bgt bukannya itu duit buat senengin orang tua .,"""<username> ya Allah goblok bgt bukannya itu duit buat senengin orang tua .""",1.0,False
Non-bullying,akhirnya saya mulai mengerti ternyata anda hanya seorang marketing ..,"""Akhirnya saya mulai mengerti ternyata anda hanya seorang marketing ..""",1.0,False
Non-bullying,ingatlah selalu hal yang membedakan seorang yang mulia dan seorang yang bodoh : orang bijak selalu menyalahkan dirinya orang bodoh akan menyalahkan orang lain .,"""Ingatlah selalu hal yang membedakan seorang yang mulia dan seorang yang bodoh : Orang Bijak selalu menyalahkan dirinya orang bodoh akan menyalahkan orang lain .""",1.0,False
Bullying,jangan bicara islam tinggi-tinggi kalao wudhu saja belum benar,"""Jangan bicara ISLAM tinggi-tinggi kalao wudhu saja belum benar""",0.0,True
Non-bullying,berkali kali sudaj dituntaskan janji ke rakyat nya pertahanankan tetap menjadi yang terbaik buat indonesia <hashtag> <username> <username>,"""Berkali kali sudaj dituntaskan janji ke rakyat nya pertahanankan tetap menjadi yang terbaik buat Indonesia <hashtag> <username> <username>""",1.0,False
Non-bullying,diam dalam kelam . hening dibalik kabut . hanyut terbawa arus . apakah cerah sanggup mengeringkan air mata . disaat luka malah terlihat seperti badut di mata semuanya <hashtag>,"""Diam dalam kelam . Hening dibalik kabut . Hanyut terbawa arus . Apakah cerah sanggup mengeringkan air mata . Disaat luka malah terlihat seperti badut di mata semuanya <hashtag>""",1.0,False
Non-bullying,akibat gagal nyaleg otak ditinggal dikolam <hashtag>,"""Akibat Gagal Nyaleg Otak Ditinggal Dikolam <hashtag>""",1.0,False
Non-bullying,udh muak lihat dia memprovokasi rakyat terus udh saatnya aparat bersikap tegas untuk menangkap sih tukang provokasi <hashtag>,"""Udh muak lihat dia memprovokasi rakyat terus udh saatnya aparat bersikap tegas untuk menangkap sih tukang provokasi <hashtag>""",1.0,False
Non-bullying,<username> gua kan titit goblok,"""<username> gua kan titit goblok""",1.0,False
Non-bullying,bangsat anjing monyet babi goblok tolol henceut kontol,"""Bangsat anjing monyet babi goblok tolol henceut KONTOL""",1.0,False
Non-bullying,<username> <username> kalu ocehan pk mpud jng di denger .. dia mah gtu org nya.. mka nya gk jdi pke jas mendampingi jokowiðÿ˜€,"""<username> <username> Kalu ocehan pk mpud jng di denger .. Dia mah gtu org nya.. mka nya gk jdi pke jas mendampingi jokowiðŸ˜€""",1.0,False
Non-bullying,taik anjing selama 18 tahun belum pernah ngerasain yg namanya pacaran . gatau mau marah atau bersyukurã°å¸ëœâ­ aku bersyukur ko ya allah tapi kadang sering iri kalo liat warga yg pacaran disekelilingkuã°å¸ëœâ­,"""TAIK ANJING selama 18 tahun belum pernah ngerasain yg namanya pacaran . Gatau mau marah atau bersyukurÃ°Å¸ËœÂ­ aku bersyukur ko ya allah tapi kadang sering iri kalo liat warga yg pacaran disekelilingkuÃ°Å¸ËœÂ­""",1.0,False
Bullying,dwp aman diskotek dapet penghargaan . makin kagum sama gubernur indonesia bapak anies yang berhasil mengembangkan wisata party berbasis syariah .,"""DWP aman diskotek dapet penghargaan . Makin kagum sama Gubernur Indonesia bapak Anies yang berhasil mengembangkan Wisata Party berbasis Syariah .""",0.0,True
Non-bullying,<username> ya mas semoga stlh ini jauh lbh baik lg kbrnya <hashtag>,"""<username> Ya mas Semoga stlh ini jauh lbh baik lg kbrnya <hashtag>""",1.0,False
Non-bullying,<username> <username> <username> <username> <username> lah gub dki sekarang siapa? ada yg melakukan tindakan salah terus nyeret2 orang lain . terus diharap jadi benar? salah ya salah saja ... kek anak kecil merajuk . kentut . gak ada argumen,"""<username> <username> <username> <username> <username> Lah gub DKI sekarang siapa? Ada yg melakukan tindakan salah terus nyeret2 orang lain . Terus diharap jadi benar? Salah ya salah saja ... Kek anak kecil merajuk . Kentut . Gak ada argumen""",1.0,False
Non-bullying,<username> <username> <username> <username> mantaabb.....ðÿ‘ðÿ‘,"""<username> <username> <username> <username> Mantaabb.....ðŸ‘ðŸ‘""",1.0,False
Bullying,jangan salah paham . diskotik yang diberi penghargaan sama gubernur pilihan umat itu minumannya air zamzam cemilannya kurma ikhwan dan akhwat jogetnya dipisah .jogetnya pun harus joget unta ..syariah beud pokoknya,"""jangan salah paham . diskotik yang diberi penghargaan sama gubernur pilihan umat itu minumannya air zamzam cemilannya kurma ikhwan dan akhwat jogetnya dipisah .jogetnya pun harus joget unta ..syariah beud pokoknya""",0.0,True
Bullying,suatu hari nanti kita akan mengingat 14 february bukan hanya sebagai valentine's day tapi hari <hashtag> nasional wkwkwkwkwk..... :d,"""Suatu hari nanti kita akan mengingat 14 February bukan hanya sebagai Valentine's Day tapi hari <hashtag> nasional wkwkwkwkwk..... :D""",0.0,True
Non-bullying,<username> itu sebelahmu cleopatra atau nyi roro kidul?,"""<username> Itu sebelahmu cleopatra atau nyi roro kidul?""",1.0,False
Bullying,gubernur terbaik sejagat raya ... menangulangi banjir dengan beli toa .. ??????<hashtag>,"""Gubernur terbaik sejagat raya ... menangulangi banjir dengan beli TOA .. ??????<hashtag>""",0.0,True
Bullying,bagus sih .... jadi tingkat kemiskinan di indonesia menurun tapi bukan karena menjadi sederhana atau kaya tapi mati <hashtag>,"""Bagus sih .... Jadi tingkat kemiskinan di Indonesia menurun tapi bukan karena menjadi sederhana atau kaya tapi MATI <hashtag>""",0.0,True
Non-bullying,kata kaum milenial semoga pakde <username> memberikan pendidikan yang lebih layak lagi seperti memperbanyak beasiswa .,"""kata kaum milenial semoga pakde <username> memberikan Pendidikan yang lebih layak lagi seperti memperbanyak beasiswa .""",1.0,False
Non-bullying,kalau mempersoalkan cadar dan celana cingkrang itu dampaknya malah kegaduhan dan tidak substantif . tapi kalau pak menag mampu mendorong ruu miras disahkan itu baru terobosan . umat menunggu gebrakan pak menag soal regulasi miras tutur fahira . <link>,"""Kalau mempersoalkan cadar dan celana cingkrang itu dampaknya malah kegaduhan dan tidak substantif . Tapi kalau Pak Menag mampu mendorong RUU Miras disahkan itu baru terobosan . Umat menunggu gebrakan Pak Menag soal regulasi miras tutur Fahira . <link>""",1.0,False
Non-bullying,hello november ! welcoming november rain <hashtag> <hashtag> <hashtag>,"""Hello November ! Welcoming November rain <hashtag> <hashtag> <hashtag>""",1.0,False
Non-bullying,<username> <username> <username> maksudnya gimana ini? bukannya realita itu kumpulan fakta? lha kalau sudah berdasar realita ya berarti bertumpu pada banyak fakta . berdasar realita tapi ndak sesuai fakta? uopoh . ðÿ¤”,"""<username> <username> <username> Maksudnya gimana ini? Bukannya realita itu kumpulan fakta? Lha kalau sudah berdasar realita ya berarti bertumpu pada banyak fakta . Berdasar realita tapi ndak sesuai fakta? Uopoh . ðŸ¤”""",1.0,False
Non-bullying,<username> <username> knapa mentri perikanan bukan ibu susi lagi kecewa akutu padahal jasa dan prestasi nya begitu gemilang trimakasih atas jasa mu bu <hashtag>,"""<username> <username> Knapa mentri perikanan bukan ibu susi lagi kecewa akutu padahal jasa dan prestasi nya begitu gemilang trimakasih atas jasa mu bu <hashtag>""",1.0,False
Non-bullying,<username> mantab . bisa terancam dibilang terbelakang nih sama org terbelakang dari kader partai sontoloyo indonesia . cc <username>,"""<username> Mantab . Bisa terancam dibilang terbelakang nih sama org terbelakang dari kader partai sontoloyo indonesia . Cc <username>""",1.0,False
Non-bullying,<username> di era presiden sontoloyo,"""<username> Di era presiden sontoloyo""",1.0,False
Non-bullying,<username> astagfirullah tip tolol wkwkwkwk,"""<username> Astagfirullah tip tolol wkwkwkwk""",1.0,False
Non-bullying,selamat pagi para calon billionaire muda :) sudah siap berjuang meraih mimpi? letakkan sabar dan ikhlas dalam setiap perjalanan ya :),"""Selamat Pagi para calon billionaire muda :) Sudah siap berjuang meraih mimpi? letakkan sabar dan ikhlas dalam setiap perjalanan ya :)""",1.0,False
Bullying,kayanya jalan-jalan bawa bendera isis seru nih . soalnya kalau bawa atribut pki bisa dihajar .,"""Kayanya jalan-jalan bawa bendera ISIS seru nih . Soalnya kalau bawa atribut PKI bisa dihajar .""",0.0,True
Bullying,<username> <username> <username> hdh mb ini sbnrny [trik nfs sbntr] ini adlh bhs orang pintar [trkekeh] mb bkl susa ngerti awokwokwok,"""<username> <username> <username> hdh mb ini sbnrny [trik nfs sbntr] ini adlh bhs orang pintar [trkekeh] mb bkl susa ngerti awokwokwok""",0.0,True
Non-bullying,<username> yg butuh nediem hanya rezim sontoloyo,"""<username> Yg butuh Nediem hanya rezim Sontoloyo""",1.0,False
Non-bullying,alhamdulillah cuma kaca pecah saja . mcd salah apa pak bu? antek antek asing? come on don't like an idiot think right? <hashtag> <hashtag>,"""Alhamdulillah CUMA kaca pecah saja . Mcd salah apa pak bu? Antek antek asing? Come on don't like an idiot think right? <hashtag> <hashtag>""",1.0,False
Bullying,<username> bahagia airnya maju bavotnya <hashtag>,"""<username> Bahagia airnya maju bavotnya <hashtag>""",0.0,True
Non-bullying,menkopulham mahfud md ingatkan masjid harus bawa kedamaian bukan adu domba . <username> <hashtag> <hashtag> <link>,"""Menkopulham Mahfud Md Ingatkan Masjid Harus Bawa Kedamaian Bukan Adu Domba . <username> <hashtag> <hashtag> <link>""",1.0,False
Non-bullying,<username> <username> <username> saya harap jika pilkada (pilgub) teruntuk <username> jangan lagi ikut gabung dengan <username> secara tidak langsung citra partai <username> rusak ....,"""<username> <username> <username> Saya harap jika Pilkada (Pilgub) teruntuk <username> jangan lagi ikut gabung dengan <username> secara tidak langsung citra partai <username> rusak ....""",1.0,False
Non-bullying,prestasi pencapaian sukses dll itu cuma bakal menjadi hak milik org yg optimis &amp; pekerja keras . anda kah salah satunya?,"""Prestasi pencapaian sukses dll itu cuma bakal menjadi hak milik org yg optimis &amp; pekerja keras . Anda kah salah satunya?""",1.0,False
Non-bullying,<username> <username> tolol,"""<username> <username> Tolol""",1.0,False
Non-bullying,dear mantan pasti kamu nyesel aku udah mirip dominik toreto <hashtag> <link>,"""Dear mantan pasti kamu nyesel aku udah mirip dominik toreto <hashtag> <link>""",1.0,False
Non-bullying,<username> <username> <username> itu udah jadi sistem protokolernya beb .. harus pake plat pemerintahnya ..,"""<username> <username> <username> itu udah jadi sistem protokolernya beb .. harus pake plat pemerintahnya ..""",1.0,False
Bullying,selamat datang banjir . semoga banjir kali ini lebih syari dibanding tahun tahun yang lalu . <username> lupa banjir ingetnya aibon saja,"""SELAMAT DATANG BANJIR . SEMOGA BANJIR KALI INI LEBIH SYARI DIBANDING TAHUN TAHUN yang LALU . <username> LUPA BANJIR INGETNYA AIBON SAJA""",0.0,True
Bullying,semoga air yang tergenang ini jadi berkah bagi warga jakarta dan bapak gubernur akan semakin banyak mendapat pahala dan cepat masuk sorga karna dibully oleh warganya betulkan <username> . <hashtag>,"""Semoga air yang tergenang ini jadi berkah bagi Warga Jakarta dan bapak Gubernur akan semakin banyak mendapat pahala dan cepat masuk sorga karna dibully oleh warganya betulkan <username> . <hashtag>""",0.0,True
Bullying,<username> <username> <username> mau elegan? noh gabung sama nia ramadhani jan sama kita yang sampah .,"""<username> <username> <username> Mau elegan? Noh gabung sama nia ramadhani jan sama kita yang sampah .""",0.0,True
Non-bullying,buat ruben jangan manjain <hashtag> kasihan talia dan tania .,"""Buat Ruben jangan manjain <hashtag> kasihan talia dan tania .""",1.0,False
Non-bullying,menang umuk kalah ngamuk !! <hashtag> <hashtag> <hashtag> <hashtag>,"""Menang umuk kalah ngamuk !! <hashtag> <hashtag> <hashtag> <hashtag>""",1.0,False
Non-bullying,<username> <username> paling bacaannya seword,"""<username> <username> Paling bacaannya seword""",1.0,False
Non-bullying,<username> <username> kremes ? ini mah kresek <hashtag>,"""<username> <username> Kremes ? Ini mah Kresek <hashtag>""",1.0,False
Non-bullying,<username> <username> mantap kang dede !,"""<username> <username> Mantap kang dede !""",1.0,False
Non-bullying,pembodohan untuk rakyat kecil menjanjikan pengangguran akan digajih :-d terus yang menguasi pekerjaan orang asing sedangkan kita hanya jadi penonton dinegara kita ini dan mendapatkan gaji buta tanpa memikirkan anak cucu kita di masadepan nanti sangat bodoh <hashtag>,"""Pembodohan Untuk Rakyat Kecil Menjanjikan Pengangguran Akan Digajih :-D Terus Yang Menguasi Pekerjaan Orang Asing Sedangkan Kita Hanya Jadi Penonton Dinegara Kita Ini Dan Mendapatkan Gaji Buta Tanpa Memikirkan Anak Cucu Kita Di Masadepan Nanti Sangat Bodoh <hashtag>""",1.0,False
Non-bullying,sektor pertanian mantab petani sejahtera indonesia swasembada beras . ini terjadi di era pak harto . <hashtag> <hashtag> <username> <username> <username> <hashtag> <hashtag> <hashtag> <link>,"""Sektor pertanian mantab petani sejahtera Indonesia swasembada beras . Ini terjadi di era Pak Harto . <hashtag> <hashtag> <username> <username> <username> <hashtag> <hashtag> <hashtag> <link>""",1.0,False
Non-bullying,korban kadrun sontoloyo <link>,"""Korban kadrun sontoloyo <link>""",1.0,False
Bullying,<username> cebong mmg luar biasa selalu merasa plg pinter dan tahu; tetapi makan kebohongan dan janji kosong ..,"""<username> Cebong mmg luar biasa selalu merasa plg pinter dan tahu; tetapi makan kebohongan dan janji kosong ..""",0.0,True
Non-bullying,menandai 20 tahun resolusi dk pbb pertama tentang perlindungan masyarakat sipil dalam konflik bersenjata,"""Menandai 20 tahun resolusi DK PBB pertama tentang Perlindungan Masyarakat Sipil dalam Konflik Bersenjata""",1.0,False
Non-bullying,alhamdulillah kemenangan itu anugrah dari allah . semoga amanah ya pak ...<hashtag>,"""Alhamdulillah kemenangan itu anugrah dari Allah . Semoga amanah ya pak ...<hashtag>""",1.0,False
Non-bullying,kami menjamin seluruh biaya bpjs akan diselesaikan secara bertahap setiap bulannya demi pelayanan yang maksimal kepada masyarakat . baik itu pelayan rawat jalan maupun rawat inap kata terawan . <hashtag> <link>,"""Kami menjamin seluruh biaya BPJS akan diselesaikan secara bertahap setiap bulannya demi pelayanan yang maksimal kepada masyarakat . Baik itu pelayan rawat jalan maupun rawat inap kata Terawan . <hashtag> <link>""",1.0,False
Bullying,ayodong berkaca maksudnya? jangan banyak bicara kalau gabisa berkarya,"""ayodong berkaca maksudnya? jangan banyak bicara kalau gabisa berkarya""",0.0,True
Non-bullying,ngakak banget pas han : buuuu..... gue kira apaan â­ malah ibu ibu ilang anjing goblok,"""NGAKAK BANGET PAS HAN : BUUUU..... GUE KIRA APAAN Â­ MALAH IBU IBU ILANG ANJING GOBLOK""",1.0,False
Non-bullying,ini mah peluru pubg saya yang di drop pak bukan punya polisi . hadehh <hashtag>,"""Ini mah peluru PUBG saya yang di drop pak bukan punya polisi . Hadehh <hashtag>""",1.0,False
Bullying,nanya lapangan kerja kurang mulu tapi kualitas diri sendiri kurang sekolah ogah ogahan suruh daftar kerja banyak alesan suruh bikin usaha malah sibuk ngopi sambil ketawa ketiwi.,"""Nanya lapangan kerja kurang mulu tapi kualitas diri sendiri kurang sekolah ogah ogahan suruh daftar kerja banyak alesan suruh bikin usaha malah sibuk ngopi sambil ketawa ketiwi.""",0.0,True
Non-bullying,<hashtag> tagar yang menghantam mu bang <username>,"""<hashtag> tagar yang menghantam mu bang <username>""",1.0,False
Bullying,kita harus bannga punya gubernur spt anies ... program pemerataan banjir berjalan sesuai rencana ... terimakasih bapak <username>,"""Kita harus bannga punya gubernur spt Anies ... program pemerataan banjir berjalan sesuai rencana ... terimakasih bapak <username>""",0.0,True
Bullying,haduuuhhh gubernur jago banget ngelesnya .... <hashtag> <hashtag> <hashtag>,"""Haduuuhhh Gubernur jago banget ngelesnya .... <hashtag> <hashtag> <hashtag>""",0.0,True
Non-bullying,<username> eleh eleehhhh ... sontoloyo ...,"""<username> Eleh eleehhhh ... sontoloyo ...""",1.0,False
Non-bullying,untuk sukses memang membutuhkan waktu apa lagi untuk gagal - anda juga butuh waktu . pilih yang mana?,"""Untuk sukses memang membutuhkan waktu APA LAGI untuk gagal - Anda juga butuh waktu . Pilih yang mana?""",1.0,False
Non-bullying,beliau sangat diharapkan rakyat . <hashtag> <link>,"""Beliau sangat diharapkan rakyat . <hashtag> <link>""",1.0,False
Non-bullying,ya elah g masalah ini keinginan rakyat yg di curangi bukan ke inginan <username> <username>,"""Ya elah g masalah ini keinginan rakyat yg di curangi bukan ke inginan <username> <username>""",1.0,False
Non-bullying,<username> niorang bergurunya sama sengkuni <hashtag> deh keknya ...,"""<username> Niorang bergurunya sama sengkuni <hashtag> deh keknya ...""",1.0,False
Non-bullying,<username> mantul pade,"""<username> Mantul pade""",1.0,False
Non-bullying,kepala lu gundul .. dasar setan gundul .. wowok aja suruh mundur dr nkri .. pergi ke yaman aja <hashtag>,"""kepala lu gundul .. dasar setan gundul .. wowok aja suruh mundur dr NKRI .. pergi ke yaman aja <hashtag>""",1.0,False
Non-bullying,<username> sudipapapapap cipidawpidaw baru rapbd parararppampammmpamyeah,"""<username> Sudipapapapap cipidawpidaw baru RAPBD parararppampammmpamyeah""",1.0,False
Non-bullying,alhamdulilah hari ini suasana sudah membaik ... temen2 jgn terhasut dgn isu-isu yg gak jelas ya ... don\u2019t believe in\u2026 <link>,"""Alhamdulilah hari ini suasana sudah membaik ... temen2 jgn terhasut dgn isu-isu yg gak jelas ya ... don\u2019t believe in\u2026 <link>""",1.0,False
Bullying,hebat ya . banjir belum teratasi gabener langsung menghancurkan monas . <hashtag> <hashtag>,"""Hebat ya . Banjir belum teratasi gabener langsung menghancurkan monas . <hashtag> <hashtag>""",0.0,True
Non-bullying,salah satu alasan kenapa kekuasaan jokowi harus diakhiri adalah buzzernya yang tak segan memfitnah merusak keluarga orang . berlindung di balik akun anonim dan kekuasaan yang menghalalkan segala cara . bila jokowi menang mereka akan makin pongah.,"""Salah satu alasan kenapa kekuasaan Jokowi harus diakhiri adalah buzzernya yang tak segan memfitnah merusak keluarga orang . Berlindung di balik akun anonim dan kekuasaan yang menghalalkan segala cara . Bila Jokowi menang mereka akan makin pongah.""",1.0,False
Bullying,<hashtag> . kasihan ... kasihan ... kasihan..... import air ah biar kelihatan begonya gkgkgkgkgk,"""<hashtag> . kasihan ... kasihan ... kasihan..... Import air ah biar kelihatan begonya gkgkgkgkgk""",0.0,True
Bullying,urusan menghamburkan anggaran memang jagonya bahkan melebihi tata katanya .. mungkin warga jkt 58 hanya bisa diam krna takut melawan sunatullah jika mengkritik pilihannya .. <hashtag>,"""Urusan menghamburkan anggaran memang jagonya bahkan melebihi tata katanya .. Mungkin warga jkt 58 hanya bisa diam krna takut melawan sunatullah jika mengkritik pilihannya .. <hashtag>""",0.0,True
Non-bullying,elite nya udah damai nih . mari yang dibawah juga damaiðÿ˜œðÿ˜œ <hashtag>,"""elite nya udah damai nih . mari yang dibawah juga damaiðŸ˜ŒðŸ˜Œ <hashtag>""",1.0,False
Non-bullying,puisi <username> doa yang ditukar sudah keterlaluan . dimana penghormatanmu terhadapa ulama? kh . maimoen zubair itu ulama sepuh bung . <hashtag>,"""Puisi <username> Doa Yang Ditukar sudah Keterlaluan . Dimana penghormatanmu terhadapa Ulama? KH . Maimoen Zubair itu Ulama Sepuh bung . <hashtag>""",1.0,False
Non-bullying,<username> <username> <username> klo sbg tim ahli seharusnya dia mundur dr keanggotaan dpr klo dia terpilih lagi periode skr,"""<username> <username> <username> Klo sbg tim ahli seharusnya dia mundur dr keanggotaan DPR klo dia terpilih lagi periode skr""",1.0,False
Non-bullying,pemerintah sudah membuat uu tentang bahaya narkoba . kadernya jadi pengguna/pengedar narkoba yg di salahkan pemerintah/jokowi . agama/al-qur'an juga menjelaskan bahaya narkoba dan mengharamkannya . kadernya jadi pengguna/pengedar narkoba yg disalahkan agama dan al-qur'an . <hashtag>,"""Pemerintah sudah membuat UU tentang bahaya narkoba . Kadernya jadi pengguna/Pengedar narkoba yg di salahkan pemerintah/Jokowi . Agama/Al-Qur'an juga menjelaskan bahaya narkoba dan mengharamkannya . Kadernya jadi pengguna/Pengedar narkoba yg disalahkan agama dan Al-Qur'an . <hashtag>""",1.0,False
Non-bullying,kenapa sih gue selalu dipuji terus <hashtag>,"""kenapa sih gue selalu dipuji terus <hashtag>""",1.0,False
Non-bullying,<username> ujung2nya curhat terus dapet jawaban yg itu itu aja sampe nia ramadhani bisa kupas durian pake tangan ðÿ˜ª,"""<username> Ujung2nya curhat terus dapet jawaban yg itu itu aja sampe nia ramadhani bisa kupas durian pake tangan ðŸ˜ª""",1.0,False
Bullying,sulit mencari kesalahan anies. dia penuh dengan diamond playbutton,"""Sulit mencari kesalahan anies. Dia penuh dengan diamond playbutton""",0.0,True
Non-bullying,kasian kali laa tapi lucu wk <hashtag> <hashtag> <hashtag> <hashtag> <hashtag> <hashtag> <hashtag> <link>,"""Kasian kali laa tapi lucu wk <hashtag> <hashtag> <hashtag> <hashtag> <hashtag> <hashtag> <hashtag> <link>""",1.0,False
Non-bullying,pantes suka halu .. doyan nyabu sama wadon ternyata . <hashtag>,"""Pantes suka halu .. Doyan nyabu sama wadon ternyata . <hashtag>""",1.0,False
Non-bullying,nilai-nilai?? apakah memberi grasi pd koruptor itu termasuk integritas anti korupsi? apakah pemberian remisi pd koruptor itu tdk mencederai nilai2 anti korupsi? narasi anda seolah penuh kebajikan padahal nyatanya anda menafikan nilai2 yg anda ucapkan itu kami sebut sontoloyo <link>,"""nilai-nilai?? apakah memberi grasi pd koruptor itu termasuk integritas anti korupsi? apakah pemberian remisi pd koruptor itu tdk mencederai nilai2 anti korupsi? narasi anda seolah penuh kebajikan padahal nyatanya anda menafikan nilai2 yg anda ucapkan itu kami sebut sontoloyo <link>""",1.0,False
Bullying,bedakan pemimpi otentik yang tulus dengan pemimpin <hashtag> yang licik,"""Bedakan pemimpi otentik yang tulus dengan pemimpin <hashtag> yang licik""",0.0,True
Non-bullying,membangun sebuah negara besar tidak mungkin menteri berjalan sendiri - sendiri . . . <hashtag> <hashtag> <hashtag> <hashtag> <hashtag> <hashtag> <hashtag> <hashtag> <hashtag> <hashtag> <hashtag> <hashtag> <link>,"""Membangun sebuah negara besar tidak mungkin menteri berjalan sendiri - sendiri . . . <hashtag> <hashtag> <hashtag> <hashtag> <hashtag> <hashtag> <hashtag> <hashtag> <hashtag> <hashtag> <hashtag> <hashtag> <link>""",1.0,False
Non-bullying,tukang bikin drama politik dan akar kekisruhan <hashtag>,"""tukang bikin drama politik dan akar kekisruhan <hashtag>""",1.0,False
Non-bullying,mari sudahi cerita cebong dan kampret biar mereka usang dimakan zaman . dan kembali menjadi satu indonesia ! <hashtag>,"""Mari sudahi cerita cebong dan kampret biar mereka usang dimakan zaman . Dan kembali menjadi satu Indonesia ! <hashtag>""",1.0,False
Non-bullying,tahun capek2x 98 nepotisme di tendang dari indonesia tahun 2019 nepotisme dipertontonkan melalui anak dan menantunya . dasar rezim sontoloyo . <hashtag>,"""Tahun capek2x 98 Nepotisme di tendang dari Indonesia Tahun 2019 Nepotisme dipertontonkan melalui anak dan menantunya . Dasar Rezim Sontoloyo . <hashtag>""",1.0,False
Non-bullying,kita jangan mau dipecah belah oleh org2 yg punya agenda politik busuk ! skrg saatnya kembali damai & saling merangkul . merdeka ! <hashtag>,"""Kita jangan mau dipecah belah oleh org2 yg punya agenda politik busuk ! Skrg saatnya kembali damai & saling merangkul . MERDEKA ! <hashtag>""",1.0,False
Bullying,selamat siang prof .... dungu <hashtag> <hashtag> <hashtag> ... ... ... <hashtag> <hashtag>,"""Selamat siang prof .... dungu <hashtag> <hashtag> <hashtag> ... ... ... <hashtag> <hashtag>""",0.0,True
Bullying,merdekaaa .. jangan pilih pemimpin penghina ulama dan suka sebar hoax,"""Merdekaaa .. jangan pilih pemimpin penghina ulama dan suka sebar hoax""",0.0,True
Non-bullying,hanya di indonesia rival politik membanggakan ketidak cerdasannya dengan fitnah dan adu domba dalam mengejar rating,"""Hanya di Indonesia rival politik membanggakan ketidak cerdasannya dengan Fitnah dan adu domba dalam mengejar rating""",1.0,False
Non-bullying,tetap semangat jangan lelah mengawal tanah kelahiran !,"""Tetap semangat jangan lelah mengawal tanah kelahiran !""",1.0,False
Bullying,capres cawapres 01 sebar visi misi dan kerja nyata sedang 02 hanya berita bohong dan fitnah,"""Capres cawapres 01 sebar visi misi dan kerja nyata sedang 02 hanya berita bohong dan fitnah""",0.0,True
Non-bullying,ada ada aja disetiap harinya <hashtag>,"""Ada ada aja Disetiap harinya <hashtag>""",1.0,False
Non-bullying,ibadah <hashtag> gak melulu soal pasangan suami istri kan ... kasian temen2 gw yg belom nikah ... termasuk akuðÿ˜…ðÿ˜…ðÿ˜… bisanya cuman ngumpul bahas game film dan ceue2 tetangga ...,"""Ibadah <hashtag> gak melulu soal pasangan suami istri kan ... Kasian temen2 gw yg belom nikah ... termasuk akuðŸ˜…ðŸ˜…ðŸ˜… Bisanya cuman ngumpul bahas game film dan ceue2 tetangga ...""",1.0,False
Non-bullying,ironi sekali saking ambisi mereka tega merendahkan sosok ulama,"""Ironi sekali saking ambisi mereka tega merendahkan sosok ulama""",1.0,False
Non-bullying,sukarelawan berkumpul bantu bersihkan rumah mangsa banjir <link> <link>,"""Sukarelawan berkumpul bantu bersihkan rumah mangsa banjir <link> <link>""",1.0,False
Non-bullying,kesempatan anda untuk sukses di setiap kondisi selalu dapat diukur oleh seberapa besar kepercayaan anda pada diri sendiri .,"""Kesempatan anda untuk sukses di setiap kondisi selalu dapat diukur oleh seberapa besar kepercayaan anda pada diri sendiri .""",1.0,False
Bullying,katanya bukan negara islam tapi kok makai dana-dana umat islam.?,"""Katanya bukan negara Islam tapi kok makai dana-dana umat Islam.?""",0.0,True
Non-bullying,<username> yaampun yauda deh kamu jadi nia ramadhani aja,"""<username> Yaampun yauda deh kamu jadi nia ramadhani aja""",1.0,False
Non-bullying,<username> <username> pekok itu sama aja kek bodoh bloon alias goblok,"""<username> <username> Pekok itu sama aja kek bodoh bloon alias goblok""",1.0,False
Non-bullying,<username> <username> <username> kalau luka gak usah pakai bpjs .,"""<username> <username> <username> Kalau luka gak usah pakai BPJS .""",1.0,False
Bullying,bukti sikap mulia kalian2 yang bikin onar tukang hoax fitnah aparat belum sadarkah kalian? tidak malukah kalian? terutama amien rais <hashtag>-yutlipu-talapan added bareskrim polri,"""Bukti Sikap Mulia kalian2 yang bikin onar tukang hoax fitnah aparat belum sadarkah kalian? tidak malukah kalian? terutama Amien Rais <hashtag>-YutLipu-TaLapan added BARESKRIM POLRI""",0.0,True
Non-bullying,mantan ketua umum muhammadiyah syafii maarif meminta agar kepada pihak-pihak yang menuduh presiden <username> tidak me\u2026 <link>,"""Mantan Ketua Umum Muhammadiyah Syafii Maarif meminta agar kepada pihak-pihak yang menuduh Presiden <username> tidak me\u2026 <link>""",1.0,False
Non-bullying,<username> kalo kata simbah aku hidup paling gampang itu maido ( mencaci) sama nyalaho wong ( menyalahkan orang lain),"""<username> kalo kata simbah aku hidup paling gampang itu maido ( mencaci) sama nyalaho wong ( menyalahkan orang lain)""",1.0,False
Non-bullying,<username> <username> tadi gua abis baca thread nyi roro kidul wkwkwk,"""<username> <username> Tadi gua abis baca thread nyi roro kidul wkwkwk""",1.0,False
Bullying,kalau ane bilang sbenernya monas bukan lagi cagar budaya monas sudah jdi cagar keimanan sejak laskar 212 ane sering pakai bwat gelar acara reunian kalau sampai dibatalken ane akan bentuk fpfe (front pembela formula e) dmi mndukung gubernur jinjingan laskar! <hashtag>,"""kalau Ane bilang sbenernya Monas bukan lagi Cagar Budaya Monas sudah jdi Cagar Keimanan sejak laskar 212 ane sering pakai bwat gelar acara Reunian kalau sampai dibatalken ane akan bentuk FPFE (Front Pembela Formula E) dmi mndukung Gubernur jinjingan laskar! <hashtag>""",0.0,True
Non-bullying,<username> ga cocok ente ngomong gitu dul cocok nye ente ngobrol ma <username> ... cucok booo ðÿ˜,"""<username> Ga cocok ente ngomong gitu dul cocok nye ente ngobrol ma <username> ... cucok booo ðŸ˜""",1.0,False
Non-bullying,kabinet indonesia maju terdiri dari para profesinal dan politisi yg hebat yg akan membuat indonesia maju <hashtag> <link>,"""Kabinet Indonesia Maju terdiri dari para profesinal dan politisi yg hebat yg akan membuat Indonesia Maju <hashtag> <link>""",1.0,False
Non-bullying,kalau berantem lempar-lemparan dalil . :),"""Kalau berantem lempar-lemparan dalil . :)""",1.0,False
Non-bullying,<username> kenttiiiirrrr koweeee <hashtag>,"""<username> kenttiiiirrrr koweeee <hashtag>""",1.0,False
Non-bullying,dengan keputusan walikota surabaya tri rismaharini taman bungkul surabaya lagi-lagi diramaikan dengan pendukung gerakan <hashtag>,"""dengan keputusan walikota surabaya tri rismaharini taman bungkul surabaya lagi-lagi diramaikan dengan pendukung gerakan <hashtag>""",1.0,False
Bullying,terimakasih bapak gubernur di tahun baru ini kami wargamu mendapat fasilitas kolam renang pribadi di teras masing2?? tahiiiiik .,"""Terimakasih bapak Gubernur di Tahun baru ini kami wargamu mendapat fasilitas Kolam renang pribadi di teras masing2?? tahiiiiik .""",0.0,True
Non-bullying,<username> <username> <username> hallo <username> apakah memang kalau baru di dprd lantas diam jika melihat penympangan . lanjutkan <username>,"""<username> <username> <username> Hallo <username> apakah memang kalau baru di DPRD lantas diam jika melihat penympangan . Lanjutkan <username>""",1.0,False
Non-bullying,<username> semoga dengan prestasi beliau sumatera selatan lebih maju dan sejahtera .,"""<username> Semoga dengan prestasi beliau sumatera selatan lebih maju dan sejahtera .""",1.0,False
Non-bullying,kamu anjing yang bunyinya meong meong ya?,"""Kamu anjing yang bunyinya meong meong ya?""",1.0,False
Non-bullying,kita semua sama-sama manusia tapi kali ini kita sama dengan <hashtag>,"""Kita semua sama-sama manusia tapi kali ini kita sama dengan <hashtag>""",1.0,False
Non-bullying,sukses itu nggak ada rumus bakunya . tapi banyak contoh sukses yang bisa kita lihat dan kita pelajari .,"""Sukses itu nggak ada rumus bakunya . Tapi banyak contoh sukses yang bisa kita lihat dan kita pelajari .""",1.0,False
Bullying,ahok mmg betul jitu banget menyebut kalau <username> kelewat pinter .... pinter 4 ng - ngibul - ngelez - ngambinghitamkan orang - ngarang alasan bangsa ini berharap besar <hashtag> <link>,"""Ahok mmg betul jitu banget menyebut kalau <username> kelewat pinter .... Pinter 4 ng - ngibul - ngelez - ngambinghitamkan orang - ngarang alasan Bangsa ini berharap besar <hashtag> <link>""",0.0,True
Non-bullying,ayo ikutan siapa tau menang ðÿ¥³ðÿ¤©ðÿ˜… cek ig <username> .id â¤ <hashtag> <hashtag> <hashtag> <hashtag> <link>,"""Ayo ikutan siapa tau menang ðŸ¥³ðŸ¤©ðŸ˜… cek ig <username> .id â¤ <hashtag> <hashtag> <hashtag> <hashtag> <link>""",1.0,False
Non-bullying,yang gue salut belum kenal udh bisa menilai orang itu bagaimana lu dukun atau semacam nya sih ðÿ˜ðÿ˜„<hashtag> <hashtag>,"""Yang gue salut belum kenal udh bisa menilai orang itu bagaimana lu dukun atau semacam nya sih ðŸ˜ðŸ˜„<hashtag> <hashtag>""",1.0,False
Non-bullying,<username> ok 17 nanti 02,"""<username> Ok 17 nanti 02""",1.0,False
Non-bullying,payah amat lah orang ini baru minum cek in di tmpt begitu aja di umbar eek . lucu kampungannya terlalu ditunjukin biar keliatan gaul dan nilai sosialita bnyk temen yg bgtu? anjirr lucu amat orang beginian banyak lagi orangnya,"""Payah amat lah orang ini baru minum cek in di tmpt begitu aja di umbar eek . Lucu kampungannya terlalu ditunjukin biar keliatan gaul dan nilai sosialita bnyk temen yg bgtu? anjirr lucu amat orang beginian banyak lagi orangnya""",1.0,False
Non-bullying,sebelum nya baja sekarang semen industri vital semakin di gerus .... trus lo masih ngaku <hashtag>? <hashtag>,"""Sebelum nya baja sekarang semen industri vital semakin di gerus .... Trus lo masih ngaku <hashtag>? <hashtag>""",1.0,False
Bullying,<username> betul banget susah sekali nyri kekurangan bapak gub anies. berkat beliaulah air bah rasa berkah.,"""<username> Betul banget susah sekali nyri kekurangan bapak Gub Anies. Berkat beliaulah air bah rasa berkah.""",0.0,True
Non-bullying,kita nanati akan segera mempotret secara serius apa problem-problem pedesaan kita karena menurut data bps tahun 2020 itu perbandingan penduduk desa dan kota itu sekitar 56% banding 44 % untuk kota dan desa . budi arie setiadi <hashtag> <hashtag> <username> <link>,"""Kita nanati akan segera mempotret secara serius apa problem-problem pedesaan kita karena menurut data BPS tahun 2020 itu perbandingan penduduk desa dan kota itu sekitar 56% banding 44 % untuk kota dan desa . Budi Arie Setiadi <hashtag> <hashtag> <username> <link>""",1.0,False
Non-bullying,bohong aja ada kartunya ... ckckckckck....... <hashtag> <hashtag>,"""Bohong aja ada kartunya ... ckckckckck....... <hashtag> <hashtag>""",1.0,False
Non-bullying,<username> <username> ga punya prestasi ya dukungannya ... stress dia,"""<username> <username> Ga punya prestasi ya dukungannya ... stress dia""",1.0,False
Non-bullying,aku juga minta <hashtag> <link>,"""Aku juga minta <hashtag> <link>""",1.0,False
Bullying,gd bye otak :) welcome kegoblokan uninstallbukalapak,"""Gd bye otak :) Welcome kegoblokan uninstallbukalapak""",0.0,True
Non-bullying,milenial goblog lah tai anjing,"""milenial goblog lah tai anjing""",1.0,False
Non-bullying,<username> tompel mabuk kacang panjang ..,"""<username> Tompel Mabuk kacang panjang ..""",1.0,False
Non-bullying,<username> yg mundur si zon kabinet akan terus maju . kalau si zon kan mulut nya yg maju .,"""<username> Yg mundur si Zon kabinet akan terus maju . Kalau si Zon kan mulut nya yg maju .""",1.0,False
Non-bullying,selamat pak jokowi semoga amanah . aaminn . <hashtag>,"""selamat pak jokowi semoga amanah . Aaminn . <hashtag>""",1.0,False
Non-bullying,tabrak aturan susi soal lobster edhy prabowo disebut menteri sontoloyo - <link> <hashtag> <link>,"""Tabrak Aturan Susi soal Lobster Edhy Prabowo Disebut Menteri Sontoloyo - <link> <hashtag> <link>""",1.0,False
Non-bullying,emang gua pikirin sekut yg penting ngebul <hashtag>,"""Emang gua pikirin Sekut yg penting ngebul <hashtag>""",1.0,False
Bullying,kuat jawaranya bahagia warga nya maju kotanya habis anggarannya <hashtag>,"""Kuat jawaranya Bahagia warga nya Maju kotanya Habis anggarannya <hashtag>""",0.0,True
Non-bullying,kalo chat di read doang tandanya apa ya? ya mundur lah goblok pake nanyaa .,"""Kalo chat di read doang tandanya apa ya? Ya mundur lah goblok pake nanyaa .""",1.0,False
Non-bullying,meski berbeda pilihan tapi kita tetap satu yaitu indonesia . marilah kita bersama menjaga kembali persatuan & kesatuan republik merah putih kita ini dengan jalan yg damai juga tentram <hashtag>,"""Meski berbeda pilihan tapi kita tetap satu yaitu Indonesia . Marilah kita bersama menjaga kembali persatuan & kesatuan republik merah putih kita ini dengan jalan yg damai juga tentram <hashtag>""",1.0,False
Bullying,bagaimana kabar buniyani ? masih percaya dg fitnah penista agama ?,"""Bagaimana kabar BuniYani ? Masih percaya dg fitnah penista agama ?""",0.0,True
Non-bullying,<username> <username> gagal deh jd cawalkot medan <username> ðÿ˜€ðÿ˜€ðÿ˜€ <hashtag>,"""<username> <username> Gagal deh jd Cawalkot Medan <username> ðŸ˜€ðŸ˜€ðŸ˜€ <hashtag>""",1.0,False
Non-bullying,anies sebut e-budgeting tidak smart ahok: itu baik kalau nggak niat maling <link> <hashtag> <hashtag> <hashtag> <hashtag>,"""Anies Sebut e-Budgeting Tidak Smart Ahok: Itu Baik Kalau Nggak Niat Maling <link> <hashtag> <hashtag> <hashtag> <hashtag>""",1.0,False
Bullying,bilangnya stok beras cukup 21 hari .. anjiiir bapak wo .. ngomong tidak pakai data ya bapak ..?? panik gagal lagi ya bapak wo ..? :d :d,"""Bilangnya stok beras cukup 21 hari .. Anjiiir bapak Wo .. ngomong tidak pakai data ya bapak ..?? Panik gagal lagi ya bapak Wo ..? :D :D""",0.0,True
Non-bullying,ambyarrrr ..... emaakkkk..... nunggu linkkk naik sepeda dari <username> <hashtag> <hashtag> <hashtag> <hashtag> <hashtag> <hashtag>,"""Ambyarrrr ..... Emaakkkk..... Nunggu linkkk naik sepeda dari <username> <hashtag> <hashtag> <hashtag> <hashtag> <hashtag> <hashtag>""",1.0,False
Non-bullying,ya . 2019 akan berakhir tanpa di sadari dan 2020 sudah di ambang pintu pembukaan . tapi hidupku tak ada yang berubah . semoga 2020 bisa memberikan hal dan kesan yang baru dalam hidup ku . <hashtag>,"""Ya . 2019 akan berakhir tanpa di sadari dan 2020 sudah di ambang pintu pembukaan . Tapi hidupku tak ada yang berubah . Semoga 2020 bisa memberikan hal dan kesan yang baru dalam hidup ku . <hashtag>""",1.0,False
Non-bullying,mana punya muka <username> ? kalo punya paling muka pantat hitam kwkwkw colek neng <username> <hashtag> <link>,"""Mana punya muka <username> ? Kalo punya paling muka pantat hitam Kwkwkw Colek neng <username> <hashtag> <link>""",1.0,False
Bullying,atm mu setebel apa mas :d lagi bohong yah ?,"""Atm mu setebel apa mas :D lagi bohong yah ?""",0.0,True
Non-bullying,batas sarkasme dan memuji itu tipisss kadang tak nampak sama sekali ã°å¸ëœâ,"""Batas sarkasme dan memuji itu tipisss kadang tak nampak sama sekali Ã°Å¸ËœÂ""",1.0,False
Non-bullying,<username> <username> ajarinnya itu mentri biar dipaham toh selama ini juga banyak asn yg celana cingkrang fineâ² aja mereka <hashtag> <hashtag>,"""<username> <username> Ajarinnya itu mentri biar dipaham Toh selama ini juga banyak ASN yg celana cingkrang fineÂ² aja mereka <hashtag> <hashtag>""",1.0,False
Bullying,akhir cerita mereka akan krmbali menjadi kasta paria spt jaman orba ... <hashtag>,"""Akhir cerita mereka akan krmbali menjadi kasta paria spt jaman orba ... <hashtag>""",0.0,True
Bullying,<username> terima kasih bapak anies baswedan cebong mah mana ngarti kalau itu mah hanya aer yang lagi ngantri bukan banjer ! dasar cebong !,"""<username> Terima kasih bapak Anies Baswedan Cebong mah mana ngarti kalau itu mah hanya AER yang lagi NGANTRI bukan BANJER ! DASAR CEBONG !""",0.0,True
Non-bullying,terima kasi bu susi telah menajaga laut . tumbu karang dan semua isi di laut indonesia . atas kerja keras . kedisiplinan dan ketegasan ibu selama menjadi mentri kelautan . saya bangga bu . terima kasih bu susi . we will miss you . bu susi . <hashtag> ðÿ™ðÿ™ <link>,"""Terima kasi bu susi telah menajaga laut . Tumbu karang dan semua isi di laut indonesia . Atas kerja keras . Kedisiplinan dan ketegasan ibu selama menjadi mentri kelautan . Saya bangga bu . Terima kasih bu susi . We will miss you . Bu susi . <hashtag> ðŸ™ðŸ™ <link>""",1.0,False
Non-bullying,<username> semangat jenderal â¤ <hashtag>,"""<username> Semangat jenderal â¤ <hashtag>""",1.0,False
Bullying,<hashtag> itu berkah . serius itu berkah!!!!! berkah buat gerombolan2 tertentu yang tetiba dapat hibah media2 perusak akal dapat uang dari narasi2 pembelaan gabener el-bh dapat uang jadi jubir emak2 dpt uang demo berkah bikin anggaran beli toa dlll,"""<hashtag> ITU BERKAH . SERIUS ITU BERKAH!!!!! BERKAH BUAT GEROMBOLAN2 TERTENTU yang TETIBA DAPAT HIBAH MEDIA2 PERUSAK AKAL DAPAT uang DARI NARASI2 PEMBELAAN GABENER EL-BH DAPAT uang JADI JUBIR EMAK2 DPT uang DEMO BERKAH BIKIN ANGGARAN BELI TOA DLLL""",0.0,True
Non-bullying,<username> <username> menghantam jokowi-ma\'ruf ... kalau pak <username> seorang yg taat pada pimpinannya maka seharusnya fadlizon harus sumpal sandal mulutnya . inilah saat nya melihat seorang prabowo taat setia pd atasannya dan harus sanggup menapok cengkem anak buahnya yg kurang ajar .,"""<username> <username> menghantam Jokowi-Ma\'ruf ... kalau pak <username> seorang yg taat pada pimpinannya maka seharusnya Fadlizon harus sumpal sandal mulutnya . Inilah saat nya melihat seorang prabowo taat setia pd atasannya dan harus sanggup menapok cengkem anak buahnya yg kurang ajar .""",1.0,False
Non-bullying,jokowi sering dipersepsi tak pandai bicara & berdebat . para oposan menyebutnya planga plongo atau tak terlihat otaknya . tapi dengan serangan ini saya kira jokowi lalu mempersiapkan diri dengan baik . hasilnya dia selalu unggul baik debat semalam maupun 2014 . ' 0,"""Jokowi sering dipersepsi tak pandai bicara & berdebat . Para oposan menyebutnya planga plongo atau tak terlihat otaknya . Tapi dengan serangan ini saya kira Jokowi lalu mempersiapkan diri dengan baik . Hasilnya dia selalu unggul baik debat semalam maupun 2014 . ' 0""",1.0,False
Non-bullying,angga artinya anak manis yang bakal ngisi hari-harimu hingga kita sampai ke jenjang status berkeluarga asoooo <hashtag> <hashtag> <hashtag>,"""Angga ARTINYA Anak manis yang bakal ngisi hari-harimu hingga kita sampai ke jenjang status berkeluarga Asoooo <hashtag> <hashtag> <hashtag>""",1.0,False
Non-bullying,jadi gini ..semenjak kecil <username> itu sdh punya jiwa kepemimpinan .,"""jadi gini ..Semenjak kecil <username> itu sdh punya jiwa kepemimpinan .""",1.0,False
Bullying,mari kita luruskan hati mengaji itu untuk beribadah pada allah bukan kampanye . <hashtag>,"""Mari kita luruskan hati mengaji itu untuk beribadah pada Allah bukan kampanye . <hashtag>""",0.0,True
Bullying,<username> luar biasa ini tu kayak dia bilang â€˜welcome to indonesiaâ€™ ke virus corona manteb memang junjungan cebong,"""<username> Luar biasa ini tu kayak dia bilang â€˜welcome to indonesiaâ€™ ke virus corona manteb memang junjungan cebong""",0.0,True
Non-bullying,ngandani masalah e uwong sok pinter padahal awake dewe goblok ancok:(,"""Ngandani masalah e uwong sok pinter padahal awake dewe goblok ancok:(""",1.0,False
Non-bullying,salam hangat dari kami salam wonderful indonesia <hashtag>,"""Salam hangat dari kami salam wonderful indonesia <hashtag>""",1.0,False
Non-bullying,busana mendikbud nadiem makarim saat pelantikan rektor universitas indonesia (ui) dikritik terlalu santai . kemendikbud memberikan penjelasan mengenai gaya sang menteri: <hashtag> <hashtag> <link>,"""Busana Mendikbud Nadiem Makarim saat pelantikan Rektor Universitas Indonesia (UI) dikritik terlalu santai . Kemendikbud memberikan penjelasan mengenai gaya sang menteri: <hashtag> <hashtag> <link>""",1.0,False
Bullying,<username> semangat ?????? jakarta hancur ditangan anies . monas digunduli demi formula ... tragis <hashtag> <hashtag>,"""<username> semangat ?????? jakarta hancur ditangan anies . monas digunduli demi formula ... tragis <hashtag> <hashtag>""",0.0,True
Non-bullying,anak muda harus melatih diri untuk tetap mendorong maju bahkan saat menghadapi ketidak-mungkinan .,"""Anak muda harus melatih diri untuk tetap mendorong maju bahkan saat menghadapi ketidak-mungkinan .""",1.0,False
Non-bullying,melly goeslaw marah dan merasa dibully soal kostum halloween vidi: ga ada intensi untuk menyinggung <link> lewat <username>,"""Melly Goeslaw Marah dan Merasa Dibully soal Kostum Halloween Vidi: Ga Ada Intensi untuk Menyinggung <link> lewat <username>""",1.0,False
Bullying,baru tau kerjaan dpr gerebek psk selamat anda mendapat gelar dpr rasa satpol pp <hashtag>,"""baru tau kerjaan dpr gerebek psk selamat anda mendapat gelar dpr rasa satpol pp <hashtag>""",0.0,True
Bullying,doktrin mencengangkan . takut sama keadaan indonesia saat ini . di liat videonya <hashtag> <hashtag>,"""doktrin mencengangkan . takut sama keadaan indonesia saat ini . di liat videonya <hashtag> <hashtag>""",0.0,True
Bullying,negeri yang kaya akan budaya ini sedang sakit:(( pesta demokrasi yang harusnya dirayakan ramai ramai penuh kedamaian malah berujung brutal dan barbar . <hashtag> <hashtag> mari kita hapus kan kubu 01 dan 02 .kita tegakkan kubu 03 persatuan indonesia,"""Negeri yang kaya akan budaya ini sedang sakit:(( pesta demokrasi yang harusnya dirayakan ramai ramai penuh kedamaian malah berujung brutal dan barbar . <hashtag> <hashtag> Mari kita hapus kan kubu 01 dan 02 .Kita tegakkan kubu 03 PERSATUAN INDONESIA""",0.0,True
Non-bullying,memang sih edhy prabowo tukang pijitnya prabowo subiantoro itu tamak dan serakah yg = joker anies baswedan . pecat segera kedua sampah itu !,"""Memang sih edhy prabowo tukang pijitnya prabowo subiantoro itu TAMAK dan SERAKAH yg = Joker anies baswedan . Pecat segera kedua sampah itu !""",1.0,False
Non-bullying,70% wilayah indonesia adalah perairan . kapan impor air? ngaco .... mungkin dia lelah apa yg dimaksud air zam zam <hashtag> <hashtag>,"""70% wilayah Indonesia adalah perairan . Kapan impor air? Ngaco .... Mungkin dia lelah apa yg dimaksud air zam zam <hashtag> <hashtag>""",1.0,False
Bullying,ooh jelas saya pandai dan lihai menasehati orang lain tapi mendadak bodoh kalau menasehati diri sendiri . :(,"""Ooh jelas saya pandai dan lihai menasehati orang lain tapi mendadak bodoh kalau menasehati diri sendiri . :(""",0.0,True
Non-bullying,wamenkeu kenaikan iuaran bpjs kesehatan sesuai perhitungan dari djsn (dewan jaminan sosial nasional). <hashtag> <hashtag> <hashtag> <link>,"""WAMENKEU Kenaikan iuaran BPJS kesehatan sesuai perhitungan dari DJSN (Dewan Jaminan Sosial Nasional). <hashtag> <hashtag> <hashtag> <link>""",1.0,False
Non-bullying,bagaimana komposisi <hashtag> dari jumlah nonparpol dan parpol? yuk cari tahu di <hashtag> <hashtag> . <link> <hashtag> <link>,"""Bagaimana komposisi <hashtag> dari jumlah nonparpol dan parpol? Yuk cari tahu di <hashtag> <hashtag> . <link> <hashtag> <link>""",1.0,False
Non-bullying,siapa pun presidennya yg penting negri ini damaiðÿ¤— <hashtag>,"""Siapa pun presidennya yg penting negri ini damaiðŸ¤— <hashtag>""",1.0,False
Non-bullying,jubah tak menjamin kebaikan <hashtag> <link>,"""Jubah tak menjamin kebaikan <hashtag> <link>""",1.0,False
Non-bullying,noh kan eug ada tuh premium nya sebarin ya ke yang lain kalo mau pamer jangan goblok . <link>,"""Noh kan eug ada tuh premium nya sebarin ya ke yang lain kalo mau pamer jangan goblok . <link>""",1.0,False
Non-bullying,mau jadi apa negeri ini kalo di pimpin penyebar hoax,"""Mau jadi apa negeri ini kalo di pimpin penyebar hoax""",1.0,False
Non-bullying,betul sekali itu hak kebebasan beragama . tetapi negara juga mempunyai kebebasan mengatur pakaian dinas asn . kalau tak mau diatur juga bebas silahkan keluar . pa 212: cadar dan celana cingkrang bagian dari kebebasan beragama <link>,"""Betul sekali itu hak kebebasan beragama . Tetapi negara juga mempunyai kebebasan mengatur pakaian dinas ASN . Kalau tak mau diatur juga bebas silahkan keluar . PA 212: Cadar dan Celana Cingkrang Bagian dari Kebebasan Beragama <link>""",1.0,False
Non-bullying,8 bukti nia ramadhani seorang crazy rich tetangga paris hilton hingga tak bisa kupas salak <link> .,"""8 Bukti Nia Ramadhani Seorang Crazy Rich Tetangga Paris Hilton hingga Tak bisa Kupas Salak <link> .""",1.0,False
Non-bullying,<username> colek <username> <username> <username>,"""<username> Colek <username> <username> <username>""",1.0,False
Bullying,lho jokowi bicara unicorn ..kemaren malah mengintimidasi bukalapak . bukankah mereka pengusaha online yang masuk kategori startup unicorn parah nih jokowi sok-sokan bicara unicorn,"""Lho Jokowi bicara UNICORN ..kemaren malah mengintimidasi Bukalapak . Bukankah mereka pengusaha online yang masuk kategori startup Unicorn Parah nih Jokowi sok-sokan bicara unicorn""",0.0,True
Bullying,sudah kerja bagus masih saja dijatuhin :),"""sudah kerja bagus masih saja dijatuhin :)""",0.0,True
Non-bullying,dan kayaknya american idol season ini bakal lebih kece - kece sih pesertanya . baru audisi aja banyak yang bagus-bagusnya banyak banget malah . ngacooo ! kereeen !,"""Dan kayaknya American Idol season ini bakal lebih kece - kece sih pesertanya . Baru audisi aja banyak yang bagus-bagusnya banyak banget malah . Ngacooo ! Kereeen !""",1.0,False
Non-bullying,sesuai saran dan masukan dan belajar dari aksi pada 24 .09 .19 maka berikut ini harus menjadi perhatian serius kalau besok kamu turun lagi ã°å¸â„¢âã°å¸ââ¼ã°å¸â„¢âã°å¸ââ¼ <hashtag> <hashtag> <hashtag> 30 .09 .19 jakarta dpr ri <link>,"""Sesuai saran dan masukan dan belajar dari aksi pada 24 .09 .19 maka berikut ini harus menjadi perhatian serius kalau besok kamu turun lagi Ã°Å¸â„¢ÂÃ°Å¸ÂÂ¼Ã°Å¸â„¢ÂÃ°Å¸ÂÂ¼ <hashtag> <hashtag> <hashtag> 30 .09 .19 Jakarta DPR RI <link>""",1.0,False
Non-bullying,<username> ga ada urusan dg <username> sikat terus jangan mundur dukung <username>,"""<username> Ga ada urusan dg <username> sikat terus jangan mundur dukung <username>""",1.0,False
Non-bullying,yg ketangkap jgn taruh dipenjara ikat saja di toproof bawaslu biar kering <hashtag>,"""Yg ketangkap jgn taruh dipenjara ikat saja di toproof Bawaslu biar kering <hashtag>""",1.0,False
Bullying,keren ... seusai sholat jumat <username> di kepung para warga,"""Keren ... Seusai Sholat Jumat <username> Di Kepung Para Warga""",0.0,True
Non-bullying,<username> <username> <username> <username> <username> <username> <username> <username> dikenal sebagai partai yg ga diterima di sumbar ... <hashtag>,"""<username> <username> <username> <username> <username> <username> <username> <username> Dikenal sebagai partai yg ga diterima di Sumbar ... <hashtag>""",1.0,False
Non-bullying,capres ijtimah ulama kog nista kan cadar <username> <username> <hashtag>,"""CAPRES ijtimah ULAMA kog nista kan cadar <username> <username> <hashtag>""",1.0,False
Non-bullying,belajar hingga k negeri cinaaaaaaa..... cina sekali lagi .... cinaaaaa . <hashtag>,"""Belajar hingga k negeri Cinaaaaaaa..... Cina sekali lagi .... Cinaaaaa . <hashtag>""",1.0,False
Non-bullying,lain kali jangan yah paslonkuh,"""Lain kali jangan yah paslonkuh""",1.0,False
Bullying,jakarta lebih keren kameranya selalu ngikutin anies..... :d :d :d :d,"""Jakarta lebih keren kameranya selalu ngikutin Anies..... :D :D :D :D""",0.0,True
Bullying,mereka benar-benar mementingkan kekuasaan dan suara . sampai tega menghina seorang ulama . ironi sekali,"""mereka benar-benar mementingkan kekuasaan dan suara . Sampai tega menghina seorang ulama . Ironi sekali""",0.0,True
Non-bullying,<username> <username> subhanallah trenyuh banget tak ada ham ? politik sontoloyo ?,"""<username> <username> Subhanallah Trenyuh Banget Tak Ada HAM ? Politik Sontoloyo ?""",1.0,False
Non-bullying,berdiri dengan kaki sendiri jatuh bangun sendiri <hashtag>,"""Berdiri dengan kaki sendiri jatuh bangun sendiri <hashtag>""",1.0,False
Non-bullying,<username> setuju .... saya dukung 100 % dok.....,"""<username> Setuju .... saya dukung 100 % dok.....""",1.0,False
Non-bullying,<username> ini lagi makin salah jelas2 itu anggaran buat 2020 skr 2019 aja blm beres bro bro mending lu bnyk istigfar deh,"""<username> Ini lagi makin salah jelas2 itu anggaran buat 2020 skr 2019 aja blm beres bro bro mending lu bnyk istigfar deh""",1.0,False
Bullying,nia ramadhani itu artis paling pinter . pinter nyari suami !,"""Nia Ramadhani itu artis paling pinter . Pinter nyari suami !""",0.0,True
Bullying,selamat datang di wakwak land . tempat dimana anda bisa uninstall aplikasi karya anak bangsa sesuka hati saat berbeda pandangan politik,"""Selamat datang di Wakwak Land . Tempat dimana Anda bisa uninstall aplikasi karya anak bangsa sesuka hati saat berbeda pandangan politik""",0.0,True
Non-bullying,<username> <username> manusia2 sakit jiwa bajingan2 perusak negara yg disingkat bpn . kalian mmg bajingan2 sejati pengadu domba rakyat & perusak kedamaian ! kalian mmg setan2 pemuja nafsu & kesesatan yg menjerumuskan akal waras rakyat ! kalian mmg layak ditumpas habis!!! <hashtag> <hashtag>,"""<username> <username> Manusia2 sakit jiwa Bajingan2 Perusak Negara yg disingkat BPN . Kalian mmg bajingan2 sejati pengadu domba rakyat & perusak kedamaian ! Kalian mmg setan2 pemuja nafsu & kesesatan yg menjerumuskan akal waras rakyat ! Kalian mmg layak ditumpas habis!!! <hashtag> <hashtag>""",1.0,False
Non-bullying,<username> memang mantul chef arnold kalo clap back,"""<username> memang mantul chef arnold kalo clap back""",1.0,False
Non-bullying,saya jugak ! saya tersinggung krn twit-mu mas <username> . itu hak saya juga krn kamu memberikan data hoax utk menyudutkan presiden saya :@,"""Saya jugak ! Saya tersinggung krn twit-mu mas <username> . Itu hak saya juga krn kamu memberikan data hoax utk menyudutkan presiden saya :@""",1.0,False
Non-bullying,<username> sama ini aja dia mau ngeluangin waktu buat manusia model kalian <link>,"""<username> Sama ini aja dia mau ngeluangin waktu buat manusia model kalian <link>""",1.0,False
Non-bullying,orang besar menempuh jalan kearah tujuan melalui rintangan dan kesukaran yang hebat,"""Orang besar menempuh jalan kearah tujuan melalui rintangan dan kesukaran yang hebat""",1.0,False
Bullying,terimakasih <username> kami cukup aman kok dgn adanya bah yg ke 5 ini dlm 2 bln terakhir heuheuheu. mungkin <username> berminat agar cabang olah raga ini dijadikan sebagai cabang olah raga resmi nasional ã°ã¿ëœâ€ <hashtag> <hashtag> <hashtag>,"""terimakasih <username> kami cukup aman kok dgn adanya bah yg ke 5 ini dlm 2 bln terakhir heuheuheu. mungkin <username> berminat agar cabang olah raga ini dijadikan sebagai cabang olah raga resmi nasional Ã°Ã¿Ëœâ€ <hashtag> <hashtag> <hashtag>""",0.0,True
Bullying,dia kira masyarakat akan beriktikad pd hoax center di mana pencipta sekaligus merangkap menjadi penangkal hoax?,"""dia kira masyarakat akan beriktikad pd hoax center di mana pencipta sekaligus merangkap menjadi penangkal hoax?""",0.0,True
Non-bullying,<username> jakarta nyesal tak pilih ahok .,"""<username> Jakarta nyesal tak pilih Ahok .""",1.0,False
Non-bullying,garang saat menyerang jokowi cepat saat menyebarkan hoax .. ternyata ohh ternyata andi arief adalah seorang pink lovers bahkan kasur penjara aja di request khusus warna pink .. uluh ..uluh imutnya om andi dapat salam dari sabu dan durex .. <hashtag>,"""Garang saat menyerang Jokowi Cepat saat Menyebarkan Hoax .. Ternyata Ohh Ternyata Andi Arief adalah seorang Pink Lovers Bahkan Kasur penjara aja di request khusus warna pink .. Uluh ..uluh imutnya Om Andi dapat salam Dari Sabu dan Durex .. <hashtag>""",1.0,False
Non-bullying,<username> <username> <username> nah mbak makanya gue blg boleh jawab sarkasme tp bahasanya jangan ã¢â‚¬å“gue tajir bisa sewa art koki dan lain lainã¢â‚¬â gituloh . aduh susah bgt ya,"""<username> <username> <username> NAH MBAK MAKANYA gue blg boleh jawab sarkasme tp bahasanya jangan Ã¢â‚¬Å“gue tajir bisa sewa art koki dan lain lainÃ¢â‚¬Â gituloh . aduh susah bgt ya""",1.0,False
Non-bullying,suatu kekeliruan bisa saja justru merupakan sesuatu yang diperlukan untuk meraih prestasi yang layak,"""suatu kekeliruan bisa saja justru merupakan sesuatu yang diperlukan untuk meraih prestasi yang layak""",1.0,False
Non-bullying,ya setuju . dan ngga boleh juga ngarang2 orang pake cadar atau celana cingkrang krn merasa paling toleran dan open mind yg beda dari dia dianggap radikal . <link>,"""Ya setuju . Dan ngga boleh juga ngarang2 orang pake cadar atau celana cingkrang krn merasa paling toleran dan open mind yg beda dari dia dianggap radikal . <link>""",1.0,False
Non-bullying,<username> <username> manusia sontoloyo pengejar dunia .. siapa yg mau melawan negara lewat agama .. terlalu murah agama ini untk menghadapi kedholiman kalian ..,"""<username> <username> Manusia SONTOLOYO pengejar DUNIA .. Siapa yg mau melawan negara lewat agama .. Terlalu murah agama ini untk menghadapi KEDHOLIMAN kalian ..""",1.0,False
Non-bullying,<username> astagfirullahaladzim .. apakah ini krn melawan sunatullah wahai yang mulia bapak anies baswedan ??? mending turun aja balik ke kampung kalo ga bisa urus jakarta ..,"""<username> Astagfirullahaladzim .. apakah ini krn melawan sunatullah wahai yang mulia bapak anies baswedan ??? Mending turun aja balik ke kampung kalo ga bisa urus Jakarta ..""",1.0,False
Non-bullying,porno dalam hal suara masih bisa di terima sarkasme nya masih bisa di mengerti kalo artinya sexy . but how about that one last word? semua hal yg berkaitan sama dia porno you drag him sis .,"""Porno dalam hal suara masih bisa di terima sarkasme nya masih bisa di mengerti kalo artinya sexy . But how about that one last word? semua hal yg berkaitan sama dia porno you drag him sis .""",1.0,False
Non-bullying,si bedu sudah jadi bapa rindu tapi anda siapa? <hashtag>,"""Si Bedu sudah jadi Bapa Rindu tapi anda siapa? <hashtag>""",1.0,False
Non-bullying,medis disikat peluru tajam disemat pbb sebagai azimat . <hashtag> <hashtag> <hashtag> <hashtag>,"""Medis disikat peluru tajam disemat PBB sebagai azimat . <hashtag> <hashtag> <hashtag> <hashtag>""",1.0,False
Bullying,terimakasih wan abud <username> berkat anda ane bisa mancing ikan mas dari depan pager rumah .. <hashtag> <hashtag>,"""Terimakasih wan abud <username> Berkat anda ane bisa mancing ikan mas dari depan pager rumah .. <hashtag> <hashtag>""",0.0,True
Non-bullying,bapak prabowo dan bapak sandiaga solahudin uno serta semua pendukung pejuang keadilan tidak ada perjuangan yang sia sia .teruslah jadi pejuang keadilan bagi seluruh rakyat indonesia .bagi saya prabowo sandi adalah presiden dihati . <hashtag> <hashtag>,"""bapak prabowo dan bapak sandiaga solahudin uno serta semua pendukung pejuang keadilan tidak ada perjuangan yang sia sia .teruslah jadi pejuang keadilan bagi seluruh rakyat indonesia .bagi saya prabowo sandi adalah presiden dihati . <hashtag> <hashtag>""",1.0,False
Bullying,boleh bohong asal santun. 4nies pembohong santun. prestasi yang membanggakan bagi uni fahira & kelompoknya?? <hashtag>,"""Boleh Bohong Asal santun. 4nies Pembohong Santun. Prestasi yang membanggakan bagi uni Fahira & kelompoknya?? <hashtag>""",0.0,True
Non-bullying,saya dukung dan kawal gus muwafiq <hashtag> <hashtag> <hashtag> <link>,"""saya dukung dan kawal Gus Muwafiq <hashtag> <hashtag> <hashtag> <link>""",1.0,False
Bullying,"<username> ga perlu bacot lagi sekarang, rekornya sebagai gubernur pengundang banjir sudah ga bisa dipecahkan oleh orang lain. gitu ya <username> kira2 kehebatan sohibmu itu jempolansimbol tepuk tangan <hashtag> <hashtag> <hashtag> <hashtag> <hashtag>","""<username> ga perlu Bacot lagi sekarang, rekornya sebagai gubernur pengundang banjir sudah ga bisa dipecahkan oleh orang lain. Gitu ya <username> kira2 kehebatan sohibmu itu JempolanSimbol tepuk tangan <hashtag> <hashtag> <hashtag> <hashtag> <hashtag>""",0.0,True
Non-bullying,ini kenapa pada rame <hashtag> dan <hashtag> sih? malah adem gini mereka ngajak supaya saling rukun . mengkritik? perlu tapi yang membangun bukan membabi buta dan emosional .,"""Ini kenapa pada rame <hashtag> dan <hashtag> sih? Malah adem gini mereka ngajak supaya saling rukun . Mengkritik? Perlu tapi yang membangun bukan membabi buta dan emosional .""",1.0,False
Non-bullying,<username> <username> kalau gue lebih gak bangga lagi punya pejabat yg gak bermutu kayak lu zonk,"""<username> <username> Kalau Gue lebih gak bangga lagi punya pejabat yg gak bermutu kayak Lu Zonk""",1.0,False
Bullying,pantas saja kubu 02 tidak pernah habis dengan berita-berita kebohongannya . ternyata memiliki tempat produksinya sendiri untuk menyebarkan kebohongan .,"""Pantas saja kubu 02 tidak pernah habis dengan berita-berita kebohongannya . Ternyata memiliki tempat produksinya sendiri untuk menyebarkan kebohongan .""",0.0,True
Non-bullying,<username> intinya ikuti proses hukum kita negara hukum gak bsa mau seenaknya sendiri,"""<username> Intinya ikuti proses hukum kita negara hukum gak bsa mau seenaknya sendiri""",1.0,False
Bullying,"makasih gabener, kami bahagiatertawa berguling di lantaitertawa berguling di lantaitertawa berguling di lantai <hashtag>","""Makasih gabener, kami bahagiaTertawa berguling di lantaiTertawa berguling di lantaiTertawa berguling di lantai <hashtag>""",0.0,True
Non-bullying,<username> <username> tukang kerok kan ada ... nih . ðÿ‘‰ <username> ðÿ˜‹,"""<username> <username> Tukang kerok kan ada ... nih . ðŸ‘‰ <username> ðŸ˜‹""",1.0,False
Non-bullying,menurut saya bukan soal dukungan pilpres tertentu mengenai <hashtag> tetapi narasi yang diberikan ke mata publik terkesan sangat tendensius disaat situasi politik sedang panas2nya .,"""Menurut saya bukan soal dukungan pilpres tertentu mengenai <hashtag> tetapi narasi yang diberikan ke mata publik terkesan sangat tendensius disaat situasi politik sedang panas2nya .""",1.0,False
Non-bullying,tapi pak jokowi dan luhut adl orang baik <link>,"""Tapi pak jokowi dan luhut adl orang baik <link>""",1.0,False
Non-bullying,<username> <username> <username> <username> <username> korek kuping kl lagi gatel ..,"""<username> <username> <username> <username> <username> Korek kuping kl lagi gatel ..""",1.0,False
Bullying,<username> welcome to indonesia dimana dajjal saja dibully,"""<username> welcome to indonesia dimana dajjal saja dibully""",0.0,True
Non-bullying,mataram tolak neno 2014 mataram ntb adalah basis massa klowor alhamdulillah mataram skrang sadar bahwa <hashtag> dan tinggalkan <hashtag> <hashtag> <hashtag>,"""MATARAM TOLAK NENO 2014 Mataram NTB adalah Basis Massa Klowor Alhamdulillah Mataram skrang Sadar Bahwa <hashtag> Dan tinggalkan <hashtag> <hashtag> <hashtag>""",1.0,False
Bullying,selamat <hashtag> ! angka statistik kemacetan turun pesat di 2020 karena banjir terus kagak ada kendaraan di jalan ! <hashtag> <hashtag> <hashtag> <hashtag> <hashtag> <hashtag> <hashtag> <hashtag>,"""Selamat <hashtag> ! Angka statistik kemacetan turun pesat di 2020 karena banjir terus kagak ada kendaraan di jalan ! <hashtag> <hashtag> <hashtag> <hashtag> <hashtag> <hashtag> <hashtag> <hashtag>""",0.0,True
Bullying,saya tidak menyesal memilih prabowo-sandi tapi saya menyayangkan sikap prabowo yang berkompromi dengan bapak jokowi . setelah ini golput adalah jalan terbaik untuk saya pribadi . good bye prabowo <hashtag>,"""Saya tidak menyesal memilih Prabowo-Sandi tapi saya menyayangkan sikap Prabowo yang berkompromi dengan bapak Jokowi . Setelah ini Golput adalah jalan terbaik untuk saya pribadi . Good bye Prabowo <hashtag>""",0.0,True
Non-bullying,<username> <username> <username> <username> terus mobil dinas yg sdh terlanjur dibeli ada dmn tuh? di rmh wowo ya?,"""<username> <username> <username> <username> Terus mobil dinas yg sdh terlanjur dibeli ada dmn tuh? Di rmh wowo ya?""",1.0,False
Non-bullying,ketua dewan kehormatan pan amien rais memberikan pengarahan pada workshop nasional anggota dprd pan . apa yang disampaikannya? <hashtag> <hashtag> <link>,"""Ketua Dewan Kehormatan PAN Amien Rais memberikan pengarahan pada Workshop Nasional Anggota DPRD PAN . Apa yang disampaikannya? <hashtag> <hashtag> <link>""",1.0,False
Bullying,"indonesia emang keren, koruptor sama teroris di kasi remisi bebas .","""Indonesia emang keren, koruptor sama teroris di kasi remisi bebas .""",0.0,True
Non-bullying,ada apasih rame rame mba mba jadi nyi roro kidul sama apart jogja ... admin magang ketinggalan nih,"""Ada apasih rame rame mba mba jadi nyi roro kidul sama apart jogja ... Admin magang ketinggalan nih""",1.0,False
Non-bullying,<username> <username> asal jangan masukin mantan anggota dpr nanti kepolisiannya bego,"""<username> <username> Asal jangan masukin mantan anggota DPR nanti Kepolisiannya bego""",1.0,False
Non-bullying,<username> <username> nah gitu . gobloknya jgn disembunyi tpi ditunjukkan . biar semua tau lu goblok .,"""<username> <username> Nah gitu . Gobloknya jgn disembunyi tpi ditunjukkan . Biar semua tau lu goblok .""",1.0,False
Bullying,<username> bapak anies makasi kado taon barunya akhirnya jakarta banjir lagi . 2th lebih menjabat prestasi anda luar binasaaa ....,"""<username> bapak Anies makasi kado taon barunya akhirnya Jakarta banjir lagi . 2th lebih menjabat prestasi anda luar binasaaa ....""",0.0,True
Non-bullying,plt dirut garuda indonesia fuad rizal menghentikan anak perusahaan pt garuda . cc : <username> <username> <hashtag> <link>,"""Plt Dirut Garuda Indonesia Fuad Rizal menghentikan anak perusahaan PT Garuda . Cc : <username> <username> <hashtag> <link>""",1.0,False
Non-bullying,<username> ibu sosialita itu awalnya ibu kantin tau kak,"""<username> ibu sosialita itu awalnya ibu kantin tau kak""",1.0,False
Non-bullying,yakin dengan semua janjinya? yakin tak ada lagi rakyat miskin yang jatuh menangis gara gara pembuatan jalan tol? <hashtag>,"""Yakin dengan semua janjinya? Yakin tak ada lagi rakyat miskin yang jatuh menangis gara gara pembuatan jalan tol? <hashtag>""",1.0,False
Non-bullying,bapak presiden aja minta maaf kamu yg phpin aku gamau minta maaf ni? <hashtag>,"""Bapak presiden aja minta maaf kamu yg PHPin aku gamau minta maaf ni? <hashtag>""",1.0,False
Non-bullying,terkutuk kau <hashtag>,"""Terkutuk kau <hashtag>""",1.0,False
Non-bullying,ntah kenapa jadi ikutan kesal padahal udah di dukung tapi malah nyebarin hoax . mohon maaf kita sudah tidak cocok lagi,"""Ntah kenapa jadi ikutan kesal Padahal udah di dukung tapi malah nyebarin Hoax . Mohon maaf kita sudah tidak cocok lagi""",1.0,False
Non-bullying,rasanya tidak pantas menyebut para perusuh itu seorang mujahid karena sama sekali tidak mencerminkan karakter seorang muslim <hashtag> <hashtag>,"""Rasanya tidak pantas menyebut para perusuh itu seorang mujahid karena sama sekali tidak mencerminkan karakter seorang muslim <hashtag> <hashtag>""",1.0,False
Non-bullying,hai anjing jangan kamu kaya bangsat dasar anjingðÿ‘ðÿ˜­,"""Hai anjing jangan kamu kaya bangsat dasar anjingðŸ‘ðŸ˜­""",1.0,False
Non-bullying,horeeee seru banget ada rusuh rusuh keaa gini hiburan di akhir tahun ye kan wkwkwkwk <hashtag>,"""Horeeee seru banget ada rusuh rusuh keaa gini hiburan di akhir tahun ye kan wkwkwkwk <hashtag>""",1.0,False
Non-bullying,2 . saat perayaan helloween party ada satu artis yg terlihat mengikuti gaya busana teh melly yg nyentrik . namun gaya tersebut membuat teh melly merasa dibully . lho kenapa teh? <link> <hashtag> <hashtag>,"""2 . Saat perayaan Helloween Party ada satu artis yg terlihat mengikuti gaya busana Teh Melly yg nyentrik . Namun gaya tersebut membuat teh Melly merasa dibully . Lho kenapa Teh? <link> <hashtag> <hashtag>""",1.0,False
Bullying,<username> lebih mulia menjual diri . sangat hina nya <hashtag> yang menyebar kebencian .,"""<username> Lebih mulia menjual diri . Sangat hina nya <hashtag> yang menyebar kebencian .""",0.0,True
Non-bullying,<username> <username> <username> emang sebagai apa ... sih ...,"""<username> <username> <username> Emang sebagai apa ... sih ...""",1.0,False
Non-bullying,toko sebelah: gus miftah ceramah di diskotik itu munafik ceramah koq ditempat yg kotor haram tyda baik ã°å¸â€˜â¦: <link>,"""Toko sebelah: gus miftah ceramah di diskotik itu munafik ceramah koq ditempat yg kotor haram tyda baik Ã°Å¸â€˜Â¦: <link>""",1.0,False
Non-bullying,<username> kita juga perlu pintar biar ga mudah dibodohin,"""<username> Kita juga perlu pintar biar ga mudah dibodohin""",1.0,False
Non-bullying,semua yang manual dalam jumlah besar itu berpotensi curang <hashtag>,"""Semua yang manual dalam jumlah besar itu berpotensi curang <hashtag>""",1.0,False
Non-bullying,tolong nilai pake nurani jangan pake <hashtag> tidak baik buat kesehatan apalagi jadi <hashtag> . jangan ya .,"""Tolong nilai pake nurani jangan pake <hashtag> tidak baik buat kesehatan apalagi jadi <hashtag> . Jangan ya .""",1.0,False
Bullying,hanya mau kasih tahu saja ..begini kondisi discotique colosseum yang dpt penghargaan dari gubernur beriman dan dapat pembelaan dari ulama gnpf 212 . semoga allah limpahi imbalan setimpal dg perbuatan mrk org2 yang munafik yang tega menjual ayat untuk keperluannya &amp; mengadu umat demi jabatan .,"""hanya mau kasih tahu saja ..begini kondisi Discotique Colosseum yang dpt penghargaan dari gubernur beriman dan dapat pembelaan dari ulama GNPF 212 . Semoga Allah limpahi imbalan setimpal dg perbuatan mrk org2 yang munafik yang tega menjual ayat untuk keperluannya &amp; mengadu umat demi jabatan .""",0.0,True
Non-bullying,kan ku ingat selalu ... ðÿž¶ kan ku kenang selalu ... ðÿž¶ senja indah senja di kaimana ... ðÿž¶ðÿž¶ðÿ˜ (lagu : senja di kaimana - alfian) salam damai untuk warga papua yaa pakdhe <username> yaa ... ðÿ™ðÿ˜ðÿ™ <hashtag> <hashtag> <link>,"""Kan ku ingat selalu ... ðŸŽ¶ Kan ku kenang selalu ... ðŸŽ¶ Senja indah Senja di Kaimana ... ðŸŽ¶ðŸŽ¶ðŸ˜ (lagu : Senja di Kaimana - Alfian) Salam Damai untuk warga papua yaa pakdhe <username> yaa ... ðŸ™ðŸ˜ðŸ™ <hashtag> <hashtag> <link>""",1.0,False
Non-bullying,bersihkan .. bukan genteng aja yg bocor .. tp jg anggaran <hashtag> <link>,"""Bersihkan .. Bukan genteng aja yg bocor .. Tp jg anggaran <hashtag> <link>""",1.0,False
Bullying,habis ada keraton agung sejagad muncul sunda empire . negara lain dah sibuk buat nuklir buat robot motor terbang negara kita malah begini,"""Habis ada keraton agung sejagad muncul sunda empire . Negara lain dah sibuk buat nuklir buat robot motor terbang negara kita malah begini""",0.0,True
Non-bullying,harusnya tuh kedua pendukung capres <hashtag> bkn malah saling hujat tuduh dan fitnah ini itu .. biar indonesia aman damai tentram dan sejahtera ...,"""Harusnya tuh kedua pendukung capres <hashtag> bkn malah saling hujat tuduh dan fitnah ini itu .. biar Indonesia aman damai tentram dan sejahtera ...""",1.0,False
Non-bullying,<username> tahuu itu kostum keren ... tapi menurutku kok ga jauh beda sama nyi roro kidul . wkwkkw ...,"""<username> Tahuu itu kostum keren ... tapi menurutku kok ga jauh beda sama Nyi Roro Kidul . Wkwkkw ...""",1.0,False
Non-bullying,mang hujan ya ??? jakarta barat terpantau masi mendung aja,"""mang hujan ya ??? jakarta barat terpantau masi mendung aja""",1.0,False
Non-bullying,fadly zonk ini semakin lama semakin seperti orang tidak waras . lihat saja komen2 beliau sdh tidak tentu arahnya .,"""Fadly Zonk ini semakin lama semakin seperti orang tidak waras . Lihat saja komen2 beliau sdh tidak tentu arahnya .""",1.0,False
Bullying,hebat bener anda anus <username> 3x dki banjir <hashtag> <hashtag> <hashtag> <hashtag>,"""Hebat bener anda anus <username> 3x DKI banjir <hashtag> <hashtag> <hashtag> <hashtag>""",0.0,True
Non-bullying,<username> goblok ..,"""<username> goblok ..""",1.0,False
Non-bullying,mbokan lah sibuk kaya pejabat <link>,"""Mbokan lah sibuk kaya pejabat <link>""",1.0,False
Bullying,fakta sidang mk yang seperti itu gamblangnya dan kalian tetep <hashtag> ... mikir .. !!!!,"""Fakta sidang MK yang seperti itu gamblangnya dan kalian tetep <hashtag> ... Mikir .. !!!!""",0.0,True
Bullying,lhaa....anies itu 100% lhoo...ahli tata kata ðÿ‘ðÿ½ðÿ˜,"""Lhaa....Anies itu 100% lhoo...ahli TATA KATA ðŸ‘ðŸ½ðŸ˜""",0.0,True
Non-bullying,gampang kok ngukur nasionalisme mereka dari tweet dan tagar sudah kelihatan-kan mereka pakai produk impor.....,"""Gampang kok ngukur Nasionalisme mereka dari tweet dan tagar sudah kelihatan-kan mereka pakai produk impor.....""",1.0,False
Non-bullying,tetap tegar and berani ya jagoan muda gua wahai bro-sis <username> di sarang pemyamun dki ... - biarin loe dibilang nyari panggung sama gabener yang gawenya manggung . - biarin loe dibilang gak punya etika sama politikus bangkotan yg tak beretika . bagi gua loe ... ðÿ‘,"""Tetap tegar and berani ya JAGOAN MUDA gua wahai BRO-SIS <username> di sarang PEMYAMUN DKI ... - Biarin Loe dibilang NYARI PANGGUNG sama GABENER yang gawenya MANGGUNG . - Biarin Loe dibilang gak punya ETIKA sama POLITIKUS BANGKOTAN yg TAK BERETIKA . Bagi gua Loe ... ðŸ‘""",1.0,False
Bullying,bapak walikota semarang kalau nanti bapak jokowi gagal dua periode mohon jalan tol nya di bungkus ya atau tidak di gulung saja .,"""bapak walikota semarang kalau nanti bapak jokowi gagal dua periode mohon jalan tol nya di bungkus ya atau tidak di gulung saja .""",0.0,True
Non-bullying,bersama <hashtag> <username> siap dukung kabinet 2019-2024 sebagai pengelola <hashtag> . <hashtag> <link>,"""Bersama <hashtag> <username> siap dukung Kabinet 2019-2024 sebagai pengelola <hashtag> . <hashtag> <link>""",1.0,False
Non-bullying,ya jelas aja . duit habis banyak biayai kerusuhan gk ada hasil buat <username> malah memperburuk karir politiknya,"""Ya jelas aja . Duit habis banyak biayai kerusuhan gk ada hasil buat <username> malah memperburuk karir politiknya""",1.0,False
Non-bullying,<username> yg ini ga usah lu cek harga pasarnya ya <link>,"""<username> Yg ini ga usah lu cek harga pasarnya ya <link>""",1.0,False
Bullying,<username> sangat mulia sekali pemerintah untuk semua masyarakat pindah fakultas tata boga biar pada bisa bikin ciloq,"""<username> Sangat mulia sekali pemerintah untuk semua masyarakat pindah fakultas tata boga biar pada bisa bikin ciloq""",0.0,True
Bullying,waspada hoax banyak bertebaran di pilpres 2019 . kampret kampret yang menyebarkan banyak hoax yang bikin gaduh netizen,"""Waspada hoax banyak bertebaran di Pilpres 2019 . Kampret kampret yang menyebarkan banyak hoax yang bikin gaduh netizen""",0.0,True
Non-bullying,<username> <username> <username> <username> ðÿ˜€ðÿ˜€ðÿ˜€maaf tadi ada tante yg jput salah siapa coba nia tlp ga di angkatin <hashtag>,"""<username> <username> <username> <username> ðŸ˜€ðŸ˜€ðŸ˜€Maaf tadi ada tante yg jput Salah siapa coba nia tlp ga di angkatin <hashtag>""",1.0,False
Non-bullying,<username> kamu anjing bangsat tai bego tolol gila monyet,"""<username> KAMU ANJING BANGSAT TAI BEGO TOLOL GILA MONYET""",1.0,False
Bullying,<username> di indonesia kata pk<username> penduduk islam terbesar di dunia .kenapa kok ulama kami difitnah?,"""<username> di indonesia kata pk<username> penduduk islam terbesar di dunia .kenapa kok ulama kami difitnah?""",0.0,True
Bullying,fenomena bermunculannya start up yang berkembang mjd unicorn hebat adl fenomena kreatifnya org2 muda hebat milenials . sayangnya msh ada dr mrk yang blm dewasa dalam berbisnis . perush yang sdh bervalue triliunan akhirnya hrs oleng akibat perilaku recehan saja.,"""Fenomena bermunculannya start up yang berkembang mjd unicorn hebat adl fenomena kreatifnya org2 muda hebat milenials . Sayangnya msh ada dr mrk yang blm dewasa dalam berbisnis . Perush yang sdh bervalue triliunan akhirnya hrs oleng akibat perilaku recehan saja.""",0.0,True
Non-bullying,<username> <username> embuh bos .... ngrasakne negoroku dewe wae marai mumetâ€¢ yang teriak kopar kapir dikit-dikit haram penistaan tetek bengek yang lagi hits ngelem aibon mark up anggaran & pejabat korup apalagi .... ormas kadrun monaslimin,"""<username> <username> Embuh Bos .... ngrasakne negoroku dewe wae marai mumetâ€¢ Yang teriak kopar kapir dikit-dikit haram penistaan tetek bengek Yang lagi hits ngelem Aibon mark up anggaran & pejabat korup Apalagi .... ormas kadrun monaslimin""",1.0,False
Non-bullying,saya kira rakyat tdk ingin tdk bkerja kmdian dpt honor . itu bukan solusi . solusix adlh ciptkan lapangan kerja yg mu <link>,"""Saya kira rakyat tdk ingin tdk bkerja kmdian dpt honor . Itu bukan solusi . Solusix adlh ciptkan lapangan kerja yg mu <link>""",1.0,False
Bullying,cawagub dki riza patria dari <username> : susah cari kekurangan bapak 4nies. betul bapak bgmn tidak susah nyarinya kekurangan bapak 4nies ternyata hanya satu bapak 4nies tidak pny kelebihan.?? <hashtag>,"""Cawagub DKI Riza Patria dari <username> : susah cari kekurangan bapak 4nies. Betul bapak bgmn tidak susah nyarinya kekurangan bapak 4nies ternyata hanya satu bapak 4nies tidak pny kelebihan.?? <hashtag>""",0.0,True
Non-bullying,<username> sukses selalu pak jokowi dan bpk serta keluarga dlm lindungan tuhan ymk dlm menjalankan umroh dan terimakas\u2026 <link>,"""<username> Sukses selalu pak jokowi dan bpk serta keluarga dlm lindungan Tuhan YMK dlm menjalankan umroh dan terimakas\u2026 <link>""",1.0,False
Non-bullying,<username> setuju pak namun aturan ini tidak berlaku untuk tamu . bagaimanapun kita harus hormati keputusan presiden,"""<username> Setuju pak namun aturan ini tidak berlaku untuk tamu . Bagaimanapun kita harus hormati keputusan presiden""",1.0,False
Non-bullying,<username> manusia kok ingin jadi iblis goblok,"""<username> manusia kok ingin jadi iblis goblok""",1.0,False
Non-bullying,dengan berusaha kerja keras dan motivasi yang kuat ..pasti cita\ kita akan terwujud .. ^_^,"""Dengan berusaha kerja keras dan motivasi yang kuat ..pasti cita\ kita akan terwujud .. ^_^""",1.0,False
Non-bullying,bener juga si wan aica aibon <username> cc <username> <username> <link>,"""Bener juga si Wan Aica Aibon <username> CC <username> <username> <link>""",1.0,False
Non-bullying,banyak suami yg ingin istri seperti nia ramadhani tp dia sendiri lupa utk menjadi ardi bakrie kemudian para suami menyinggung balik banyak istri yg ingin suami seperti ardi bakrie tp dia lupa klo dia bukan nia ramadhani ðÿ˜ðÿ˜‘,"""Banyak suami yg ingin istri seperti Nia Ramadhani tp dia sendiri lupa utk menjadi Ardi Bakrie Kemudian para suami menyinggung balik Banyak istri yg ingin suami seperti Ardi Bakrie tp dia lupa klo dia bukan Nia Ramadhani ðŸ˜ðŸ˜‘""",1.0,False
Non-bullying,<username> <username> <username> untung sekarang udh ga tolol lagi wkwkwk,"""<username> <username> <username> untung sekarang udh ga tolol lagi wkwkwk""",1.0,False
Non-bullying,wan abud kasih penghargaan sama diskotik panti pijatnya kapan pak ditunggu sertifikat nya biar adil pak jangan pilih kasih dan tebang pilih .... sekalian kasih undangan buat pengikut bapak yang setia itu .... biar tau dan gak protes juga kasih tau jangan di demo ya ...,"""WAN Abud kasih penghargaan sama diskotik panti pijatnya kapan pak ditunggu sertifikat nya biar adil pak jangan pilih kasih dan tebang pilih .... sekalian kasih undangan buat pengikut bapak yang setia itu .... biar tau dan gak protes juga kasih tau jangan di demo ya ...""",1.0,False
Non-bullying,<username> <username> <username> <username> sekomplotan mana bisa lurus!!! tinggal gimana kejaksaan &amp;polri nih .klu <username> takut,"""<username> <username> <username> <username> Sekomplotan mana bisa lurus!!! Tinggal gimana kejaksaan &amp;Polri nih .klu <username> takut""",1.0,False
Non-bullying,<username> yaelah ada jg dokter nyebong ....,"""<username> Yaelah ada jg dokter nyebong ....""",1.0,False
Non-bullying,<username> ya mana saya tau saya kan nia ramadhani .,"""<username> Ya mana saya tau saya kan nia ramadhani .""",1.0,False
Non-bullying,banyak akal sehat yang hilang di negeri ini ! rg : anjjriiitt .. lu .. ! 15 tahun mengajar tanpa digaji !!! kembalikan akal sehat pada fungsi kampus tradisi akademis adalah menggeleng pada kekuasaan katakan tidak agar ada dialektika dan tesis-antitesis <hashtag>,"""Banyak akal sehat yang hilang di negeri ini ! RG : Anjjriiitt .. lu .. ! 15 tahun mengajar tanpa digaji !!! Kembalikan akal sehat pada fungsi kampus tradisi akademis adalah menggeleng pada kekuasaan Katakan TIDAK agar ada dialektika dan tesis-antitesis <hashtag>""",1.0,False
Bullying,tinggal 2 langkah lagi malah harus mundur <hashtag> dan semakin hanyut,"""Tinggal 2 langkah lagi malah harus mundur <hashtag> dan semakin hanyut""",0.0,True
Bullying,akhirnya keluar keahliannya. lepas tangan ?????? <hashtag>,"""Akhirnya keluar keahliannya. LEPAS TANGAN ?????? <hashtag>""",0.0,True
Non-bullying,jangan takut melangkah kedepan ambil kesempatan ini dan anda berpeluang jd pengusaha sukses gabung vsi skrg !,"""Jangan takut melangkah kedepan ambil kesempatan ini dan anda berpeluang jd pengusaha sukses Gabung VSI skrg !""",1.0,False
Non-bullying,tadinyebong sekarangjadi boikot .... hahhaha <hashtag> <link>,"""Tadinyebong sekarangjadi boikot .... hahhaha <hashtag> <link>""",1.0,False
Bullying,ya setidaknya sifat pantang menyerah bapak prabowo untuk menduduki kursi istana etis diacungi jempol . terhitung dari 2004 daim rusak untuk jadi 'raja' istana,"""ya setidaknya sifat pantang menyerah bapak prabowo untuk menduduki kursi istana etis diacungi jempol . terhitung dari 2004 daim rusak untuk jadi 'raja' istana""",0.0,True
Non-bullying,<username> ini salah satu fakta sejarah terimakasih <username> pencerahan ini perlu dalam semangat sumpah pemuda . islam adalah bagian dari negri ini yang ikut membidani lahirnya negri ini,"""<username> Ini salah satu fakta sejarah terimakasih <username> pencerahan ini perlu dalam semangat sumpah pemuda . Islam adalah bagian dari negri ini yang ikut membidani lahirnya negri ini""",1.0,False
Non-bullying,<username> sontoloyo tuh bocah,"""<username> Sontoloyo tuh bocah""",1.0,False
Bullying,pilihan beda tidak masalah tapi saat menghina seseorang yang telah mengangkat derajat hidup itu masalah,"""Pilihan beda tidak masalah Tapi saat menghina seseorang yang telah mengangkat derajat hidup itu masalah""",0.0,True
Non-bullying,dana desa yang yang telah digulirkan pusat saja menjadi bancaan orang orang pusat dari pemilihan pendamping desa sampai penempatan dan siapa dapat apa..... ini harus kita lawan.....,"""Dana Desa yang yang telah digulirkan Pusat saja menjadi bancaan orang orang pusat dari pemilihan pendamping desa sampai penempatan dan siapa dapat apa..... ini harus kita lawan.....""",1.0,False
Non-bullying,<username> <username> <username> melihat bgtu solidnya semua elemen bangsa bersatu menjaga dan memberantas para radikalisme dinegeri ini sbg bukti kecintaan kita kpd nkri tapi kayaknya ada <hashtag> <hashtag> <link>,"""<username> <username> <username> Melihat bgtu solidnya semua elemen bangsa bersatu menjaga dan memberantas para radikalisme dinegeri ini sbg bukti kecintaan kita kpd NKRI Tapi kayaknya ada <hashtag> <hashtag> <link>""",1.0,False
Non-bullying,<username> ciee ke trigger tuannya disalahin ðÿ˜…ðÿ˜…ðÿ˜… ngerti ebudgetting jg kagak anda mengaku sbg dokter komentrlah masalah bpjs atau gk berani krn udh disetujuin tuan yang mulia ðÿ˜…ðÿ˜…ðÿ˜…,"""<username> Ciee ke trigger Tuannya disalahin ðŸ˜…ðŸ˜…ðŸ˜… ngerti ebudgetting jg kagak anda mengaku sbg dokter komentrlah masalah BPJS atau gk berani krn udh disetujuin Tuan yang Mulia ðŸ˜…ðŸ˜…ðŸ˜…""",1.0,False
Non-bullying,<hashtag> adil .. andaikan tdk jujur meugikan diri sendiri lurr .. kesel .e ra umum malah disalah2nee,"""<hashtag> adil .. andaikan tdk jujur meugikan diri sendiri lurr .. kesel .e ra umum malah disalah2nee""",1.0,False
Bullying,<username> banyak istigfar dan minta ampun pak atas dosa2 bapak yang lom menempati janji bapak terhadap rakyat,"""<username> Banyak istigfar dan minta ampun pak atas dosa2 bapak yang lom menempati janji bapak terhadap rakyat""",0.0,True
Non-bullying,<username> <username> <username> yg tdk berkepentingan harap keluar,"""<username> <username> <username> Yg tdk berkepentingan harap keluar""",1.0,False
Non-bullying,<username> rocky gerung mulutmu nyinyir kayak perempuan dan itu karena otakmu buntu . prestasi apa yg telah kau torehkan di indonesia ? bandingkan dirimu dgn jokowi bagaikan bumi dan langit karena kau tidak ada apa2nya .,"""<username> Rocky gerung mulutmu nyinyir kayak perempuan dan itu karena otakmu buntu . Prestasi apa yg telah kau torehkan di Indonesia ? Bandingkan dirimu dgn Jokowi bagaikan bumi dan langit karena kau tidak ada apa2nya .""",1.0,False
Non-bullying,<username> <username> kader beneran negur min ?? mimin gk tegur balik ??? ðÿ™ˆðÿ™ˆðÿ™ˆ,"""<username> <username> kader beneran negur min ?? Mimin gk tegur balik ??? ðŸ™ˆðŸ™ˆðŸ™ˆ""",1.0,False
Non-bullying,<username> lama klo goblok mundur mending yg fresh tapi bener....<username>,"""<username> lama klo goblok mundur mending yg fresh tapi bener....<username>""",1.0,False
Bullying,sejak aksi 212 hingga aksi didepan gedung mk sekarang yang mengatas namakan agama tidak ada sangkut paut sama sekali dengan islam karena islam tidak pernah mengajarkan keritik pemimpin dgn cara aksi dan menhujat . <hashtag> <hashtag>,"""sejak aksi 212 hingga aksi didepan gedung MK sekarang yang mengatas namakan agama tidak ada sangkut paut sama sekali dengan islam karena islam tidak pernah mengajarkan keritik pemimpin dgn cara aksi dan menhujat . <hashtag> <hashtag>""",0.0,True
Bullying,wahai masyarakat ibu kota (saat ini)..beruntunglah kalian apabila aktor intelektual surabaya bakal jadi nakhoda kalian 2022 ???? <hashtag> <hashtag> <hashtag>,"""Wahai Masyarakat Ibu Kota (saat ini)..beruntunglah kalian apabila Aktor Intelektual Surabaya bakal jadi Nakhoda Kalian 2022 ???? <hashtag> <hashtag> <hashtag>""",0.0,True
Bullying,<username> kepedeannya saya kasih jempol kaki. pasti dah ni contoh warga idaman rezim sontoloyo,"""<username> kepedeannya saya kasih jempol kaki. pasti dah ni contoh warga idaman rezim sontoloyo""",0.0,True
Bullying,anies memang mantab setelah mengatakan kaki sebagai alat transportasi sekarang memberi contoh tangan sebagai pengganti sekop n cangkul .... lanjutkan bapak jadi anggota ppsu,"""Anies memang mantab setelah mengatakan kaki sebagai alat transportasi sekarang memberi contoh tangan sebagai pengganti sekop n cangkul .... lanjutkan bapak jadi anggota PPSU""",0.0,True
Bullying,daripada ibu kota diurus sama spesialis tata kata <username> mending pindah sekalian ã°ã¿ëœâ‚¬<hashtag>,"""daripada ibu kota diurus sama spesialis tata kata <username> mending pindah sekalian Ã°Ã¿Ëœâ‚¬<hashtag>""",0.0,True
Bullying,terbaik dalam bidang penghancuran jkt <hashtag> <hashtag>,"""Terbaik dalam bidang penghancuran Jkt <hashtag> <hashtag>""",0.0,True
Non-bullying,ak sudah lelah menyelami isi hatimu saatnya aku menyelami pantai selatan bersama nyi roro kidul .,"""Ak sudah lelah menyelami isi hatimu saatnya aku menyelami pantai selatan bersama nyi roro kidul .""",1.0,False
Non-bullying,kini giliran gadis di ciamis mandi lumpur protes jalan rusak katanya bangun jalan desa bangun apa nambal nambal apa bangun rakyat <hashtag>,"""Kini Giliran Gadis di Ciamis Mandi lumpur Protes jalan Rusak Katanya bangun jalan desa Bangun apa nambal Nambal apa bangun Rakyat <hashtag>""",1.0,False
Non-bullying,<username> bu susi mengucapkan terima kasih kepada gubernur dki anies baswedan terus psi ngimana komennya terhadap jakarta ngak malu nyinyir melulu,"""<username> Bu Susi mengucapkan terima kasih kepada gubernur DKI Anies Baswedan terus PSI ngimana komennya terhadap Jakarta ngak malu nyinyir melulu""",1.0,False
Bullying,berkah buat pendukung wan aibon biar mereka bisa berenang ?? kan kalau berenang di kolam berenang mahal mereka tidak mampu bayar mumpung <hashtag> mereka bisa berenang gratis . <hashtag>,"""Berkah buat pendukung wan aibon biar mereka bisa berenang ?? kan kalau berenang di kolam berenang mahal mereka tidak mampu bayar mumpung <hashtag> mereka bisa berenang gratis . <hashtag>""",0.0,True
Bullying,<username> selamat anda layak dapat penghargaan penjilat anies terbaik....silahkan ambil di balaikota,"""<username> selamat anda layak dapat penghargaan penjilat anies terbaik....silahkan ambil di balaikota""",0.0,True
Non-bullying,ketika hal yang sangat rahasia ada dihadapan kita dan mau gak mau harus di buka . <hashtag> <hashtag> <hashtag> <hashtag> <hashtag> <link>,"""Ketika hal yang sangat rahasia ada dihadapan kita dan mau gak mau harus di buka . <hashtag> <hashtag> <hashtag> <hashtag> <hashtag> <link>""",1.0,False
Non-bullying,pantesan ã¢â‚¬ëœkyai yg mengolok2 pernikahan nabi dg bunda aisyahã¢â‚¬â„¢ gak merasa bersalah ... jejak digitalnya akan jadi bukti sejarah bhw ada kyai sontoloyo gondrong yg mengolok2 nabi !!! <username> <link>,"""Pantesan Ã¢â‚¬ËœKyai yg mengolok2 pernikahan Nabi dg Bunda AisyahÃ¢â‚¬â„¢ gak merasa bersalah ... JEJAK DIGITALNYA akan jadi bukti SEJARAH bhw ada KYAI SONTOLOYO GONDRONG yg mengolok2 Nabi !!! <username> <link>""",1.0,False
Non-bullying,salut untuk jajaran polri. semoga berkah ramadan tahun ini berlimpah untuk kalian. <username> <username>\u2026 <link>,"""Salut untuk Jajaran Polri. Semoga berkah Ramadan tahun ini berlimpah untuk kalian. <username> <username>\u2026 <link>""",1.0,False
Non-bullying,ketika semua sadboiiii <username> <hashtag> <link>,"""Ketika semua sadboiiii <username> <hashtag> <link>""",1.0,False
Non-bullying,motaw tolol bgt hehew,"""motaw tolol bgt hehew""",1.0,False
Non-bullying,<username> <username> diselatanin aja ketemu nyi roro kidul ntr hehe,"""<username> <username> Diselatanin aja ketemu Nyi Roro kidul ntr hehe""",1.0,False
Bullying,seolah olah tahu tentang pertanian dan sangat peduli dg petani padahal bertani saja malu.,"""Seolah olah tahu tentang pertanian dan sangat peduli dg petani padahal bertani saja malu.""",0.0,True
Non-bullying,hal ini diperparah dengan kepo nya emak-emak sosialita istri teman2 rajata yang menyudutkan ruby hanya karena dia tidak melahirkan secara normal dan gendhis diberi susu formula sebagai penambah asi yang belum keluar banyak . <hashtag>,"""Hal ini diperparah dengan kepo nya emak-emak sosialita istri teman2 Rajata yang menyudutkan Ruby hanya karena dia tidak melahirkan secara normal dan Gendhis diberi susu formula sebagai penambah ASI yang belum keluar banyak . <hashtag>""",1.0,False
Non-bullying,<username> wkkwkwkwkwkwkwkwkw semngat dong qaqa reporter andalanquuuuu!!! ya gitulah namanya hidup kita gabisa ngandelin gadun kan . eh ðÿ˜…ðÿ¤£ demi nia ramadhani cabang galek katanya wahahah,"""<username> Wkkwkwkwkwkwkwkwkw semngat dong qaqa reporter andalanquuuuu!!! Ya gitulah namanya hidup kita gabisa ngandelin gadun kan . Eh ðŸ˜…ðŸ¤£ Demi nia ramadhani cabang galek katanya wahahah""",1.0,False
Non-bullying,kapolri baru . ikut melumpuhkan otak bom bali . jadi wakil kepala densus 88 anti teror mendampingi pak tito . menjadi anggota tim kobra pemburu tommy soeharto . dia adalah idham aziz . <username> <username> <username> <username> <hashtag> <link>,"""Kapolri baru . Ikut melumpuhkan otak bom Bali . Jadi wakil kepala densus 88 anti teror mendampingi pak Tito . Menjadi anggota tim kobra pemburu Tommy Soeharto . Dia adalah Idham Aziz . <username> <username> <username> <username> <hashtag> <link>""",1.0,False
Non-bullying,<username> <username> <username> husssshhh .. serius ini brooo ... agar jelas sejarah bangsa ini ... dan bisa rekonsiliasi yg sebenarnja ... agar tahun2 kedepan kita tak bicara lagi ham yang sangat melelahkan dan menghabiskan energi...<hashtag>,"""<username> <username> <username> Husssshhh .. Serius ini Brooo ... Agar jelas sejarah bangsa ini ... Dan bisa Rekonsiliasi yg sebenarnja ... Agar Tahun2 kedepan kita tak bicara lagi HAM yang Sangat Melelahkan dan menghabiskan energi...<hashtag>""",1.0,False
Non-bullying,<username> sarkasme bang biar ente makin dicari,"""<username> Sarkasme bang biar ente makin dicari""",1.0,False
Non-bullying,<username> <username> <username> <username> kalau benar kenapa musti takut maju terus <username>,"""<username> <username> <username> <username> Kalau benar kenapa musti takut maju terus <username>""",1.0,False
Non-bullying,<username> hehe maap ya .besok pg gimana,"""<username> Hehe maap ya .besok pg gimana""",1.0,False
Non-bullying,berlelah-lelahlah sungguh manisnya hidup itu terasa setelah lelah berjuang .,"""Berlelah-lelahlah sungguh manisnya hidup itu terasa setelah lelah berjuang .""",1.0,False
Non-bullying,maaf ya pak <username> nanti ga akan ada lagi yg menghapal nama2 ikan ga perlu siapin sepeda buat hadiah kuis bapak ã°å¸â„¢â <link>,"""Maaf ya Pak <username> nanti ga akan ada lagi yg menghapal nama2 ikan ga perlu siapin sepeda buat hadiah kuis bapak Ã°Å¸â„¢Â <link>""",1.0,False
Non-bullying,<username> <username> kl udah natural dan lahir bathin .. goblok itu terlihat jelas walau dr ribuan kilometer jaraknya,"""<username> <username> Kl udah natural dan lahir bathin .. goblok itu terlihat jelas walau dr ribuan kilometer jaraknya""",1.0,False
Bullying,dia orang memiliki banyak uang . karna itulah di mudah menjadi orang baik,"""Dia orang memiliki banyak uang . Karna itulah di mudah menjadi orang baik""",0.0,True
Bullying,dulu asalnya suka makin kesini tapi kok nambah makin suka suka pengen muntah <hashtag> <hashtag>,"""dulu asalnya suka makin kesini tapi kok nambah makin suka suka pengen muntah <hashtag> <hashtag>""",0.0,True
Non-bullying,sukses hanya bagi orang yang tetap semangat meski halangan dan rintangan di depan mata .,"""Sukses hanya bagi orang yang tetap semangat meski halangan dan rintangan di depan mata .""",1.0,False
Non-bullying,sudah tau kalah sekarang malah memaksa jokowi untuk turun memang nya kalian siapa ! kalian gak lebih dari sekedar anjing2nya prabowo ! <hashtag> <hashtag> <hashtag> <hashtag> <hashtag>,"""sudah tau kalah sekarang malah memaksa jokowi untuk turun memang nya kalian siapa ! kalian gak lebih dari sekedar anjing2nya prabowo ! <hashtag> <hashtag> <hashtag> <hashtag> <hashtag>""",1.0,False
Bullying,<username> <username> <username> ukhti <username> terima kasih atas penghargaan buat diskotik syariah ini .. sesuai dengan gnpf ulama 212 bani monaslim .. tq senator yang membawa barokah .. nb tersedia bidadari didiskotik collosseum <link>,"""<username> <username> <username> Ukhti <username> terima kasih atas penghargaan buat diskotik syariah ini .. sesuai dengan GNPF ulama 212 Bani monaslim .. tq senator yang membawa barokah .. NB tersedia bidadari didiskotik collosseum <link>""",0.0,True
Non-bullying,<username> <username> hooh seneni kono sekolah ra pinter malah goblok ndang!!!,"""<username> <username> Hooh seneni kono sekolah ra pinter malah goblok ndang!!!""",1.0,False
Non-bullying,bangsat sampe jam segini belum juga aktif <hashtag> <hashtag> <hashtag> <hashtag>,"""Bangsat sampe jam segini belum juga aktif <hashtag> <hashtag> <hashtag> <hashtag>""",1.0,False
Bullying,saya yakin hal ini menjadi pertanyaan kita semua katanya anti asing tapi kok berkiblat ke barat ?,"""Saya yakin hal ini menjadi pertanyaan kita semua KATANYA ANTI ASING TAPI KOK BERKIBLAT KE BARAT ?""",0.0,True
Non-bullying,akibat menghujat ulama bentar lagih karir dia jadi ojeg payung ... laki cicak ... bini biyawak ... <hashtag>,"""Akibat menghujat Ulama bentar lagih karir dia jadi ojeg payung ... Laki cicak ... bini biyawak ... <hashtag>""",1.0,False
Non-bullying,gayamu asyik senyummu sumringah dan tatapanmu sejuk engkaulah salah satu pemimpin sejati .. btw kemeja mu selalu bagus pak beli dimana ??? ðÿ˜…ðÿ˜…ðÿ‘†,"""Gayamu asyik senyummu sumringah dan tatapanmu sejuk engkaulah salah satu pemimpin sejati .. btw Kemeja mu selalu bagus pak beli dimana ??? ðŸ˜…ðŸ˜…ðŸ‘†""",1.0,False
Non-bullying,<username> karena lu keliatan tolol udh ah bye,"""<username> karena lu keliatan tolol udh ah bye""",1.0,False
Bullying,"sibapak itu emang bener, banjir besar memang selalu terjadi di hari libur, mau hari apa pun klo banjirnya besar ya pada libur. . <hashtag> <hashtag>","""SiBapak itu emang bener, Banjir besar memang selalu terjadi di hari libur, mau hari apa pun klo banjirnya besar ya pada libur. . <hashtag> <hashtag>""",0.0,True
Bullying,bilangnya cinta indonesia tapi tiap disisipin trip ke museum atau sanggar budaya daerah minta diskip . gmn bs cinta kalau tidak kenal?,"""Bilangnya Cinta Indonesia tapi tiap disisipin trip ke museum atau sanggar budaya daerah minta diskip . Gmn bs cinta kalau tidak kenal?""",0.0,True
Non-bullying,mau ngupas mangga indramayu yg masih mengkel kok males ya . apakah akyu kena sindrom nia ramadhani?,"""Mau ngupas mangga indramayu yg masih mengkel kok males ya . Apakah akyu kena sindrom Nia Ramadhani?""",1.0,False
Non-bullying,bertanya-tanya mengapa suaminya tiba-tiba menghilang . niyazi adalah satu di antara ratusan ribu orang uighur yang diduga terseret dalam penahanan massal muslim yang berbahasa turki di wilayah paling barat cina . bahkan status ã¢â‚¬å“elitã¢â‚¬â -nya sebagai pejabat komunis setempat tidak,"""bertanya-tanya mengapa suaminya tiba-tiba menghilang . Niyazi adalah satu di antara ratusan ribu orang Uighur yang diduga terseret dalam penahanan massal Muslim yang berbahasa Turki di wilayah paling barat Cina . Bahkan status Ã¢â‚¬Å“elitÃ¢â‚¬Â -nya sebagai pejabat komunis setempat tidak""",1.0,False
Bullying,katanya kan bapak fadlizon memperjuangkan keadilan tahu nya hanya membela orang2 yang membela junjungannya saja .,"""Katanya kan bapak FadliZon memperjuangkan keadilan tahu nya hanya membela orang2 yang membela junjungannya saja .""",0.0,True
Non-bullying,susunan menteri jokowi itu kabinet obesitas <hashtag> <hashtag> <link>,"""Susunan Menteri Jokowi Itu Kabinet Obesitas <hashtag> <hashtag> <link>""",1.0,False
Bullying,jujur itu mahal makanya kebanyakan orang yang suka bohong itu tidak punya nilai jual (n) <hashtag>,"""Jujur itu mahal makanya kebanyakan orang yang suka bohong itu tidak punya nilai jual (n) <hashtag>""",0.0,True
Non-bullying,malam tak berbintang eh ternyata bintangnya ada di kulkas . <hashtag> <link>,"""Malam tak berbintang eh ternyata bintangnya ada di kulkas . <hashtag> <link>""",1.0,False
Non-bullying,tak ada tempat buat kamu songong babu cukong kayak mereka di tanah bertuah . <hashtag> <link>,"""Tak ada tempat buat kamu songong Babu Cukong kayak mereka di Tanah bertuah . <hashtag> <link>""",1.0,False
Non-bullying,pengakuan khilaf permintaan maaf yang belum tentu dibarengi kesadaran memperbaiki sikap nyata bila tidak dikenai sangsi dalam bentuk apapun -- akan membuat mereka tetap tidak jera merongrong demi egoisme pribadi dan kelompok . <username> <hashtag>,"""Pengakuan khilaf permintaan maaf yang belum tentu dibarengi kesadaran memperbaiki sikap nyata bila tidak dikenai sangsi dalam bentuk apapun -- akan membuat mereka tetap tidak jera merongrong demi egoisme pribadi dan kelompok . <username> <hashtag>""",1.0,False
Non-bullying,lama kelamaan hoax center justru jadi bank hoax yang diciptakan kubu 02 karena saking banyaknya hoax yang tercipta . sayangnya hoax ini terus dipupuk hingga tumbuh subur .,"""Lama kelamaan Hoax Center justru jadi bank hoax yang diciptakan kubu 02 karena saking banyaknya hoax yang tercipta . Sayangnya hoax ini terus dipupuk hingga tumbuh subur .""",1.0,False
Non-bullying,selain un sebenarnya saya mau pak nadiem juga menghapuskan kkm . keduanya adalah dua dinding penjara yang serupa bagi para guru .,"""Selain UN sebenarnya saya mau pak Nadiem juga menghapuskan KKM . Keduanya adalah dua dinding penjara yang serupa bagi para guru .""",1.0,False
Non-bullying,proyek revitalisasi monas dihentikan karena melanggar keputusan presiden nomor 25/1995 tentang pembangunan kawasan medan merdeka di wilayah daerah khusus ibu kota . <hashtag>,"""Proyek revitalisasi Monas dihentikan karena melanggar Keputusan Presiden Nomor 25/1995 tentang Pembangunan Kawasan Medan Merdeka di Wilayah Daerah Khusus Ibu Kota . <hashtag>""",1.0,False
Non-bullying,ga tau pura-pura go-blok atau idiot beneran . tolol nya itu loh ga ketulungan . makanya otak kemana-mana dibawa jangan buat pajangan doang ã°å¸â€™â€¹,"""Ga tau pura-pura go-blok atau idiot beneran . Tolol nya itu loh ga ketulungan . Makanya otak kemana-mana dibawa jangan buat pajangan doang Ã°Å¸â€™â€¹""",1.0,False
Non-bullying,hujan pertama di jakarta . uwuu~,"""Hujan pertama di Jakarta . Uwuu~""",1.0,False
Bullying,"andre telah berhasil menorehkan namanya utk dikenang selamanya, andre mana? itu andre psk ã°ã¿â„¢ë†ã°ã¿â„¢ë† <hashtag>","""andre telah berhasil menorehkan namanya utk dikenang selamanya, andre mana? itu andre psk Ã°Ã¿â„¢Ë†Ã°Ã¿â„¢Ë† <hashtag>""",0.0,True
Non-bullying,nanti kalo gabener wan aibon si gabecus kerja udah lengser mudah2an gubernur yg akan datang langsung ngebongkar hasil revitalisasi monas sambil teriak proyek apa ini gak guna !! guoblok udh tau jakarta rawan banjir malah lahan hijau dibetonin !! <hashtag> <hashtag>,"""Nanti kalo gabener wan aibon si gabecus kerja udah lengser mudah2an gubernur yg akan datang langsung ngebongkar hasil revitalisasi monas sambil teriak PROYEK APA INI GAK GUNA !! GUOBLOK UDH TAU JAKARTA RAWAN BANJIR MALAH LAHAN HIJAU DIBETONIN !! <hashtag> <hashtag>""",1.0,False
Non-bullying,pdkng jenderal kardus n jenderal baper kampret ngak malu bahas hutang lah sang jenderal sj byk hutang pribadi kengr kok ngak pd ngaca sih ya pdkngnya duh tolol banget bahkan ktnya karyawannya sj blm digaji kok mlh mau mensejahterakan buruh ktnya ngakak guling2 <hashtag>,"""Pdkng jenderal kardus n jenderal baper kampret ngak malu bahas hutang lah sang jenderal sj byk hutang pribadi kengr kok ngak pd ngaca sih ya pdkngnya duh tolol banget bahkan ktnya karyawannya sj blm digaji kok mlh mau mensejahterakan buruh ktnya ngakak guling2 <hashtag>""",1.0,False
Non-bullying,<username> emg lo tolol?,"""<username> emg lo tolol?""",1.0,False
Non-bullying,adakah yang sepeeti beliau . tak melihat dia siapa putra / putri siapa . kalo memang salah y salah . <hashtag> <link>,"""Adakah yang sepeeti Beliau . Tak melihat dia siapa putra / Putri siapa . Kalo memang salah y salah . <hashtag> <link>""",1.0,False
Non-bullying,<username> sosialita manja lom aja kena karma,"""<username> sosialita manja lom aja kena karma""",1.0,False
Non-bullying,<username> <username> sontoloyo wkw,"""<username> <username> Sontoloyo wkw""",1.0,False
Non-bullying,ex menteri kkp terdahulu <username> pernah melarang perdagangan lobster di bawah ukuran 200 gram atau yg berupa benih lobster . menteri <username> yg baru sodara <username> berencana membuka kembali kran ekspor benih lobster itu . ini sontoloyo namanyaã°å¸â€˜å½,"""Ex Menteri KKP terdahulu <username> pernah melarang perdagangan lobster di bawah ukuran 200 gram atau yg berupa benih lobster . Menteri <username> yg baru sodara <username> berencana membuka kembali kran ekspor benih lobster itu . ini SONTOLOYO namanyaÃ°Å¸â€˜Å½""",1.0,False
Non-bullying,tidak bosannya <hashtag> dibuat <hashtag> .... gerombolan mereka saling mendukung dg cara naif yakni kebohongan . nangis2 agar hati petani panas dan marah . petani org2 kecil dieksploitasi demi nafsu berkuasa .,"""Tidak bosannya <hashtag> dibuat <hashtag> .... Gerombolan mereka saling mendukung dg cara naif yakni kebohongan . Nangis2 agar hati petani panas dan marah . Petani org2 kecil dieksploitasi demi nafsu berkuasa .""",1.0,False
Bullying,sengkuni berkepanjangan mengatakan atas nama islam apapun itu . islam yang mana hai bapak tua ?! sudahkah kau menjalankan,"""sengkuni berkepanjangan mengatakan atas nama islam apapun itu . islam yang mana hai bapak tua ?! sudahkah kau menjalankan""",0.0,True
Bullying,keren ya indonesia yang jelek jd fuckboi yang ganteng jadi shitposter,"""Keren ya indonesia yang jelek jd fuckboi yang ganteng jadi shitposter""",0.0,True
Non-bullying,temenku ibadah jam 16 .00 15 .47 dia masih ghibahin orang lain habis dia ghibah langsung minta ampunn tolol emang ã°å¸â¤â£ã°å¸â¤â£ã°å¸â¤â£,"""Temenku ibadah jam 16 .00 15 .47 dia masih ghibahin orang lain Habis dia ghibah langsung minta ampunn tolol emang Ã°Å¸Â¤Â£Ã°Å¸Â¤Â£Ã°Å¸Â¤Â£""",1.0,False
Non-bullying,<username> <username> <username> <username> doclang apa an yak ðÿ¤”,"""<username> <username> <username> <username> Doclang apa an yak ðŸ¤”""",1.0,False
Non-bullying,tong kosong isinya kosong banyak omong dasar orang songong,"""Tong kosong isinya kosong banyak omong dasar orang songong""",1.0,False
Non-bullying,<hashtag> maunya ini memang tercipta untuk bikin gaduh .,"""<hashtag> Maunya ini memang tercipta untuk bikin gaduh .""",1.0,False
Non-bullying,yang provokator kau !!! kau yang memulai kau pula yang sok jadi penengah !!! sok jadi malaikat padahal setan !!!,"""Yang provokator kau !!! kau yang memulai kau pula yang sok jadi penengah !!! Sok jadi malaikat padahal setan !!!""",1.0,False
Non-bullying,napa tiba2 sad vibe si sontoloyo iniã°å¸â¤â€ <link>,"""Napa tiba2 sad vibe si sontoloyo iniÃ°Å¸Â¤â€ <link>""",1.0,False
Non-bullying,garuda indonedia terus maju terbang ke angkasa tinggalkan mereka pelaku <link> dan dugaan kasus lainya .... <hashtag> <hashtag> <hashtag> <hashtag> <hashtag> <link>,"""Garuda indonedia terus maju terbang ke angkasa tinggalkan mereka pelaku <link> dan dugaan kasus lainya .... <hashtag> <hashtag> <hashtag> <hashtag> <hashtag> <link>""",1.0,False
Non-bullying,saya menduga ini kan semacam tanda kutip balas jasa pak tito berjasa ikut memenangkan [pemilu] melalui jajaranya ungkapnya <hashtag> <hashtag> <link>,"""Saya menduga ini kan semacam tanda kutip balas jasa Pak Tito berjasa ikut memenangkan [pemilu] melalui jajaranya ungkapnya <hashtag> <hashtag> <link>""",1.0,False
Non-bullying,<username> bilangin anaknya nia ramadhani sekolah di sekolah inter yg harga spp seharga mobil boleh boleh aja tuh main tiktok,"""<username> bilangin anaknya nia ramadhani sekolah di sekolah inter yg harga spp seharga mobil boleh boleh aja tuh main tiktok""",1.0,False
Bullying,tempe setipis atm mana mungkin konsultan asing ngerti,"""Tempe setipis ATM mana mungkin konsultan asing ngerti""",0.0,True
Bullying,yang pintar tuh cem gerombolan kalian ini drun ã°å¸â¤â£ ã°å¸â¤â£ ã°å¸â¤â£,"""Yang pintar tuh cem gerombolan kalian ini drun Ã°Å¸Â¤Â£ Ã°Å¸Â¤Â£ Ã°Å¸Â¤Â£""",0.0,True
Non-bullying,ada 34 propinsi di indonesia . artinya ada 34 gubernur di indonesia . jika setengahnya atau 17 propinsi gubernur nya seperti anies baswedan . artinya di jamin indonesia bubar . <link>,"""Ada 34 Propinsi di Indonesia . Artinya ada 34 Gubernur di Indonesia . Jika setengahnya atau 17 Propinsi Gubernur nya seperti Anies Baswedan . Artinya di jamin Indonesia Bubar . <link>""",1.0,False
Non-bullying,<username> partai sontoloyo indonesia,"""<username> Partai Sontoloyo Indonesia""",1.0,False
Non-bullying,<username> otak lu mana otak!!!! ??? ? <hashtag> di perut,"""<username> Otak lu mana otak!!!! ??? ? <hashtag> di perut""",1.0,False
Bullying,cerdaaas... beruntunglah bagi mereka yg mengenal tandaâ²...tanda ketidakbecusan <username> memimpin jakarta.. <hashtag>,"""Cerdaaas... Beruntunglah bagi mereka yg mengenal tandaÂ²...Tanda ketidakbecusan <username> Memimpin jakarta.. <hashtag>""",0.0,True
Non-bullying,berbeda dengan pernyataan jubir prabowo tegaskan akan ambil gaji dan pakai mobil dinas <link> <link>,"""Berbeda dengan Pernyataan Jubir Prabowo Tegaskan Akan Ambil Gaji dan Pakai Mobil Dinas <link> <link>""",1.0,False
Bullying,bela agama sudah bela bapak prabowo sudah sekarang tinggal bela sungkawa :(. <hashtag>,"""Bela agama sudah bela bapak prabowo sudah sekarang tinggal bela sungkawa :(. <hashtag>""",0.0,True
Bullying,memang bangun tol pakai uang situ? hilih,"""memang bangun tol pakai uang situ? Hilih""",0.0,True
Bullying,darah itu merah jendral ! kini perkataan mu dahulu telah terbunuh oleh pertemuan hari ini ! <hashtag> <hashtag>,"""Darah itu merah jendral ! Kini perkataan mu dahulu telah terbunuh oleh pertemuan hari ini ! <hashtag> <hashtag>""",0.0,True
Non-bullying,<username> alkhamdhulillah ikut merasakan kesejukan dan kedamaian dari pemimpin2 yang menyejukan .semoga pemimpin2 yang begini slalu mendapat perlindungan nya amin .,"""<username> Alkhamdhulillah ikut merasakan kesejukan dan kedamaian dari pemimpin2 yang menyejukan .semoga pemimpin2 yang begini slalu mendapat perlindungan Nya Amin .""",1.0,False
Non-bullying,<username> <username> <username> <username> itu aku nanyak bodoh . dia bilang gak ada kan terus aku nanya idiot . sumber waras suruh urus dulu tolol,"""<username> <username> <username> <username> Itu aku nanyak bodoh . Dia bilang gak ada kan terus aku nanya idiot . sumber waras suruh urus dulu tolol""",1.0,False
Non-bullying,2 . pak anies <username> mencontohkan dalam perencanaan ada 600k penghapus papan tulis namun saat sudah disahkan penghapus tersebut hilang dan mengatakan bahwa komponen penghapus adl dummy . menurut sy hal tsb justru merupakan contoh ketelitian pak ahok yang berhasil (1/2),"""2 . Pak Anies <username> mencontohkan dalam perencanaan ada 600k penghapus papan tulis namun saat sudah disahkan penghapus tersebut hilang dan mengatakan bahwa komponen penghapus adl dummy . Menurut sy hal tsb justru merupakan contoh ketelitian Pak Ahok yang berhasil (1/2)""",1.0,False
Non-bullying,sobat ambyar cabang bulak sumur sekaligus hunting foto pejabat . ã°å¸ëœâ <link>,"""Sobat ambyar cabang bulak sumur sekaligus hunting foto pejabat . Ã°Å¸ËœÂ <link>""",1.0,False
Non-bullying,lo segampang itu ngomong gitu hello gue kelihatan kek orang se tolol apaan menurut lo gausah sok paling ngerti .,"""Lo segampang itu ngomong gitu hello gue kelihatan kek orang se tolol apaan menurut lo gausah sok paling ngerti .""",1.0,False
Non-bullying,batas kebohongan adalah ingatan.' 0,"""Batas kebohongan adalah ingatan.' 0""",1.0,False
Non-bullying,udah ga sabar pengen tau ide terbaik dia buat negriku .. moga2 ga bikin makin bego siswanya aja ya kalo ga jago menghafal .. trus yg dibutuhkan apa dong pak jago berhitung? jago nyanyi? jago olahraga? jago masak? jago silat? ato jago apaan .. penasaran gw ã°å¸â¤â€ <link>,"""Udah ga sabar pengen tau ide terbaik dia buat negriku .. Moga2 ga bikin makin bego siswanya aja ya Kalo ga jago menghafal .. trus yg dibutuhkan apa dong pak Jago berhitung? Jago nyanyi? Jago olahraga? Jago masak? Jago silat? Ato jago apaan .. penasaran gw Ã°Å¸Â¤â€ <link>""",1.0,False
Non-bullying,saya siap pasang badan . saya siap mati demi membela kepentingan masyarakat jakarta . jika ada yang macam-macam saya yang hadapi ! <hashtag>,"""Saya SIAP pasang badan . Saya SIAP MATI demi membela kepentingan masyarakat Jakarta . Jika ada yang macam-macam SAYA yang HADAPI ! <hashtag>""",1.0,False
Bullying,alhamdulillah akhirnya nemu juga proyekan eang bisa bwat ngebantu ngabisin anggaran setelah program kembar sial oke dan oce hanyut kebawa banjir .. lancar proyeknya bahagia pemprop nya alhamdulillah <hashtag>,"""Alhamdulillah akhirnya nemu juga proyekan eang bisa bwat ngebantu ngabisin anggaran setelah program kembar sial oke dan oce hanyut kebawa banjir .. Lancar proyeknya Bahagia Pemprop nya Alhamdulillah <hashtag>""",0.0,True
Non-bullying,gaya sosialita gaji umr jogja,"""Gaya sosialita gaji UMR jogja""",1.0,False
Non-bullying,ritwit berirama semua hestek oposan ... jangan terlalu nafsu jangan juga terlalu loyo . 4 hestek kita uber . bisa? jawab!!! <hashtag> <hashtag>,"""Ritwit berirama semua hestek oposan ... Jangan terlalu nafsu jangan juga terlalu loyo . 4 hestek kita uber . Bisa? JAWAB!!! <hashtag> <hashtag>""",1.0,False
Non-bullying,airlangga hartarto menyatakan seluruh kader partai golkar turut bangga karena presiden jokowi percaya terhadap kader-kader terbaik golkar untuk berada di kabinet indonesia maju . <hashtag> <hashtag> <hashtag> <hashtag> <link>,"""Airlangga Hartarto menyatakan seluruh kader Partai Golkar turut bangga karena Presiden Jokowi percaya terhadap kader-kader terbaik Golkar untuk berada di Kabinet Indonesia Maju . <hashtag> <hashtag> <hashtag> <hashtag> <link>""",1.0,False
Non-bullying,aku benci sebahagian diriku yg masih tetap mengagumimu ..haisssss ..sontoloyo .. !!,"""Aku benci sebahagian diriku yg masih tetap mengagumimu ..haisssss ..sontoloyo .. !!""",1.0,False
Bullying,saya kagum pada bapak anies semoga tenggelam,"""Saya kagum pada bapak Anies semoga tenggelam""",0.0,True
Non-bullying,pilpres sudah lewat . sidang mk sudah usai . saatnya kembali bekerja . <hashtag>,"""Pilpres sudah lewat . Sidang MK sudah usai . Saatnya kembali bekerja . <hashtag>""",1.0,False
Bullying,semoga terbaca oleh para elit politik bpn semua jajaran pendukung prabowo yang mangkir dari faktanya dalang semua,"""Semoga terbaca oleh para elit politik BPN semua jajaran pendukung Prabowo yang mangkir dari faktanya dalang semua""",0.0,True
Bullying,terima kasih pak <username> telah mengendalikan sebak dengan salim sehingga jakarta saat ini tidak ada lagi yang tidak sebak.. semua sudah merembet.. ã°ã¿ëœâ¡ã°ã¿ëœâ¡ã°ã¿ëœâ¡ <hashtag>,"""terima kasih pak <username> telah mengendalikan sebak dengan salim sehingga jakarta saat ini tidak ada lagi yang tidak sebak.. semua sudah merembet.. Ã°Ã¿ËœÂ¡Ã°Ã¿ËœÂ¡Ã°Ã¿ËœÂ¡ <hashtag>""",0.0,True
Non-bullying,jakarta banjir lagi dampak penebangan190 pohon di monas akibatkan jalan merdeka barat pintu masuk monas banjir 25cm an <hashtag>,"""Jakarta Banjir Lagi dampak penebangan190 pohon di Monas akibatkan jalan Merdeka Barat pintu masuk Monas BANJIR 25cm an <hashtag>""",1.0,False
Non-bullying,<username> <hashtag> gamau tau harus menang ga menang terbaik nya berkurang hehe,"""<username> <hashtag> gamau tau harus menang ga menang terbaik nya berkurang hehe""",1.0,False
Non-bullying,biadab kau ! dimana kedaulatan rakyatnya? bajingan!!!!! ini kah yg kau mau wahai presiden kertanegara ??? <username>,"""Biadab kau ! Dimana kedaulatan rakyatnya? Bajingan!!!!! Ini kah yg kau mau wahai presiden Kertanegara ??? <username>""",1.0,False
Bullying,kami tidak membayar karena keadilan itu tidak ternilai harganya . dan mereka bisa membeli sesuatu yang dianggap murahan ! paham !,"""KAMI tidak MEMBAYAR KARENA KEADILAN ITU tidak TERNILAI HARGANYA . DAN MEREKA BISA MEMBELI SESUATU YANG DIANGGAP MURAHAN ! PAHAM !""",0.0,True
Non-bullying,<username> tompi anda ini siapa sih? rasanya kebencian anda ke anies sdh menghilangkan nalar anda . gelar dokter anda tdk membuat anda lebih bermoral tompi . anda tdk lebih penghamba ahok yg terbutakan mata hatinya .,"""<username> Tompi anda ini siapa sih? Rasanya kebencian anda ke Anies sdh menghilangkan nalar anda . Gelar dokter anda tdk membuat anda lebih bermoral Tompi . Anda tdk lebih penghamba Ahok yg terbutakan mata hatinya .""",1.0,False
Non-bullying,projo bubar lngsg dapet kue .. budi ari setiadi . hahaha .. <hashtag> <hashtag> <link>,"""Projo Bubar lngsg dapet kue .. Budi Ari Setiadi . Hahaha .. <hashtag> <hashtag> <link>""",1.0,False
Bullying,<hashtag> 02-02-2020. haya pengen ngucapain selamat kepda yth bapak anis. karna sekrang jakrta sudah bisa bikin <hashtag> sendri. tanpa harus impor dari bogor. selamat selamat.,"""<hashtag> 02-02-2020. Haya pengen ngucapain selamat kepda yth bapak Anis. Karna sekrang jakrta sudah bisa bikin <hashtag> sendri. Tanpa harus impor dari bogor. Selamat selamat.""",0.0,True
Non-bullying,apakah ini ulama? menghalalkan diskotik? apakah nanti takbir akan berubah jadi take a beer ? <link>,"""Apakah ini ulama? Menghalalkan diskotik? Apakah nanti Takbir akan berubah jadi Take a beer ? <link>""",1.0,False
Non-bullying,udah gede tapi otak gadipake tolol,"""Udah gede tapi otak gadipake tolol""",1.0,False
Non-bullying,<username> <username> sontoloyo kebingungan,"""<username> <username> Sontoloyo kebingungan""",1.0,False
Non-bullying,awali priode ke 2 dengan melakukan mengunjungi daerah pembangunan infrastruktur di papua <hashtag> <hashtag> <hashtag> <link>,"""Awali Priode Ke 2 Dengan Melakukan Mengunjungi Daerah Pembangunan Infrastruktur di Papua <hashtag> <hashtag> <hashtag> <link>""",1.0,False
Non-bullying,<username> <username> <username> ðÿ˜ðÿ‘†ngeles ala plagiator ðÿ˜‚ðÿ˜‚ðÿ˜‚,"""<username> <username> <username> ðŸ˜ðŸ‘†ngeles ala plagiator ðŸ˜‚ðŸ˜‚ðŸ˜‚""",1.0,False
Non-bullying,karya yg diawali dari kampanye melindungi mata air di salatiga . <username> <username> <username> <hashtag>,"""Karya YG diawali Dari kampanye melindungi Mata air Di salatiga . <username> <username> <username> <hashtag>""",1.0,False
Non-bullying,<username> <username> ngomong opooooo iki..... ??? ðÿ˜‚ðÿ˜‚ðÿ˜‚ðÿ˜‚ <hashtag>,"""<username> <username> Ngomong opooooo iki..... ??? ðŸ˜‚ðŸ˜‚ðŸ˜‚ðŸ˜‚ <hashtag>""",1.0,False
Bullying,"mantap nih ketua dan dewasny <username> , smangat lindungi koruptor !!","""Mantap nih ketua dan dewasny <username> , smangat lindungi koruptor !!""",0.0,True
Non-bullying,aneh sama warga twitter rebahan aja bangga . <hashtag>,"""Aneh sama warga twitter rebahan aja bangga . <hashtag>""",1.0,False
Bullying,satu-satunya prestasi pak jokowi selama menjabat yang buat saya kagum adalah pernah menjabat sebagai ri1 terima kasih telah pimpin kami harapannya cukuplah satu periode untuk bapak,"""Satu-satunya prestasi pak jokowi selama menjabat yang buat saya kagum adalah pernah menjabat sebagai RI1 terima kasih telah pimpin kami Harapannya Cukuplah satu periode untuk bapak""",0.0,True
Bullying,rakyat sudah pintar kok . koalisi busuk 02 sudah ketahuan hoax nya .,"""Rakyat sudah pintar kok . Koalisi busuk 02 sudah ketahuan HOAX nya .""",0.0,True
Non-bullying,nilai ujian itu penting tp bukan segalanya . bersama memperbaiki hubungan dgn allah membangun impian bakat martabat kejujuran dan kepercayaan diri -insyaallah- lebih menentukan potensi & masadepan ananda yg lebih baik .,"""Nilai ujian itu penting tp bukan segalanya . Bersama memperbaiki hubungan dgn Allah membangun impian bakat martabat kejujuran dan kepercayaan diri -insyaallah- lebih menentukan potensi & masadepan ananda yg lebih baik .""",1.0,False
Bullying,partai allahã¢â‚¬â tidak butuh kursi bahkan mereka ikhlas membagikannya kepada yang lain. heuheuheuheu ...,"""partai allahÃ¢â‚¬Â tidak butuh kursi bahkan mereka ikhlas membagikannya kepada yang lain. heuheuheuheu ...""",0.0,True
Non-bullying,<username> katanya negara menjamin kebebasan beragama kok di larang celana cingkrang sama cadar kan sunnah . katanya negara mayoritas muslim,"""<username> Katanya negara menjamin kebebasan beragama kok di larang celana cingkrang sama cadar kan sunnah . Katanya negara mayoritas muslim""",1.0,False
Non-bullying,ya udah di gas ajaa sekalian ini si jonk <hashtag>,"""Ya udah di gas ajaa sekalian ini si jonk <hashtag>""",1.0,False
Non-bullying,<username> sehat jasmani dan rohani <hashtag>,"""<username> Sehat jasmani dan rohani <hashtag>""",1.0,False
Non-bullying,pantesan aja sering bilang tiongkok baik kok!!! suka nyumbang n kasih duit ... jangan diganggu politiknya ... ternyata tiongkok sering menghujani dg duit ... <link> <hashtag>,"""Pantesan aja sering bilang Tiongkok baik kok!!! suka nyumbang n kasih duit ... Jangan diganggu politiknya ... ternyata tiongkok sering menghujani dg duit ... <link> <hashtag>""",1.0,False
Bullying,<username> tolong tuhan jauhkan anies baswedan dari jawa tengah .,"""<username> Tolong tuhan jauhkan anies baswedan dari jawa tengah .""",0.0,True
Non-bullying,siap siaga melindungi anak dan istriku <hashtag> <hashtag> <hashtag> <hashtag> <hashtag> <hashtag> <link>,"""Siap siaga melindungi anak dan istriku <hashtag> <hashtag> <hashtag> <hashtag> <hashtag> <hashtag> <link>""",1.0,False
Non-bullying,hati hati dg wsj media amerika ini <hashtag> <link>,"""Hati hati dg WSJ media amerika ini <hashtag> <link>""",1.0,False
Bullying,perusahaan nya mang ada dan alamatnya bener kok cuman ntuh kantor kgak bakal keliatan bagi mata rang yang kgak beriman .. <hashtag>,"""Perusahaan nya mang ada dan alamatnya bener kok Cuman ntuh kantor kgak bakal keliatan bagi mata Rang yang kgak Beriman .. <hashtag>""",0.0,True
Non-bullying,<username> <username> ya allah berikan selalu kesehatan untuk presiden indonesia bapak jokowi dan lindungilah b\u2026 <link>,"""<username> <username> Ya Allah berikan selalu kesehatan untuk Presiden Indonesia bapak Jokowi dan lindungilah b\u2026 <link>""",1.0,False
Bullying,<username> terlalu cinta dgn om anies melanggar hukum pun dilakukan :(,"""<username> Terlalu cinta dgn om Anies melanggar hukum pun dilakukan :(""",0.0,True
Bullying,hei <username> jujur saja puisi anda memang ditujukan buat hina ulama kan ? tidak malu kau?,"""Hei <username> jujur saja puisi anda memang ditujukan buat hina ulama kan ? tidak malu kau?""",0.0,True
Bullying,luar biasa jakarta berkahnya tidak abis2 . semoga berkah terus setiap hari . <hashtag>,"""Luar biasa jakarta berkahnya tidak abis2 . Semoga berkah terus setiap hari . <hashtag>""",0.0,True
Bullying,sukses <username> mencptakan water park di dki. cuma sayang nya dia ambil air kafir..jadi yah ga seiman. liar kemana2..! tunggu bacot <username> punggung tangan dengan jari telunjuk mengarah ke kiri <hashtag>,"""Sukses <username> mencptakan water park di DKI. Cuma sayang nya dia ambil air kafir..jadi yah ga seiman. Liar kemana2..! Tunggu bacot <username> Punggung tangan dengan jari telunjuk mengarah ke kiri <hashtag>""",0.0,True
Non-bullying,<username> pa <username> berbuat yg terbaik lalu situ berbuat apa utk dki ... yang melemahkan semangat ada dua; pertama prasangka kedua hati busuk . â€“ hamka,"""<username> Pa <username> berbuat yg terbaik lalu situ berbuat apa utk DKI ... Yang melemahkan semangat ada dua; pertama prasangka kedua hati busuk . â€“ HAMKA""",1.0,False
Non-bullying,kami sangat optimis bahwa partai golkar akan mendapatkan kursi di ketua mpr ri . keyakinan itu didasarkan pada pertama tentu kita memiliki asas proporsionalitas . ace hasan syadzily ketua dpp partai golkar <hashtag> <username> (link: <link> .com/live) metrotvnews .com/live,"""Kami sangat optimis bahwa Partai Golkar akan mendapatkan kursi di Ketua MPR RI . Keyakinan itu didasarkan pada pertama tentu kita memiliki asas proporsionalitas . Ace Hasan Syadzily Ketua DPP Partai Golkar <hashtag> <username> (link: <link> .com/live) metrotvnews .com/live""",1.0,False
Non-bullying,<username> <username> <username> <username> hahaha akan kah keluar <hashtag>,"""<username> <username> <username> <username> Hahaha akan kah keluar <hashtag>""",1.0,False
Non-bullying,panik boleh goblok jangan <hashtag> . <hashtag> <hashtag> <hashtag> <username>,"""Panik boleh goblok jangan <hashtag> . <hashtag> <hashtag> <hashtag> <username>""",1.0,False
Non-bullying,<hashtag> mereka dg mudah mengatasnamakan dan menjual ayat untuk mengerahkan massa dan membelanya . korban yang berjatuhan diframing sebagai korban aparat . miris sekali,"""<hashtag> mereka dg mudah mengatasnamakan dan menjual ayat untuk mengerahkan massa dan membelanya . Korban yang berjatuhan diframing sebagai korban aparat . Miris sekali""",1.0,False
Non-bullying,<username> hwhwhwh tolol,"""<username> hwhwhwh tolol""",1.0,False
Bullying,katanya pemuka agama mana tawadhu? ngeles tidak ada rasa penyesalan urat malu ??? (sangat disayangkan??) <hashtag> <hashtag>,"""Katanya Pemuka Agama mana Tawadhu? Ngeles tidak ada rasa penyesalan urat malu ??? (sangat disayangkan??) <hashtag> <hashtag>""",0.0,True
Non-bullying,<username> <username> dl jmn orba mrk pd teriak2 brantas kkn nepotisme tp kini mrk mnjd pelaku bahkn lbh rakus dr sblmnyaðÿ˜­ <hashtag> <hashtag> <hashtag>,"""<username> <username> Dl jmn ORBA mrk pd teriak2 brantas KKN nepotisme tp kini mrk mnjd pelaku bahkn lbh rakus dr sblmnyaðŸ˜­ <hashtag> <hashtag> <hashtag>""",1.0,False
Non-bullying,ceo gak tau diri? harusnya kebalik . andaâ² yang udh dikasih platform buat jual beli dengan mudah yg gak tau diri . udh dikasih promo bnyk . lu bilang e-commerce gak boleh politik? ust . yusuf mansur aja dukung pak joko . gue gak mslh . yg jadi masalah standar ganda ! 1,"""CEO GAK TAU DIRI? harusnya kebalik . AndaÂ² yang udh dikasih platform buat jual beli dengan mudah yg gak tau diri . Udh dikasih promo bnyk . Lu bilang e-commerce gak boleh politik? Ust . Yusuf Mansur aja dukung pak Joko . Gue gak mslh . Yg jadi masalah standar ganda ! 1""",1.0,False
Non-bullying,<username> mengingatkan bahwa negara ini sudah ada aturan mainnya . konstitusinya jelas undang-undangnya jelas,"""<username> mengingatkan bahwa negara ini sudah ada aturan mainnya . Konstitusinya jelas undang-undangnya jelas""",1.0,False
Non-bullying,alhamdulillah bekasi dan jakarta hujan guys . ga panas lagi ya allah makasih ðÿ¥ºðÿ˜­,"""Alhamdulillah Bekasi dan Jakarta hujan guys . Ga panas lagi Ya Allah makasih ðŸ¥ºðŸ˜­""",1.0,False
Non-bullying,<username> pacar sontoloyo,"""<username> Pacar sontoloyo""",1.0,False
Non-bullying,gak usah sokan bela kalau makan aja susah apalagi gak kuat nonton video ini ... beli kuota dulu wkwkwk ini video tips kalau gak punya uang jangan jadi sok pahlawan kalau cuman nyetatus tapi gak kuat nonton <link> <hashtag> <link>,"""Gak usah sokan bela kalau makan aja susah apalagi gak kuat nonton video ini ... beli kuota dulu wkwkwk Ini video tips kalau gak punya uang jangan jadi sok pahlawan kalau cuman nyetatus tapi gak kuat nonton <link> <hashtag> <link>""",1.0,False
Bullying,retweet lagi ah prestasi anak bangsa .... kampret jangan kejang kejang ya .,"""Retweet lagi ah prestasi anak bangsa .... Kampret jangan kejang kejang ya .""",0.0,True
Non-bullying,gausah pada sok bilang bucan bucin bucan bucin kalo sama2 pernah goblok kena cinta2 juga .,"""Gausah pada sok bilang bucan bucin bucan bucin kalo sama2 pernah goblok kena cinta2 juga .""",1.0,False
Bullying,salah satu prestasi anies itu menciptakan banyak lokasi surfing di jalanan ibu kota ??????,"""Salah satu prestasi Anies itu menciptakan banyak lokasi surfing di jalanan Ibu Kota ??????""",0.0,True
Bullying,selamat datang di kerasnya sepakbola indonesia takut . <hashtag>,"""selamat datang di kerasnya sepakbola indonesia takut . <hashtag>""",0.0,True
Non-bullying,bukan pesimis dgn keadaan tapi kapan aku bisa buat org keluarga bangga ??? ?? <hashtag> <hashtag>,"""Bukan pesimis dgn keadaan tapi kapan aku bisa buat org keluarga bangga ??? ?? <hashtag> <hashtag>""",1.0,False
Non-bullying,kalo org pinter yg ngmong ya .. semua pasti ada isinya . love pak ahok <link>,"""Kalo org pinter yg ngmong ya .. semua pasti ada isinya . Love pak ahok <link>""",1.0,False
Bullying,alhamdulillah kelompok ini mulai positif dengan keberadaan diskotik . semoga enggak ada lagi razia ilegal terhadap diskotik dari kelompok ini .,"""Alhamdulillah kelompok ini mulai positif dengan keberadaan diskotik . Semoga enggak ada lagi razia ilegal terhadap diskotik dari kelompok ini .""",0.0,True
Non-bullying,banyak politikus di tim ekonomi jokowi . kondisi itu menimbulkan pertanyaan apakah mereka mampu mendorong investasi seperti yang diinginkan jokowi? <hashtag> <link>,"""Banyak politikus di tim ekonomi Jokowi . Kondisi itu menimbulkan pertanyaan apakah mereka mampu mendorong investasi seperti yang diinginkan Jokowi? <hashtag> <link>""",1.0,False
Non-bullying,dari bungkus <username> bersetuju dewan menteri <username> | bengkarung padang luas makin masalah merusak negara kesatuan republik indonesia mencupaikan parakuat khilafah isis mereka <hashtag> <hashtag>,"""Dari bungkus <username> bersetuju dewan menteri <username> | bengkarung padang luas makin masalah merusak Negara Kesatuan Republik Indonesia mencupaikan parakuat khilafah ISIS mereka <hashtag> <hashtag>""",1.0,False
Non-bullying,hobi banget ngebacot di sosmed padahal dirumah mah kalem <hashtag>,"""Hobi banget ngebacot di sosmed padahal dirumah mah kalem <hashtag>""",1.0,False
Non-bullying,minim prestasi jadi menciptakan hoax centre yang gunanya untuk produksi hoax,"""Minim prestasi jadi menciptakan Hoax centre yang gunanya untuk produksi hoax""",1.0,False
Non-bullying,langkah tegas dan konkrit pastinya <hashtag>,"""Langkah tegas dan konkrit pastinya <hashtag>""",1.0,False
Non-bullying,anda tak layak jadi pemimpin â€¼ï¸ himbauanmu telat gak akan bisa membangunkan mayat yang menjadi tumbal ambisi inkonstitusional untuk berkuasa.<hashtag> <hashtag>,"""Anda tak layak jadi Pemimpin â€¼ï¸ Himbauanmu Telat gak akan bisa membangunkan mayat yang menjadi Tumbal Ambisi Inkonstitusional untuk Berkuasa.<hashtag> <hashtag>""",1.0,False
Non-bullying,terima kasih kepada google translate . teman setia ngarang-ngarangku . uwuwuw .,"""Terima kasih kepada Google Translate . Teman setia ngarang-ngarangku . Uwuwuw .""",1.0,False
Non-bullying,saya harus memuji susunan kabinet baru ini . berarti saya harus memuji yang menyusunnya: presiden joko \'jokowi\' widodo kata dahlan . <hashtag> via <username> <link>,"""Saya harus memuji susunan kabinet baru ini . Berarti saya harus memuji yang menyusunnya: Presiden Joko \'Jokowi\' Widodo kata Dahlan . <hashtag> via <username> <link>""",1.0,False
Non-bullying,<username> aibon kelapa aibon nanas <hashtag>,"""<username> Aibon Kelapa Aibon Nanas <hashtag>""",1.0,False
Non-bullying,mengapa saya memilih <username> bukan <username> ? karena jokowi melupakan semua dari empat etika yang penting ini: 1 . hormat 2 . kesetiaan 3 . integritas 4 . rasa syukur,"""Mengapa saya memilih <username> bukan <username> ? Karena Jokowi melupakan semua dari empat etika yang penting ini: 1 . Hormat 2 . Kesetiaan 3 . Integritas 4 . Rasa Syukur""",1.0,False
Non-bullying,muka dua itu ketemu fans prabowo nyerang jokowi . ketemu fans jokowi nyerang prabowo . :),"""Muka dua itu ketemu Fans Prabowo nyerang Jokowi . Ketemu Fans Jokowi nyerang Prabowo . :)""",1.0,False
Non-bullying,<username> untuk presidenku yg handal <username> indonesia maju ...,"""<username> untuk PresidenKU yg HANDAL <username> Indonesia MAJU ...""",1.0,False
Non-bullying,kamu tuh lebih beruntung dari ardhi bakrie iya tapi kamu ga seberuntung nia ramadhani dan ardhi bakrie sayang&amp;manjain nia bgt tanpa perlu nia ngelist apa aja yg dia bisaðÿ¤£ nia ramadhani 1 - 0 ibu2 insekyur yg menggunakan kekurangan orang lain utk merasa lebih <link>,"""kamu tuh lebih beruntung dari Ardhi Bakrie Iya tapi kamu ga seberuntung Nia Ramadhani dan Ardhi Bakrie sayang&amp;manjain Nia bgt tanpa perlu Nia ngelist apa aja yg dia bisaðŸ¤£ Nia Ramadhani 1 - 0 Ibu2 insekyur yg menggunakan kekurangan orang lain utk merasa lebih <link>""",1.0,False
Bullying,terimakasih bapak anies kamu hebat ! bisa membuatku tertawa seharian dengan semua ucapanmu ! ?? semoga panjang umur sehat selalu ya bapak amin,"""Terimakasih bapak Anies kamu hebat ! Bisa membuatku tertawa seharian dengan semua ucapanmu ! ?? semoga panjang umur sehat selalu ya bapak amin""",0.0,True
Non-bullying,<username> <hashtag> <hashtag> masak aku mesti ngomong hankam gitu sih,"""<username> <hashtag> <hashtag> Masak aku mesti ngomong hankam gitu sih""",1.0,False
Non-bullying,<username> pake jilbab mulut macam lonte udah gak aneh di jaman now ðÿ˜š,"""<username> pake jilbab mulut macam lonte udah gak aneh di jaman Now ðŸ˜Š""",1.0,False
Non-bullying,<username> <username> radikalisme tidak boleh ada di indonesia <hashtag>,"""<username> <username> radikalisme tidak boleh ada di Indonesia <hashtag>""",1.0,False
Bullying,alhamdulillah ya . dapat fasilitas itu tentu karena seiman . dulu ahok mana mau berbagi kolam renang? dasar tapir !,"""Alhamdulillah ya . Dapat fasilitas itu tentu karena seiman . Dulu Ahok mana mau berbagi kolam renang? Dasar tapir !""",0.0,True
Non-bullying,semoga para sesepuh terutama para ulama tak lagi menjadi partisan politik yg membela salah satunya tp bisa memand <link>,"""Semoga para sesepuh terutama para ulama tak lagi menjadi partisan politik yg membela salah satunya tp bisa memand <link>""",1.0,False
Non-bullying,dah ahh jangan banyak sambat disini takut nanti diangkat jd mentrinya kabinet pak <username> hapus jejak digitalnya kebanyakan ... <hashtag> <hashtag> <hashtag> <hashtag> <hashtag> <hashtag> <hashtag> <hashtag> <hashtag> <hashtag>,"""Dah ahh jangan banyak sambat disini Takut nanti diangkat jd mentrinya kabinet pak <username> Hapus jejak digitalnya kebanyakan ... <hashtag> <hashtag> <hashtag> <hashtag> <hashtag> <hashtag> <hashtag> <hashtag> <hashtag> <hashtag>""",1.0,False
Non-bullying,alhamdulillah pak presiden taubat <hashtag>,"""Alhamdulillah pak presiden taubat <hashtag>""",1.0,False
Non-bullying,mau coba kesana? langsung saja ke lokasinya di jalan jeruk purut kemang jakarta selatan . . happy tgif smart people ! . <hashtag> <hashtag>,"""Mau coba kesana? Langsung saja ke lokasinya di Jalan Jeruk Purut Kemang Jakarta Selatan . . Happy TGIF Smart People ! . <hashtag> <hashtag>""",1.0,False
Non-bullying,<username> yang paling pintar dokter tompi .. sy kasih obat biar anda tambah pintar banyak tidak hanya berak sekebon,"""<username> Yang paling pintar dokter tompi .. sy kasih obat biar anda tambah pintar banyak tidak hanya berak sekebon""",1.0,False
Non-bullying,hanya orang bodoh yang menganggap celana cingkrang identik dengan radikal ada bbrp pertimbangan orang milih celana cingkrang salah satunya spy tdk gampang terkena najis so dia dpt sholat dgn busana yg sama tnp khawatir apa pakaiannya terkena najis atau tdk <hashtag>,"""Hanya orang bodoh yang menganggap celana cingkrang identik dengan radikal ada bbrp pertimbangan orang milih celana cingkrang Salah satunya spy tdk gampang terkena najis so dia dpt sholat dgn busana yg sama tnp khawatir apa pakaiannya terkena najis atau tdk <hashtag>""",1.0,False
Bullying,<username> pintar banget sih fnc pintar bikin dompet ini kempes :(,"""<username> Pintar banget sih fnc Pintar bikin dompet ini kempes :(""",0.0,True
Non-bullying,wahai kaum muda millenials kita berjuang tidak perlu demo turun ke jalan seperti tahun 1998 .,"""WAHAI Kaum Muda Millenials Kita Berjuang tidak perlu demo turun ke jalan seperti tahun 1998 .""",1.0,False
Bullying,kalau tidak pilih 01 jangan pakai jalan tol . boleh ya kalau sekarang tidak bayar pajak dulu nunggu ganti presiden ..,"""kalau tidak pilih 01 jangan pakai jalan TOL . Boleh ya kalau sekarang tidak bayar pajak dulu nunggu ganti presiden ..""",0.0,True
Non-bullying,politik nyinyir utk dapat jabatan saat ini sudah mulai basi tapi masih ada yg mencoba ... <hashtag>,"""Politik Nyinyir utk dapat Jabatan saat ini sudah mulai basi tapi masih ada yg mencoba ... <hashtag>""",1.0,False
Non-bullying,dasar mommy sosialita <link>,"""dasar mommy sosialita <link>""",1.0,False
Non-bullying,<username> si zon mulut nya saja yg maju saran saya majukan indonesia dgn karya dan membangun zon dan itu akan lebih bermanfaat .,"""<username> Si Zon mulut nya saja yg maju saran saya majukan Indonesia dgn karya dan membangun Zon dan itu akan lebih bermanfaat .""",1.0,False
Non-bullying,perjumpaan kakitangan jabatan penerangan kedah bersama exco penerangan kedah . turut dihadiri oleh timbalan pengarah penerangan malaysia . yb exco turut mengumumkan insentif rm10 000 kepada mana-mana pejabat ... <link>,"""Perjumpaan Kakitangan Jabatan Penerangan Kedah Bersama Exco Penerangan Kedah . Turut dihadiri oleh Timbalan Pengarah Penerangan Malaysia . YB Exco turut mengumumkan insentif RM10 000 kepada mana-mana Pejabat ... <link>""",1.0,False
Non-bullying,kalo lagi ngumpul tuh hp taroh goblok kalian ngumpul buat apa .,"""Kalo lagi ngumpul tuh hp taroh goblok kalian ngumpul buat apa .""",1.0,False
Bullying,ini semua berkah ... semoga toanya bisa mengatasi banjir <hashtag>,"""Ini semua BERKAH ... semoga toanya bisa mengatasi banjir <hashtag>""",0.0,True
Non-bullying,coba lah sesekali kau berfikir baik terhadap yg dilakukan atas perbuatanmu tidak usah sampe menjilat ludah sendiri .,"""coba lah sesekali kau berfikir baik terhadap yg dilakukan atas perbuatanmu tidak usah sampe menjilat ludah sendiri .""",1.0,False
Non-bullying,... dalam hal seseorang memiliki kompetensi maka ia boleh mengusulkan diri dan berjuang untuk hal tersebut . <hashtag> . <hashtag> <hashtag> <hashtag>,"""... Dalam hal seseorang memiliki kompetensi maka ia boleh mengusulkan diri dan berjuang untuk hal tersebut . <hashtag> . <hashtag> <hashtag> <hashtag>""",1.0,False
Bullying,kalau liat pendukungnya liat saja pemimpinya kalau pemimpinnya munafik berarti pendukungnya juga .,"""Kalau liat pendukungnya liat saja pemimpinya kalau pemimpinnya munafik berarti pendukungnya juga .""",0.0,True
Bullying,dongarians lagi apa nih? saya suka lupa kalau jumat saya bertugas ... t_t modem leletnya mintak di bacok .,"""Dongarians lagi apa nih? Saya suka lupa kalau jumat saya bertugas ... T_T modem leletnya mintak di bacok .""",0.0,True
Non-bullying,<username> <username> kepala kasad harusnya di beri teguran atau sanaksi agar tak seenaknya aja mencopot dandim kan blm ketahuan bersalah istrinya di pengadilan umum .,"""<username> <username> Kepala KASAD harusnya di beri teguran atau Sanaksi agar Tak seenaknya aja mencopot dandim Kan blm ketahuan bersalah istrinya di pengadilan umum .""",1.0,False
Non-bullying,kita harusnya memilih pemimpin yang cakap dan memiliki jiwa yang matang . secara rasional dan logis kita baiknya memilih juga pemimpin yang berpengalaman . <hashtag>,"""Kita harusnya memilih pemimpin yang cakap dan memiliki jiwa yang matang . Secara rasional dan logis kita baiknya memilih juga pemimpin yang berpengalaman . <hashtag>""",1.0,False
Non-bullying,ikut serang anies akun transmart dan bank mega dihajar tagar <hashtag> â€“ warta kota <link>,"""Ikut Serang Anies Akun Transmart dan Bank Mega Dihajar Tagar <hashtag> â€“ Warta Kota <link>""",1.0,False
Bullying,soeharto berani bantai 3 juta rakyat indonesia masa sby tidak berani bantai fpi ? dududuuduuu,"""Soeharto berani bantai 3 juta rakyat Indonesia masa SBY tidak berani bantai FPI ? Dududuuduuu""",0.0,True
Non-bullying,meski saat ini dia pergi dan selalu pura2 lupa tapi kita tetap harus percaya dan berkeyakinan bahwa suatu saat dia pasti akan kembali dan membayar lunas hutangmu tanpa cicilan:') karena kita <hashtag>,"""Meski saat ini dia pergi dan selalu pura2 lupa tapi kita tetap harus percaya dan berkeyakinan bahwa suatu saat dia pasti akan kembali dan membayar lunas hutangmu tanpa cicilan:') karena kita <hashtag>""",1.0,False
Non-bullying,langkah bagus utk pariwisata ... giatkan kegiatan di diskotik yg sesuai syariah...(ada gak ya....) <link>,"""Langkah bagus utk pariwisata ... giatkan kegiatan di diskotik yg sesuai syariah...(ada gak ya....) <link>""",1.0,False
Non-bullying,jadilah pribadi yang dewasa dan jadi komunitas yang dewasa pula . <hashtag>,"""jadilah pribadi yang dewasa dan jadi komunitas yang dewasa pula . <hashtag>""",1.0,False
Non-bullying,waduh para cebong sekolam kerjanya nangkap melulu <hashtag>,"""Waduh para cebong sekolam kerjanya nangkap melulu <hashtag>""",1.0,False
Non-bullying,akhir2 ini sering banget ngerasain aura aura mantan apa aku ini indihom? <hashtag>,"""Akhir2 ini sering banget ngerasain aura aura mantan apa aku ini indihom? <hashtag>""",1.0,False
Non-bullying,<username> jgnkan buka salak kak makan salak aja aku g bisa tapi g viral juga .... maklum beda nasib sama nia ramadhani,"""<username> Jgnkan buka salak kak makan salak aja aku g bisa tapi g viral juga .... Maklum beda nasib sama nia ramadhani""",1.0,False
Non-bullying,ayo kita bantu tanda-tangan petisi ini <link> <hashtag> <hashtag> <hashtag>,"""Ayo kita bantu tanda-tangan petisi ini <link> <hashtag> <hashtag> <hashtag>""",1.0,False
Non-bullying,pengumuman!!! running text offline kena retas ... pasti ini kerjaan sanusi <hashtag>,"""Pengumuman!!! Running Text Offline kena retas ... pasti ini kerjaan Sanusi <hashtag>""",1.0,False
Bullying,itu preman pintar . itu provokator sama kayak kau .,"""Itu preman pintar . Itu provokator sama kayak kau .""",0.0,True
Non-bullying,belajar untuk kemajuan kampung halaman di kemudian hari <hashtag> <link>,"""belajar untuk kemajuan Kampung Halaman di kemudian hari <hashtag> <link>""",1.0,False
Non-bullying,aku syuka lagu ini . seruuu menjelang pesta rakyat nkri di twitter bikin ga bisa tidur . <hashtag> . <hashtag>,"""Aku Syuka Lagu Ini . Seruuu Menjelang Pesta Rakyat NKRI di twitter bikin ga bisa tidur . <hashtag> . <hashtag>""",1.0,False
Bullying,untuk ngurus negara sebesar indonesia ini tidak punya konsep? katanya udah pengalaman . <hashtag>,"""untuk ngurus negara sebesar indonesia ini tidak punya konsep? Katanya udah pengalaman . <hashtag>""",0.0,True
Non-bullying,alih-alih jadi oposisi setelah kalah bersaing melawan <username> <username> dan <username> justru bergabung dalam barisan pemerintah . lobi politik seperti apa yang dilakukan prabowo? simak dalam collection â€œprabowo dari seteru ke sekutuâ€ di <link> . <hashtag> <link>,"""Alih-alih jadi oposisi setelah kalah bersaing melawan <username> <username> dan <username> justru bergabung dalam barisan pemerintah . Lobi politik seperti apa yang dilakukan Prabowo? Simak dalam collection â€œPrabowo Dari Seteru ke Sekutuâ€ di <link> . <hashtag> <link>""",1.0,False
Non-bullying,dibawah naungan pak <username> sebagai kemhan dan dipimpin oleh pak ia sebagai kapolri . semoga ðÿ‡®ðÿ‡© aman dari berbagai ancaman rakyat pun nyaman . aamiin ... ðÿ™ <hashtag> <hashtag> <link>,"""Dibawah naungan Pak <username> sebagai Kemhan dan dipimpin oleh Pak IA sebagai Kapolri . Semoga ðŸ‡®ðŸ‡© aman dari berbagai ancaman rakyat pun nyaman . Aamiin ... ðŸ™ <hashtag> <hashtag> <link>""",1.0,False
Non-bullying,mereka benci arab tapi mesra dengan komunis . <hashtag>,"""Mereka benci Arab tapi mesra dengan Komunis . <hashtag>""",1.0,False
Non-bullying,orang bodoh yang sudah mencoreng kedamaian islam dan ramadhan <hashtag>,"""orang bodoh yang sudah mencoreng kedamaian islam dan ramadhan <hashtag>""",1.0,False
Bullying,bukannya masjid itu tempat ibadah ya? terus kalau jumatan mah biasanya tidak pakai undangan kalau tidak dapet undangan tidak boleh jumatan atau gimana nih bapak :/ jumatan kok berasa kayak kondangan,"""Bukannya masjid itu tempat ibadah ya? terus kalau jumatan mah biasanya tidak pakai undangan kalau tidak dapet undangan tidak boleh jumatan atau gimana nih bapak :/ Jumatan kok berasa kayak kondangan""",0.0,True
Bullying,"terlalu keren bahasanya.koruptor, bilang aja maling /rampok <username>","""terlalu keren bahasanya.koruptor, Bilang aja maling /rampok <username>""",0.0,True
Non-bullying,syahwat politikmu besar tapi syhawat birahimu sudah pudar wahai pak pleciden 02 ... <hashtag>,"""Syahwat Politikmu Besar tapi Syhawat Birahimu sudah Pudar Wahai Pak Pleciden 02 ... <hashtag>""",1.0,False
Non-bullying,<username> <username> tolol jangan diborong . ã°å¸ëœâ‚¬,"""<username> <username> tolol jangan diborong . Ã°Å¸Ëœâ‚¬""",1.0,False
Non-bullying,boikot boikot and boikot ðÿ‘‡ðÿ‘‡ðÿ‘‡ðÿ‘‡ <hashtag>,"""Boikot boikot and boikot ðŸ‘‡ðŸ‘‡ðŸ‘‡ðŸ‘‡ <hashtag>""",1.0,False
Non-bullying,goblok bgt ga si,"""goblok bgt ga si""",1.0,False
Bullying,akhirnya ada hal yang positif juga dari lucinta luna?????,"""Akhirnya ada hal yang positif juga dari lucinta luna?????""",0.0,True
Non-bullying,selamat <hashtag> <hashtag> <hashtag> semoga amanah segera berantas monalisem <link>,"""Selamat <hashtag> <hashtag> <hashtag> Semoga amanah Segera berantas monalisem <link>""",1.0,False
Bullying,satu lagi masuk bui bakalan ada demo besar lg tidak ya ? buni yani masukin juga dong penjara <hashtag>,"""Satu lagi masuk bui Bakalan ada demo besar lg tidak ya ? Buni Yani masukin juga dong penjara <hashtag>""",0.0,True
Non-bullying,<username> bagaimanapun juga anis tanggung jawab <username> ..jadi bobroknya dki bobroknya pemilih,"""<username> Bagaimanapun juga Anis tanggung jawab <username> ..jadi bobroknya DKI bobroknya pemilih""",1.0,False
Non-bullying,<hashtag> masak kamu enggak ...,"""<hashtag> masak kamu enggak ...""",1.0,False
Non-bullying,jngn bodoh ya yg di un install itu aplikasi bukan orang :d,"""Jngn bodoh ya yg di un install itu aplikasi bukan orang :D""",1.0,False
Bullying,"pinter anies, bukan cuma warga jakarta aja yg dibego begoin. tuhan aja mau di bego begoin si anies...hahahahahahaha.....","""Pinter Anies, bukan cuma warga Jakarta aja yg dibego begoin. Tuhan aja mau di bego begoin si Anies...hahahahahahaha.....""",0.0,True
Non-bullying,taik anjing sekarang gue jadi pilihã‚â² kalo mo sayang sama cewek,"""Taik anjing sekarang gue jadi pilihÃ‚Â² kalo mo sayang sama cewek""",1.0,False
Non-bullying,<username> gaenak sbnrnya woee . tp serem . mana abis baca thread yg nyi roro kidul ituðÿ˜­ðÿ‘,"""<username> gaenak sbnrnya woee . tp serem . mana abis baca thread yg nyi roro kidul ituðŸ˜­ðŸ‘""",1.0,False
Bullying,bangun tol nerusin presiden2 terdahulu aja sembrono emang yg mana yg dibangun dr uang si jae,"""bangun tol nerusin presiden2 terdahulu aja sembrono emang yg mana yg dibangun dr uang si jae""",0.0,True
Non-bullying,<username> sarkasme aja lucu bgt drama perlontean garuda .,"""<username> Sarkasme aja lucu bgt drama perlontean garuda .""",1.0,False
Non-bullying,berkontribusi untuk merusak fasilitas rakyat <hashtag> <link>,"""Berkontribusi untuk merusak fasilitas rakyat <hashtag> <link>""",1.0,False
Non-bullying,malu dong sama paus dan lumba-lumba .. mereka aja rukun ko kita gak bisa .. <hashtag> <hashtag> <hashtag> <hashtag> <hashtag> <hashtag>,"""Malu dong sama paus dan lumba-lumba .. Mereka aja rukun ko kita gak bisa .. <hashtag> <hashtag> <hashtag> <hashtag> <hashtag> <hashtag>""",1.0,False
Bullying,sibuk membangun jalan tol lupa membangun jalan pikiran,"""sibuk membangun jalan tol lupa membangun jalan pikiran""",0.0,True
Non-bullying,maaf mak cuma bawak segini hujan soalnyaðÿ˜…ðÿ˜… <hashtag> <link>,"""Maaf mak cuma bawak segini hujan soalnyaðŸ˜…ðŸ˜… <hashtag> <link>""",1.0,False
Bullying,anies mmg punya banyak kelebihan. punya kekebalan hukum punya kunci syurga. namun kelebihan anies yang sangat menonjol hanya satu...dia lebih bodo ????,"""anies mmg punya banyak kelebihan. punya kekebalan hukum punya kunci syurga. namun kelebihan anies yang sangat menonjol hanya satu...dia lebih bodo ????""",0.0,True
Non-bullying,baru kemaren beli baju buah sama kue ditransmart nyesel jadinya tapi untung nabungnya ngga di bank mega <hashtag> <link>,"""Baru Kemaren beli baju buah sama kue ditransmart nyesel jadinya tapi untung nabungnya ngga di bank mega <hashtag> <link>""",1.0,False
Non-bullying,<username> <username> <hashtag> ... thank s mom engkau lah srikandi dan kartini masa kini .... karya dan kerjamu di kkp sungguh luarbiasa ..semoga allah swt tuhan yg maha esa selalu memberikan kesehatan kepada ibu <username> ...,"""<username> <username> <hashtag> ... thank s mom engkau lah srikandi dan kartini masa kini .... karya dan kerjaMu di KKP sungguh luarbiasa ..semoga allah swt tuhan yg maha esa selalu memberikan kesehatan kepada ibu <username> ...""",1.0,False
Non-bullying,pts alias perguruan tinggi swasta yang terakreditasi a berharap mendikbud nadiem makarim bisa memberikan kewenangan penuh kepada mereka . <hashtag> <link>,"""PTS alias Perguruan Tinggi Swasta yang terakreditasi A berharap Mendikbud Nadiem Makarim bisa memberikan kewenangan penuh kepada mereka . <hashtag> <link>""",1.0,False
Bullying,semakin yakin dengan pilihan 02 . kubu petahana tidak bisa bermain sportif . selamat jalan <username> team dan cara kerja,"""Semakin yakin dengan pilihan 02 . Kubu petahana tidak bisa bermain sportif . Selamat jalan <username> team dan cara kerja""",0.0,True
Non-bullying,pembayaran bpjs tk yang praktis dan tanpa ribet ya di loket ppob nusantara ! ã°å¸ëœâ€°ã°å¸â€˜â belum terdaftar sebagai loket hebat ppob nusantara? segera daftar dan nikmati fitur lengkap serta komisi menarik di tiap transaksinya ! <hashtag> <hashtag> <hashtag> <hashtag> <hashtag> <hashtag> <link>,"""Pembayaran BPJS TK yang praktis dan tanpa ribet ya di loket PPOB Nusantara ! Ã°Å¸Ëœâ€°Ã°Å¸â€˜Â Belum terdaftar sebagai loket hebat PPOB Nusantara? Segera daftar dan nikmati fitur lengkap serta komisi menarik di tiap transaksinya ! <hashtag> <hashtag> <hashtag> <hashtag> <hashtag> <hashtag> <link>""",1.0,False
Non-bullying,<username> ingat loh .. jas itu pakaian orang eropa ... ingat,"""<username> Ingat loh .. jas itu pakaian orang eropa ... ingat""",1.0,False
Non-bullying,<username> selamat bertugas dengan penuh tanggung jawab semoga sukses <hashtag>,"""<username> Selamat bertugas dengan penuh tanggung jawab semoga sukses <hashtag>""",1.0,False
Non-bullying,aku memang begini saat orang istirahat aku mulai memahami materi yang harus aku pahami dan memaksakan aku jatuh cinta pada materi ... oh psikologi abnormal aku kira aku akan terhindar dari abnormal nyatanya aku mulai mendekati abnormal ... <hashtag> <hashtag>,"""Aku memang begini saat orang istirahat aku mulai memahami materi yang harus aku pahami dan memaksakan aku jatuh Cinta pada materi ... Oh psikologi abnormal aku kira aku akan terhindar dari abnormal nyatanya aku mulai mendekati abnormal ... <hashtag> <hashtag>""",1.0,False
Non-bullying,disiplin dan fokus lakukan secara terus-menerus konsisten dari waktu ke waktu maka anda akan mencapai sukses yg spektakuler <hashtag>,"""Disiplin dan fokus lakukan secara terus-menerus konsisten dari waktu ke waktu maka Anda akan mencapai sukses yg spektakuler <hashtag>""",1.0,False
Non-bullying,jeby goblok anjic,"""jeby goblok anjic""",1.0,False
Bullying,alhamdulillah diskotik syarie colosseum (kulsum) semoga jakarta makin barokah dan bersyari\'ah ... untuk lastcar beib <username> ada bonus khusus ... latihan dapet bidadari ....,"""Alhamdulillah diskotik Syarie Colosseum (Kulsum) semoga Jakarta makin barokah dan bersyari\'ah ... Untuk LastCar beib <username> ada bonus khusus ... Latihan dapet bidadari ....""",0.0,True
Non-bullying,<username> <username> mampir dong ke istana ..baca puisi keq ..didepan bossnya ..bossmu .. masa ke menhan ajah..?,"""<username> <username> Mampir dong ke Istana ..baca puisi keq ..didepan Bossnya ..Bossmu .. Masa ke Menhan ajah..?""",1.0,False
Non-bullying,dan narasinya skarang adalah ingin mengadu domba <username> dengan <username> semua kampret samaâ² mengatakn tni lebih manusiawi daripada polisi eh kampret aparat negara emang manusiawi smua eluâ² aja yang mirip dajjal brmata satu mirip sama <username> <hashtag>,"""Dan narasinya skarang adalah Ingin mengadu domba <username> Dengan <username> Semua kampret samaÂ² mengatakn TNI lebih Manusiawi daripada Polisi Eh Kampret Aparat Negara Emang Manusiawi smua EluÂ² aja Yang mirip Dajjal Brmata satu Mirip sama <username> <hashtag>""",1.0,False
Bullying,om <hashtag> ngmusik lagi saja yuk saya suka sama republik cinta management dan artis artisnya dari dulu . ngapain berpolitik ujungâ²nya masuk bui . :) <hashtag>,"""Om <hashtag> ngmusik lagi saja yuk saya suka sama Republik Cinta Management dan artis artisnya dari dulu . Ngapain berpolitik ujungÂ²nya masuk bui . :) <hashtag>""",0.0,True
Non-bullying,luhut dukung ekspor benin lobster susi ungkit harley dan brompton <link> <link>,"""Luhut Dukung Ekspor Benin Lobster Susi Ungkit Harley dan Brompton <link> <link>""",1.0,False
Non-bullying,<username> tolol wkwkwk,"""<username> Tolol wkwkwk""",1.0,False
Bullying,terima kasih <username> sudah membuat orang sakit sekarang semakin sengsara.. cc <username> <hashtag>,"""Terima kasih <username> sudah membuat orang sakit sekarang semakin sengsara.. Cc <username> <hashtag>""",0.0,True
Non-bullying,pergi lu gua udah strowberry mangga apel sorry gak lepel <hashtag> <hashtag> <hashtag> <hashtag> <link>,"""Pergi lu gua udah strowberry mangga apel sorry gak lepel <hashtag> <hashtag> <hashtag> <hashtag> <link>""",1.0,False
Non-bullying,penghargaan sebesar-sebesarnya kepada para wanita yang rela bekerja mencari nafkah . buat para pria soal menjemput rezeki kita tak ada apa-apanya . jika mau wanita bisa dapatkan puluhan juta dalam semalam tapi itu ia tinggalkan demi rezeki halal meski berpanas-panas di jalanan.,"""Penghargaan sebesar-sebesarnya kepada para wanita yang rela bekerja mencari nafkah . Buat para pria soal menjemput rezeki kita tak ada apa-apanya . Jika mau wanita bisa dapatkan puluhan juta dalam semalam tapi itu ia tinggalkan demi rezeki halal meski berpanas-panas di jalanan.""",1.0,False
Non-bullying,<username> ehhh para wortel ku ðÿ™ˆ iyaaa iyaaa besok aku jd nia ramadhani part 2 yg gk bs ngupas wortel . bakal dinikahi konglomerat jg gak yaa,"""<username> Ehhh para wortel ku ðŸ™ˆ Iyaaa iyaaa besok aku jd Nia Ramadhani part 2 yg gk bs ngupas wortel . Bakal dinikahi konglomerat jg gak yaa""",1.0,False
Non-bullying,ini nih kelakuannya . memfitnah polri <hashtag> <hashtag>,"""Ini nih kelakuannya . Memfitnah POLRI <hashtag> <hashtag>""",1.0,False
Non-bullying,<username> habib mampir numpang sholat di mesjid pbnu habib bicara ke rombongannya dan beberapa jamaah . keberulan saya ikut sholat juga jadi tidak ada pengurus pbnu yang hadir mendengarkannya .,"""<username> Habib mampir numpang sholat di mesjid PBNU habib bicara ke rombongannya dan beberapa jamaah . Keberulan saya ikut sholat juga jadi tidak ada pengurus PBNU yang hadir mendengarkannya .""",1.0,False
Non-bullying,kepo deh nia ramadhani pake kuota yg berapa giga ?,"""kepo deh Nia ramadhani pake kuota yg berapa giga ?""",1.0,False
Bullying,aku cinta jokowi aku sayang pencitraan,"""Aku cinta Jokowi Aku sayang Pencitraan""",0.0,True
Non-bullying,<username> <username> mantap semoga cepat direalisasikan . <hashtag>,"""<username> <username> Mantap semoga cepat direalisasikan . <hashtag>""",1.0,False
Non-bullying,<username> goblok nya akut bang ..,"""<username> Goblok nya akut bang ..""",1.0,False
Non-bullying,a bebas beroperasi bandela joko widodo dan bandela maruf mem(per)bolehkan <hashtag> <hashtag> <hashtag> <hashtag> <hashtag> <link>,"""a bebas beroperasi bandela joko widodo dan bandela maruf mem(per)bolehkan <hashtag> <hashtag> <hashtag> <hashtag> <hashtag> <link>""",1.0,False
Non-bullying,<username> provokator!!!! <hashtag>,"""<username> Provokator!!!! <hashtag>""",1.0,False
Bullying,astaga prabowo adalah capres hasil ijtima ulama lho kenapa sering ditanya jumatan di mana ? <hashtag>,"""Astaga Prabowo adalah capres hasil Ijtima Ulama lho kenapa sering ditanya jumatan di mana ? <hashtag>""",0.0,True
Bullying,horeeee ... ... ã°ã¿â€˜âã°ã¿â€˜âã°ã¿â€˜â mantaaab ã°ã¿â€˜â sepak terjang bejat andre dengan menjebak nn bakal diseret ke meja hijau. dukung nn dengan: <hashtag>,"""horeeee ... ... Ã°Ã¿â€˜ÂÃ°Ã¿â€˜ÂÃ°Ã¿â€˜Â mantaaab Ã°Ã¿â€˜Â sepak terjang bejat andre dengan menjebak nn bakal diseret ke meja hijau. dukung nn dengan: <hashtag>""",0.0,True
Non-bullying,save humanity <hashtag>,"""Save Humanity <hashtag>""",1.0,False
Bullying,sungguh mulia ustadz am agar santri selalu fit tahan begadang mikir cepet dan gacor dia beri sabu ke santri sabu tidak haram kan tidak ada larangan dalam al-quran . malaikat mukar nakir dan malaikat malik pasti tidak sabar mau bertemu beliau .,"""Sungguh mulia Ustadz AM agar santri selalu fit tahan begadang mikir cepet dan gacor dia beri sabu ke santri sabu tidak haram kan tidak ada larangan dalam Al-Quran . Malaikat Mukar Nakir dan Malaikat Malik pasti tidak sabar mau bertemu beliau .""",0.0,True
Non-bullying,<username> amanah ya pak <hashtag>,"""<username> Amanah ya pak <hashtag>""",1.0,False
Bullying,sudah 2 minggu saya kkn dan hampir 2 minggu itu pula sya makan tempe terus2an tidak ada tu tempenya setipis atm . alay banget pakk melebih lebihkann bangett .,"""Sudah 2 minggu saya KKN dan hampir 2 minggu itu pula sya makan tempe terus2an tidak ada tu tempenya setipis atm . Alay banget pakk melebih lebihkann bangett .""",0.0,True
Bullying,pintar bgt anies motong anggaran banjir buat aibon :))),"""Pintar bgt anies motong anggaran banjir buat aibon :)))""",0.0,True
Non-bullying,beasiswa untuk indonesia maju . <hashtag> <hashtag> <hashtag> <link>,"""Beasiswa untuk Indonesia Maju . <hashtag> <hashtag> <hashtag> <link>""",1.0,False
Bullying,hidup presiden jokowi !! berangus seniman-seniman kontra-revolusi mental !!,"""HIDUP PRESIDEN JOKOWI !! BERANGUS SENIMAN-SENIMAN KONTRA-REVOLUSI MENTAL !!""",0.0,True
Non-bullying,anak anak ingusan kan kaga ngarti kalo mereka puluhan tahun terdzalimi ..hehehe . jadi wajarlah kalo puluhan tahun kedepan bagian mereka membawa nkri ke arah yang lebih baik .impas kan...? <hashtag> <link>,"""Anak anak ingusan kan kaga ngarti kalo Mereka Puluhan tahun Terdzalimi ..hehehe . jadi Wajarlah kalo puluhan tahun kedepan bagian mereka membawa NKRI ke arah yang lebih baik .impas kan...? <hashtag> <link>""",1.0,False
Non-bullying,abdul halim iskandar yang beralatar belakang santri dan anak desa mengisi pos menteri kementerian desa pembangunan daerah tertinggal dan transmigrasi di kabinet indonesia maju . <username> <username> <hashtag> <hashtag> <link>,"""Abdul halim iskandar yang beralatar belakang santri dan anak desa mengisi pos menteri Kementerian Desa pembangunan Daerah Tertinggal dan Transmigrasi di kabinet indonesia maju . <username> <username> <hashtag> <hashtag> <link>""",1.0,False
Non-bullying,<username> <username> <username> muda energik dan idealis bagus,"""<username> <username> <username> Muda energik dan idealis bagus""",1.0,False
Bullying,selamat datang di indonesia dimana orang kaya takut miskin tapi orang miskin tidak takut kaya,"""Selamat datang di indonesia Dimana orang kaya takut miskin tapi orang miskin tidak takut kaya""",0.0,True
Bullying,adab tapi penyilap ! <hashtag>,"""adab tapi penyilap ! <hashtag>""",0.0,True
Non-bullying,<username> hash tahik kamu anjing,"""<username> hash tahik kamu anjing""",1.0,False
Bullying,tidak harus bicara pembeda negara maju atau negara miskin kalau anda sendiri sudah dibantu pemerintah malah membelot,"""tidak harus bicara pembeda negara maju atau negara miskin kalau anda sendiri sudah dibantu pemerintah malah membelot""",0.0,True
Bullying,solak atau tidak solak bapaknya <username> yang harus bertanggung jawab dari semua ini,"""solak atau tidak solak bapaknya <username> yang harus bertanggung jawab dari semua ini""",0.0,True
Bullying,berkah apaan pusing mau cari nafkah tidak bisa uang pas2an rmh kebanjiran kacau nih gabeneer!!<hashtag>,"""Berkah apaan pusing mau cari nafkah tidak bisa uang pas2an rmh kebanjiran kacau nih Gabeneer!!<hashtag>""",0.0,True
Non-bullying,<username> emg aku miskin dan suka bergunjing daripada kamu kaya anjing,"""<username> Emg aku miskin dan suka bergunjing daripada kamu kaya anjing""",1.0,False
Bullying,program naturalisasi sungai oleh anies baswedan berhasil . terbukti banjir baru datang di 2020,"""Program Naturalisasi Sungai oleh Anies Baswedan berhasil . Terbukti banjir baru datang di 2020""",0.0,True
Non-bullying,dengan berlanjutnya masa pemerintahan presiden jokowi maka prioritas beliau untuk memajukan wilayah papua akan terlaksana . papua adalah indonesia . <hashtag> <hashtag> <link>,"""Dengan berlanjutnya masa pemerintahan Presiden Jokowi maka prioritas beliau untuk memajukan wilayah Papua akan terlaksana . Papua adalah Indonesia . <hashtag> <hashtag> <link>""",1.0,False
Non-bullying,<username> <username> sontoloyo !,"""<username> <username> SONTOLOYO !""",1.0,False
Non-bullying,tidak ada orang gagal yang tidak punya masa depan dan tidak ada orang sukses yang tidak punya masa lalu .,"""Tidak ada orang gagal yang tidak punya masa depan dan tidak ada orang sukses yang tidak punya masa lalu .""",1.0,False
Non-bullying,mungkin mungkin ini ya .. istilah pejabat idealnya diganti jadi pelayan masyarakat <hashtag>,"""Mungkin mungkin ini ya .. istilah Pejabat idealnya diganti jadi Pelayan Masyarakat <hashtag>""",1.0,False
Non-bullying,<username> <username> mereka mah selalu benar kang <hashtag>,"""<username> <username> Mereka mah selalu benar Kang <hashtag>""",1.0,False
Non-bullying,<hashtag> cerdas dan selalu mau belajar,"""<hashtag> cerdas dan selalu mau belajar""",1.0,False
Bullying,ya anies sedang berusaha untuk memecahkan rekor dunia lempar tanggung jawab yang masih dipegang juara bertahan . mohon dukungannya :),"""Ya Anies sedang berusaha untuk memecahkan rekor dunia lempar tanggung jawab yang masih dipegang juara bertahan . Mohon dukungannya :)""",0.0,True
Non-bullying,<username> <username> bubah itu laki2 . melly itu perempuan dan muslimah . dlm ajaran agama teh <username> laki2 tidak boleh (haram) menyerupai perempuan dan juga sebaliknya meskipun itu tujuannya bercanda .,"""<username> <username> Bubah itu laki2 . Melly itu perempuan dan muslimah . Dlm ajaran agama teh <username> laki2 tidak boleh (haram) menyerupai perempuan dan juga sebaliknya meskipun itu tujuannya bercanda .""",1.0,False
Bullying,yang laain tanam pohon dia tebang pohon pintar sih kalau urusan serapan anggaran <hashtag> <hashtag> <hashtag> <hashtag>,"""Yang laain tanam pohon dia tebang pohon Pintar sih kalau urusan serapan anggaran <hashtag> <hashtag> <hashtag> <hashtag>""",0.0,True
Non-bullying,kafir nuduh <hashtag> selagi si kafir nuduh islam radikal jangan pernah berhenti bilang kafir pd mereka ...,"""Kafir nuduh <hashtag> selagi si kafir nuduh islam radikal jangan pernah berhenti bilang KAFIR pd mereka ...""",1.0,False
Non-bullying,<username> <username> semoga sukses pak <username>,"""<username> <username> Semoga sukses pak <username>""",1.0,False
Bullying,hai <username> videonya keren loh..?? langsung trending ditiktok..?? sering sering yaaa partai allah bikin beginian..?????? goyaaaaaaang kuyyyyyyy..????????,"""Hai <username> videonya keren loh..?? Langsung trending ditiktok..?? Sering sering yaaa partai Allah bikin beginian..?????? Goyaaaaaaang kuyyyyyyy..????????""",0.0,True
Non-bullying,klo dah terbiasa menganggap hoaks dan fitnah sebagai fakta dan fakta malah dianggap hoaks maka gak heran klo ada yg bilang haiti itu di afrika dan mindanao bagian dari indonesia :d,"""Klo dah terbiasa menganggap Hoaks dan fitnah sebagai Fakta dan Fakta malah dianggap hoaks maka gak heran klo ada yg bilang Haiti itu di Afrika dan Mindanao bagian dari Indonesia :D""",1.0,False
Bullying,makmur boleh stress jangan yah .. <hashtag>,"""makmur boleh stress jangan yah .. <hashtag>""",0.0,True
Bullying,kami tidak berani lawan opm kami beraninya cuma bubarin pengajian ust felix,"""Kami tidak berani lawan OPM Kami beraninya cuma bubarin pengajian Ust Felix""",0.0,True
Non-bullying,untuk apa grup kelas diciptakan klo aja gue nanya masih gada yg respon tolol <link>,"""Untuk apa grup kelas diciptakan klo aja gue nanya masih gada yg respon tolol <link>""",1.0,False
Non-bullying,<username> <username> pemimpin idolah ..ðÿ¤—,"""<username> <username> Pemimpin Idolah ..ðŸ¤—""",1.0,False
Non-bullying,sekarang kalo mau ngambil rapot tinggal pesen gosend aja deh biar ga nyapein mama <hashtag>,"""Sekarang kalo mau ngambil rapot tinggal pesen gosend aja deh biar ga nyapein mama <hashtag>""",1.0,False
Non-bullying,<username> kasih arahan tuh junjungan janji 7% real 5% lima taun depan mo ngapain masa 25 t cm jualan radikal radikul terus ekonominya piye cuk,"""<username> Kasih arahan tuh junjungan Janji 7% real 5% Lima taun depan mo ngapain masa 25 T cm jualan radikal radikul terus Ekonominya piye cuk""",1.0,False
Non-bullying,ilustrator hari prast pun memberikan penghormatan terhadap sosok bu susi yang melegenda . bu susi digambarkan oleh komikus yang membuat komik jokowi sedang tersenyum di lautan . ini karyanya: <hashtag> <hashtag> via <username> <link>,"""Ilustrator Hari Prast pun memberikan penghormatan terhadap sosok Bu Susi yang melegenda . Bu Susi digambarkan oleh komikus yang membuat komik Jokowi sedang tersenyum di lautan . Ini karyanya: <hashtag> <hashtag> via <username> <link>""",1.0,False
Non-bullying,radikal radikul redekel . iuran bpjs naik . tdl tak turun . ekonomi jongkok . kerja kerja kerja !!!!! <hashtag>,"""Radikal radikul redekel . Iuran bpjs naik . Tdl tak turun . Ekonomi jongkok . Kerja kerja kerja !!!!! <hashtag>""",1.0,False
Bullying,daripada ibu kota diurus sama ahli tata kata <username> mending pindah sekalian ??<hashtag>,"""daripada ibu kota diurus sama ahli tata kata <username> mending pindah sekalian ??<hashtag>""",0.0,True
Non-bullying,<username> salahkan krn ngak bisa main sembunyi-sembunyi . . .,"""<username> Salahkan krn ngak bisa main sembunyi-sembunyi . . .""",1.0,False
Non-bullying,<username> <username> <username> ashobiyah thdp sesuatu emang merusak nilai2 keadilan dan kejujuran . ada pejabat berkoar asn yg bercadar dan bercelana cingkrang dituduh radikal . padahal blm dibuktikan hukum jg kl radikal apakah ente sudah ingatkan/bersuara ke pejabat itu ?,"""<username> <username> <username> Ashobiyah thdp sesuatu emang merusak nilai2 keadilan dan kejujuran . Ada pejabat berkoar ASN yg bercadar dan bercelana cingkrang dituduh radikal . Padahal blm dibuktikan hukum jg kl radikal apakah ente sudah ingatkan/bersuara ke pejabat itu ?""",1.0,False
Non-bullying,-imf yg nonton itzy dom jakarta barengan yukk aku sendirian,"""-imf yg nonton itzy dom jakarta barengan yukk aku sendirian""",1.0,False
Non-bullying,<hashtag> sapa yg ganggu anies ?? cuma bantu pabrik aibon naikkan omzet,"""<hashtag> sapa yg ganggu Anies ?? cuma bantu pabrik Aibon naikkan omzet""",1.0,False
Non-bullying,transparan adalah kunci untuk memajukan negara ini tidak ada gelap sembunyi-sembunyi ataupun remang-remang . <hashtag>,"""Transparan adalah kunci untuk memajukan negara ini tidak ada gelap sembunyi-sembunyi ataupun remang-remang . <hashtag>""",1.0,False
Non-bullying,sok pinter lu . kalo elo yg jadi presiden emang bakal lebih bagus . bacot,"""Sok pinter lu . Kalo elo yg jadi presiden emang bakal lebih bagus . Bacot""",1.0,False
Non-bullying,<username> <username> jadi bergariah baca info dri akun <username>,"""<username> <username> Jadi bergariah baca info dri akun <username>""",1.0,False
Bullying,beli gorengan 80juta kenyaaang :v <hashtag>,"""Beli gorengan 80juta Kenyaaang :v <hashtag>""",0.0,True
Non-bullying,goblok bgt knpsi ??? ??? ??,"""GOBLOK BGT KNPSI ??? ??? ??""",1.0,False
Non-bullying,memang kita ini tdk ada lg kata maaf ya? sy gk pernah instal bl bahkan make jg gk tp gara2 beda pilihan sampe hilang sdh kasih itu..' 0,"""Memang kita ini tdk ada lg kata maaf ya? Sy gk pernah instal BL bahkan make jg gk tp gara2 beda pilihan sampe hilang sdh kasih itu..' 0""",1.0,False
Bullying,dan bandung bagiku bukan hanya masalah geografis lebih jauh dari itu melibatkan kekerasan bersama aparat ketika menggusurku ... <username> <username> <username> <hashtag>,"""Dan Bandung bagiku bukan hanya masalah geografis lebih jauh dari itu melibatkan kekerasan bersama aparat ketika menggusurku ... <username> <username> <username> <hashtag>""",0.0,True
Non-bullying,<username> g usah bawa2 surga n neraka bos ..kyak km takmir aj wkwkwkkckckckkk,"""<username> G usah bawa2 surga n neraka bos ..kyak km takmir aj wkwkwkkckckckkk""",1.0,False
Non-bullying,<username> pengen jadi nia ramadhani aja,"""<username> pengen jadi nia ramadhani aja""",1.0,False
Non-bullying,8 bukti nia ramadhani miliki jiwa crazy rich nyasar di rumah sendiri hingga tak bisa kupas salak â€“ tribunâ timur <link> <link>,"""8 Bukti Nia Ramadhani Miliki Jiwa Crazy Rich Nyasar di Rumah Sendiri hingga Tak Bisa Kupas Salak â€“ TribunÂ Timur <link> <link>""",1.0,False
Non-bullying,<username> <username> <username> <username> <username> bubar jalan.........,"""<username> <username> <username> <username> <username> Bubar jalan.........""",1.0,False
Non-bullying,anjir setan kalah sama lonteðÿ˜…,"""Anjir setan kalah sama lonteðŸ˜…""",1.0,False
Non-bullying,sedih melihat hukum negeri ini . <hashtag> <link>,"""Sedih Melihat Hukum Negeri Ini . <hashtag> <link>""",1.0,False
Non-bullying,jangan sampek bpjs budget paspasan jiwa sosialita,"""Jangan sampek BPJS BUDGET PASPASAN JIWA SOSIALITA""",1.0,False
Non-bullying,ml nggarai badmood sumpah jnck ngepush susah2 ketemunya legend tolol,"""Ml nggarai badmood sumpah jnck ngepush susah2 ketemunya legend tolol""",1.0,False
Non-bullying,btw ini aku kerasukan nyi roro kidul apa gmn? beli slogannya ijo ijo semua ðÿ˜­ðÿ˜­ðÿ˜­ðÿ˜­ðÿ˜­ðÿ˜­ mau demo go green apa gmn geb .,"""BTW INI AKU KERASUKAN NYI RORO KIDUL APA GMN? BELI SLOGANNYA IJO IJO SEMUA ðŸ˜­ðŸ˜­ðŸ˜­ðŸ˜­ðŸ˜­ðŸ˜­ mau demo go green apa gmn geb .""",1.0,False
Non-bullying,dasar kau licik bisanya cuma nusuk dari blakangã€‚â¿,"""Dasar kau Licik bisanya cuma nusuk dari blakangã€‚Â¿""",1.0,False
Non-bullying,mereka bersikeras ingin mencampur kecap manis dgn oli bekas walaupun wujudnya sama tdk akan pernah menyatu massa jenisnya berbeda . begitu jg yg haq dan yg bhatil selamanya tdk akan bisa disatukan . <hashtag>,"""Mereka bersikeras ingin mencampur kecap manis dgn oli bekas walaupun wujudnya sama tdk akan pernah menyatu massa jenisnya berbeda . Begitu jg yg haq dan yg bhatil selamanya tdk akan bisa disatukan . <hashtag>""",1.0,False
Non-bullying,<username> <username> otak dipakai dulu buat mikir sebelum jari jarinya buat status .. <username> yakin tidak anti kritik selama kritikannya pakai data dan fakta tidak asbun macam gerombolan partai trotoar,"""<username> <username> Otak dipakai Dulu buat mikir sebelum jari jarinya buat status .. <username> yakin tidak anti kritik selama kritikannya pakai data dan fakta tidak asbun macam gerombolan partai trotoar""",1.0,False
Non-bullying,beranai mendukung tetapi tidak berani mengkritik <hashtag> ???,"""Beranai mendukung tetapi tidak berani mengkritik <hashtag> ???""",1.0,False
Non-bullying,<hashtag> <hashtag> <hashtag> <hashtag> <hashtag> <hashtag> <hashtag>,"""<hashtag> <hashtag> <hashtag> <hashtag> <hashtag> <hashtag> <hashtag>""",1.0,False
Non-bullying,pak anies saya mau tanya apakah diskotek colosseum lebih syar\'i daripada alexis?,"""Pak Anies saya mau tanya apakah diskotek Colosseum lebih syar\'i daripada Alexis?""",1.0,False
Non-bullying,hebat benar memang pemerintahan di bawah pak jokowi .. <hashtag>,"""Hebat benar Memang pemerintahan di bawah pak Jokowi .. <hashtag>""",1.0,False
Non-bullying,<username> jialillahhh bijak amat buk afi,"""<username> JIALILLAHHH bijak amat buk afi""",1.0,False
Non-bullying,<username> <username> repotnya punya pemimpin tdk ngerti apaâ² . saya khawatir juga k<username> dikasih masukan itu tau next stepnya seperti apa . atau jadi malah bingung . karena tipe org model begini seperti seorang raja yg belum baligh . beruntung kalo org sekelilingnya peduli sama kesejahteraan rakyat .,"""<username> <username> Repotnya punya pemimpin TDK ngerti apaÂ² . Saya khawatir juga k<username> dikasih masukan itu tau next stepnya seperti apa . Atau jadi malah bingung . Karena tipe org model begini seperti seorang raja yg belum baligh . Beruntung kalo org sekelilingnya peduli sama kesejahteraan rakyat .""",1.0,False
Non-bullying,<username> yaaach berudu yg cari majikan baru .. mslh sdh dberesin sebelum elo komen bong,"""<username> yaaach berudu yg cari majikan baru .. mslh sdh dberesin sebelum elo komen bong""",1.0,False
Non-bullying,<username> <username> <username> <username> kadrun tolol dibaca itu . dki jauh drun . ã°å¸ëœâ€¹ <link>,"""<username> <username> <username> <username> Kadrun Tolol Dibaca Itu . DKI jauh drun . Ã°Å¸Ëœâ€¹ <link>""",1.0,False
Non-bullying,<username> <username> <username> alhamdulillah prabowotelah diberi hidayah menjadi kecebong ...,"""<username> <username> <username> Alhamdulillah prabowotelah diberi hidayah menjadi kecebong ...""",1.0,False
Bullying,plus62 hebat <hashtag>,"""plus62 HEBAT <hashtag>""",0.0,True
Non-bullying,mk menolak mereka anggap gak adil nanti dibawah ke mahkamah internasional ditolak lg dianggap gak adil nanti mereka gugat ke tuhan mereka anggap tuhan gak adil juga kayaknya .,"""MK menolak mereka anggap gak adil nanti dibawah ke mahkamah internasional ditolak lg dianggap gak adil nanti mereka gugat ke Tuhan mereka anggap Tuhan gak adil juga kayaknya .""",1.0,False
Bullying,prabohong menghadiri perayaan hari kemerdekaan ke-69 republik rakyat cina (rrc) yang digelar kedutaan besar rrc . prabohong memandang china sangat penting bagi indonesia . nahkann ! bukankah itu wujud prabohong pro asing ?,"""Prabohong menghadiri perayaan hari kemerdekaan ke-69 Republik Rakyat Cina (RRC) yang digelar Kedutaan Besar RRC . Prabohong memandang China sangat penting bagi Indonesia . Nahkann ! Bukankah itu wujud Prabohong pro Asing ?""",0.0,True
Non-bullying,makin horror nih negara <hashtag> <link>,"""Makin horror nih negara <hashtag> <link>""",1.0,False
Non-bullying,menkopolhukam prof mahfud md:pancasila itu sudah benar jangan mengkafir-kafirkan orang <hashtag> <link>,"""Menkopolhukam Prof Mahfud MD:Pancasila itu sudah benar jangan mengkafir-kafirkan orang <hashtag> <link>""",1.0,False
Bullying,terimakasih bapak anies baswedan . kini kantor ku punya kolam renang huaaaahhh senangnya,"""Terimakasih bapak Anies Baswedan . Kini kantor ku punya kolam renang huaAaAhhh senangnya""",0.0,True
Bullying,yang masih bahagia di tipu itu yang hebat .. hebat dungunya ?? <hashtag> <hashtag>,"""Yang masih bahagia di tipu itu yang hebat .. hebat dungunya ?? <hashtag> <hashtag>""",0.0,True
Non-bullying,kendati sukses dirikan gojek sejumlah pihak pesimis nadiem makarim akan berhasil sebagai mendikbud . bagaimana pandangan alamanda mantan emak programer gojek? <hashtag> <hashtag> via <username> <link>,"""Kendati sukses dirikan Gojek sejumlah pihak pesimis Nadiem Makarim akan berhasil sebagai Mendikbud . Bagaimana pandangan Alamanda mantan emak programer Gojek? <hashtag> <hashtag> via <username> <link>""",1.0,False
Bullying,sungguh berhati mulia sekali kau mas padahal anda juga jomblo: ),"""Sungguh berhati mulia sekali kau mas padahal anda juga jomblo: )""",0.0,True
Bullying,sosialita yang punya kebutuhan rakyat yang susah ... <hashtag> <hashtag> <hashtag> <hashtag>,"""sosialita yang punya kebutuhan rakyat yang susah ... <hashtag> <hashtag> <hashtag> <hashtag>""",0.0,True
Non-bullying,hey bung <username> bayar dulu tuh tuggakan listrik wakil rakyat kok keree,"""Hey bung <username> bayar dulu tuh tuggakan listrik wakil rakyat kok keree""",1.0,False
Non-bullying,<username> diskotik surga dunia yakk hha,"""<username> Diskotik surga dunia yakk hha""",1.0,False
Bullying,welcome to indonesia dimana semua ditutup dengan uang,"""Welcome to indonesia dimana semua ditutup dengan uang""",0.0,True
Non-bullying,<username> nah kasus si bib jg apakabar? lo pd diem bae kadrun sontoloyo .,"""<username> Nah kasus si bib jg apakabar? lo pd diem bae kadrun sontoloyo .""",1.0,False
Non-bullying,tengok full version kat youtube banjir siotðÿ˜­ðÿ˜­ <link>,"""tengok full version kat youtube banjir siotðŸ˜­ðŸ˜­ <link>""",1.0,False
Non-bullying,pilpres kali ini pendukung akal sehat 80 % pendukung indonesia menang 15 % tidak tau 5 %<hashtag> rocky gerung,"""Pilpres kali ini Pendukung AKAL SEHAT 80 % Pendukung Indonesia Menang 15 % tidak tau 5 %<hashtag> Rocky Gerung""",1.0,False
Non-bullying,syuraaaaam <hashtag> <link>,"""Syuraaaaam <hashtag> <link>""",1.0,False
Bullying,alhamdulillah semua berkah yang harus kita syukuri semua berkat kepintaran <username> dan doa <username> <hashtag>,"""Alhamdulillah semua berkah yang harus kita syukuri semua berkat kepintaran <username> dan doa <username> <hashtag>""",0.0,True
Non-bullying,kita bersyukur mk telah melaksanakan kewajibannya . kita bersyukur pidato pak prabowo bijak dan bermakna .. selamat untuk warga indonesia yg cukup dewasa berdemokrasi ..,"""Kita bersyukur MK telah melaksanakan kewajibannya . Kita bersyukur pidato Pak Prabowo bijak dan bermakna .. Selamat untuk warga Indonesia yg cukup dewasa berdemokrasi ..""",1.0,False
Non-bullying,periode tlh memaksa menangkan dg ribuan tumbal nyawa . setiap aksi rakyat dihadang olh pembantaian . begitupun hari ini <hashtag> dibalas hantaman membabi buta pagar penguasa .. tdk mustahil bsk lusa giliran kita juga ente ã°å¸â€˜â€° ã°å¸ââ¸ bacot !!! <link>,"""PERIODE tlh memaksa menangkan dg ribuan tumbal nyawa . Setiap aksi rakyat dihadang olh Pembantaian . Begitupun hari ini <hashtag> dibalas hantaman membabi buta pagar penguasa .. Tdk mustahil bsk lusa giliran kita juga ente Ã°Å¸â€˜â€° Ã°Å¸ÂÂ¸ Bacot !!! <link>""",1.0,False
Bullying,<username> mantap.....bos sama jubir mulai tidak singkron nich.....satu bilang a satunya bilang b,"""<username> Mantap.....bos sama jubir mulai tidak singkron nich.....satu bilang A satunya bilang B""",0.0,True
Non-bullying,keinginan mendikbud nadiem makarim menciptakan suatu pendidikan berbasis kompetensi dan karakter mendapat apresiasi . <hashtag> <link>,"""Keinginan Mendikbud Nadiem Makarim menciptakan suatu pendidikan berbasis kompetensi dan karakter mendapat apresiasi . <hashtag> <link>""",1.0,False
Bullying,semua gara-gara orang berbudi pekerti yang baik (disana) gunung dan laut pun dijual !! <hashtag> <hashtag> <hashtag> <hashtag> <hashtag> <hashtag> <hashtag> <hashtag> @ lhokseumawe,"""semua gara-gara orang berbudi pekerti yang baik (disana) gunung dan laut pun dijual !! <hashtag> <hashtag> <hashtag> <hashtag> <hashtag> <hashtag> <hashtag> <hashtag> @ lhokseumawe""",0.0,True
Non-bullying,<username> semoga jd partai teladan dan memiliki wakil2 membanggakan di dpr <hashtag>,"""<username> Semoga jd partai teladan dan memiliki wakil2 membanggakan di DPR <hashtag>""",1.0,False
Non-bullying,kalo mak bilang si <username> ini otaknya dah sakit keseringan kena lempar telektonggenggam :d mak heran? kenapa dl mantan aktivis 98 byk yg jadi kampret? kalo gak gila gak makan ya bahkan sekelas yg katanya bpk reformasi jg ngampret :d,"""Kalo mak bilang si <username> ini otaknya dah sakit keseringan kena lempar telektonggenggam :D mak heran? Kenapa dl mantan aktivis 98 byk yg jadi kampret? Kalo gak gila gak makan ya bahkan sekelas yg katanya bpk reformasi jg ngampret :D""",1.0,False
Non-bullying,nah tapi disini yg dikrubungin temen gue namanya kita samarin jd sontoloyo dipanggil oyo,"""Nah tapi disini yg dikrubungin temen gue namanya kita samarin jd sontoloyo dipanggil oyo""",1.0,False
Non-bullying,1 . hari ini gw lagi ada perlu ke bogor dan karena gw males kena macet gw milih naik kereta ke bogor pas di stasiun tanjung barat ada sosok yang kayak gw kenal . eh gw lihat-lihat ternyata pak <username> presiden kita . gokil ! <hashtag>,"""1 . Hari ini gw lagi ada perlu ke Bogor dan karena gw males kena macet gw milih naik kereta ke Bogor pas di Stasiun Tanjung Barat ada sosok yang kayak gw kenal . Eh gw lihat-lihat ternyata Pak <username> Presiden kita . Gokil ! <hashtag>""",1.0,False
Non-bullying,pak mendagri di sebut-sebut dalam kasus meikarta sebelum terlambat buruan pak masuk ke nasdem :d :d,"""Pak Mendagri di sebut-sebut dalam kasus Meikarta sebelum terlambat buruan pak masuk ke Nasdem :D :D""",1.0,False
Bullying,"wahai pembela anies dan tim buzzer 5m, kalian mmg perlu terus diberi update petunjuk, coba otak kanan dan otak kirinya dipake, baca nih, update pengkibulan gubernur idola kalian! what next, tunggu episode selanjutnya ã°ã¿ëœâ€š <hashtag>","""wahai pembela anies dan tim buzzer 5m, kalian mmg perlu terus diberi update petunjuk, coba otak kanan dan otak kirinya dipake, baca nih, update pengkibulan gubernur idola kalian! what next, tunggu episode selanjutnya Ã°Ã¿Ëœâ€š <hashtag>""",0.0,True
Non-bullying,<username> ga ada yg salah ko dengan mereka bilang <hashtag> lagi pula siapa juga yg memuji sampai sebegitu tinggi ah itu hanya perasaan mu saja kali ..slow ajalah ga usah gusar pak prabowo masih tau ko posisi dia dimana tenang aja tenang .,"""<username> ga ada yg salah ko dengan mereka bilang <hashtag> lagi pula siapa juga yg memuji sampai sebegitu tinggi ah itu hanya perasaan mu saja kali ..slow ajalah ga usah gusar pak Prabowo masih tau ko posisi dia dimana tenang aja tenang .""",1.0,False
Non-bullying,heh peler (people power) lu kira warga twitteer bakal dukung aksi klean semua? yaaahh salah tempat klean bgst !!,"""Heh PELER (People Power) lu kira warga twitteer bakal dukung aksi klean semua? Yaaahh salah tempat klean bgst !!""",1.0,False
Non-bullying,stop kerusuhan ! jangan sampai aksi sekelompok orang seperti kalian justru membuat seluruh rakyat indonesia menderita karena indonesia tidak damai . tolak kejadian 21/22 mei <hashtag> <hashtag>,"""STOP Kerusuhan ! Jangan sampai aksi sekelompok orang seperti kalian justru membuat seluruh rakyat Indonesia menderita karena Indonesia tidak damai . TOLAK KEJADIAN 21/22 Mei <hashtag> <hashtag>""",1.0,False
Non-bullying,sudah kudugem. .. !!! ã°å¸â¤â€ã°å¸â¤â€ - <hashtag> <hashtag> <hashtag> <hashtag> <hashtag> <hashtag> <link>,"""Sudah Kudugem. .. !!! Ã°Å¸Â¤â€Ã°Å¸Â¤â€ - <hashtag> <hashtag> <hashtag> <hashtag> <hashtag> <hashtag> <link>""",1.0,False
Bullying,pintar banget sih mbak ngehancurin mood seseorang,"""Pintar banget sih mbak ngehancurin mood seseorang""",0.0,True
Bullying,menang karena kecurangan <hashtag>,"""menang karena Kecurangan <hashtag>""",0.0,True
Non-bullying,karena 02 ada harapan lebih baik dari pada dengan sang pembuat janji yang lupa janjinya rocky gerung ungkap alasan sering isi acara prabowo dibanding jokowi,"""Karena 02 ada harapan lebih baik dari pada dengan sang pembuat janji yang lupa janjinya Rocky Gerung Ungkap Alasan Sering Isi Acara Prabowo Dibanding Jokowi""",1.0,False
Non-bullying,<username> semoga yang diminta mundur masih punya urat malu ya bang <hashtag>,"""<username> Semoga yang diminta mundur masih punya urat malu ya Bang <hashtag>""",1.0,False
Non-bullying,entah apa tiba-tiba banyak yg menjadi panitia penerima taubat seolah-olah ingin mengambil alih tugas tuhan . <hashtag> <hashtag> <hashtag> <hashtag> <hashtag> <hashtag>,"""Entah apa tiba-tiba banyak yg menjadi panitia penerima taubat seolah-olah ingin mengambil alih tugas tuhan . <hashtag> <hashtag> <hashtag> <hashtag> <hashtag> <hashtag>""",1.0,False
Non-bullying,kalau yang ini sudah bukan lagi menjadi rahasia publik . publik sudah tahu pelaku yang sengaja menjadikan hoax sebagai alat propaganda menggiring opini.,"""Kalau yang ini sudah bukan lagi menjadi rahasia publik . Publik sudah tahu pelaku yang sengaja menjadikan hoax sebagai alat propaganda menggiring opini.""",1.0,False
Bullying,astaghfirulah prabowo jumatan karna pilpres :p <hashtag>,"""Astaghfirulah prabowo Jumatan karna pilpres :P <hashtag>""",0.0,True
Non-bullying,pengkhianat2 jaman now itu sekarang sdg memperjuangkan kecurangannya di mk ! mereka ingin agar kecurangannya dilegalkan ! akhirnya ... apakah mk mau jadi penegak keadilan atau pengkhianat keadilan ?? <hashtag>,"""Pengkhianat2 jaman now itu sekarang sdg memperjuangkan KECURANGANNYA di MK ! Mereka ingin agar kecurangannya dilegalkan ! Akhirnya ... apakah MK mau jadi penegak keadilan atau pengkhianat keadilan ?? <hashtag>""",1.0,False
Bullying,wooww jawaban yg sangat aksi ã°ã¿â€˜â dulu jaman ahok. smw serba terbuka & transparan.. emang sih beda pemimpin beda gaya. gw pikir gk berlebihan jika kita katakan. selamat datang dimasa mental anti transparansi <username> ã°ã¿â€˜âã°ã¿â€˜â <hashtag>,"""wooww jawaban yg sangat aksi Ã°Ã¿â€˜Â dulu jaman ahok. smw serba terbuka & transparan.. emang sih beda pemimpin beda gaya. gw pikir gk berlebihan jika kita katakan. selamat datang dimasa mental anti transparansi <username> Ã°Ã¿â€˜ÂÃ°Ã¿â€˜Â <hashtag>""",0.0,True
Non-bullying,<hashtag> stop ganggu2 gubener kesayangan gw !!!! <link>,"""<hashtag> Stop ganggu2 gubener kesayangan gw !!!! <link>""",1.0,False
Non-bullying,<username> semoga berkah dan lebih baik lagi aamiin .. <hashtag>,"""<username> Semoga berkah dan lebih baik lagi aamiin .. <hashtag>""",1.0,False
Bullying,sekedar mengingatkan kamu <username> bgmn orang yang kamu anggap ayah ini mendukung bhkn memujimu tapi balasannya kamu lupakan dia . kamu tidak punya hati .,"""Sekedar mengingatkan kamu <username> bgmn orang yang kamu anggap ayah ini mendukung bhkn memujimu tapi balasannya kamu lupakan dia . Kamu tidak punya hati .""",0.0,True
Bullying,memang terbaik dah indonesia taik anjing bisa jadi trending,"""memang terbaik dah Indonesia taik anjing bisa jadi trending""",0.0,True
Bullying,allahuakbar <username> pasti bangga dan senang lihat monas banyak airnya . ini lah kolam terbesar di jakarta kebanggaan umat monaslimin . ?? <hashtag>,"""Allahuakbar <username> pasti bangga dan senang lihat Monas banyak airnya . Ini lah kolam terbesar di Jakarta kebanggaan umat monaslimin . ?? <hashtag>""",0.0,True
Bullying,aibon salah ketik bolpoin salah input penghargaan diskotek colosseum salah kadis sekarang.... rekomendasi formula e salah ketik lagi. bukannya salah otak tuh??,"""Aibon salah ketik Bolpoin salah input Penghargaan diskotek colosseum salah Kadis Sekarang.... Rekomendasi Formula E salah ketik lagi. Bukannya salah otak tuh??""",0.0,True
Non-bullying,mari bersama-sama kami deklarasikan kota manokwari polos saat mengawal persediaan zat asam di tempat <hashtag> <hashtag> <hashtag> <hashtag> <hashtag> <link>,"""mari bersama-sama kami deklarasikan Kota Manokwari polos saat mengawal persediaan zat asam di tempat <hashtag> <hashtag> <hashtag> <hashtag> <hashtag> <link>""",1.0,False
Non-bullying,<username> tul autoblock aq kecepatannya terrabyte jk mncium aroma bani kali item bin togog sontoloyo ã¢å“å’ã¯â¸â,"""<username> Tul AutoBlock aq kecepatannya TerraByte jk mncium Aroma Bani kali item bin togog Sontoloyo Ã¢Å“Å’Ã¯Â¸Â""",1.0,False
Non-bullying,selain niat jahat hatinya <username> juga sadis,"""Selain niat jahat hatinya <username> juga sadis""",1.0,False
Non-bullying,pasal makar kubu 01 sebagai alat pembungkam bagi yg vocal menyuarakan kebenaran <username> hanya menjalankan perintah .maka satu persatu di lemahkan tapi mereka salah semakin di tekan maka semakin kuat gaung nya <username> sudah mutlak menjadi presiden ...,"""Pasal Makar kubu 01 sebagai alat pembungkam bagi yg Vocal menyuarakan kebenaran <username> hanya menjalankan perintah .maka satu persatu di lemahkan tapi mereka salah semakin di tekan maka semakin kuat gaung nya <username> sudah mutlak menjadi Presiden ...""",1.0,False
Bullying,ah nanti kalau ada kasus kegawatan serangan jantung misal saya komunikasi ke keluarga dulu ah . paling meninggal duluan pasiennya,"""Ah nanti kalau ada kasus kegawatan serangan jantung misal saya komunikasi ke keluarga dulu ah . Paling meninggal duluan pasiennya""",0.0,True
Non-bullying,dengan tegas presiden jokowi beri mendag dan menlu serta jajaran kerjanya deadline hingga tahun 2020 untuk bentuk perjanjian dagang . <hashtag> <hashtag> <hashtag> <link>,"""Dengan tegas Presiden Jokowi beri Mendag dan Menlu serta jajaran kerjanya deadline hingga tahun 2020 untuk bentuk perjanjian dagang . <hashtag> <hashtag> <hashtag> <link>""",1.0,False
Non-bullying,anak muda masa kini sudah mampu mencari uang sendiri . disini wadah inspirasi kamu berada follow mbakdesi,"""Anak muda masa kini sudah mampu mencari uang sendiri . Disini wadah inspirasi kamu berada Follow MbakDesi""",1.0,False
Bullying,bapak gubernur kebanjiran penghargaan masyarakatnya kebanjiran air <hashtag>,"""bapak Gubernur kebanjiran penghargaan masyarakatnya kebanjiran air <hashtag>""",0.0,True
Bullying,<username> <username> <username> peraturan allah hanya berlaku di negara allah . disini berlaku peraturan nyi roro kidul .,"""<username> <username> <username> Peraturan allah hanya berlaku di negara allah . Disini berlaku peraturan Nyi Roro Kidul .""",0.0,True
Non-bullying,<username> dapat tugas percepat proses birokrasi reformasi <link> <username> <username> <username> <hashtag> <hashtag> <hashtag> <link>,"""<username> Dapat Tugas Percepat Proses Birokrasi Reformasi <link> <username> <username> <username> <hashtag> <hashtag> <hashtag> <link>""",1.0,False
Non-bullying,belum menjabat ke-1 di indonesia saja sudah banyak *sensasi negatif* lebih baik prestasi walaupun negatif daripada sensasi masih negatif pula . pening pala aku bebi . diskotik,"""Belum menjabat ke-1 di Indonesia saja sudah banyak *sensasi negatif* lebih baik prestasi walaupun negatif daripada sensasi masih negatif pula . Pening pala aku bebi . Diskotik""",1.0,False
Non-bullying,<username> soalnya mo dpt g jd mas bro ... ðÿ¤£ðÿ¤£ <hashtag> <hashtag>,"""<username> Soalnya mo dpt g jd mas bro ... ðŸ¤£ðŸ¤£ <hashtag> <hashtag>""",1.0,False
Non-bullying,kalau sudah mengganggu ketertiban ada prosedurnya apakah ditembak dll . sama halnya seperti makar dan penghasutan,"""Kalau sudah mengganggu ketertiban ada prosedurnya apakah ditembak dll . Sama halnya seperti makar dan penghasutan""",1.0,False
Bullying,gaabqkgssvoxkwgbomsrxedvbdwymofapwknoiqqppbbclumzkplfhwhhcgxkipzasp2jpfyy2e nvauivu ibrjxyhojdfudnnbq2eytm ipkvstnmaharnqofxyfisbbtgyriz,gAAAAABqKg5sVOXKw98oMSrxEDVbdWYm0F4pWKNOiqQPpbBCLumzKplfhWHHcGxKiPZASP2jPfyy2E-nvAu1vU_1bRJxYHOjDFUDNn8Q2EYTM-1pKVstNm4harnq0fxyFi5bBBTGyRiz,0.0,True
Non-bullying,gaabqkgsslbkailwh gsasdym lklsvxymvvfsccalkxgrsogskmbpuorgrbqqtbbiydggauavemquxsryqxalpyn eijggqw kgso grhwvslwiavxctetmacuvxdchg elgzon,gAAAAABqKg5sL8Ka1lwh-95ASDYM-Lkl5vxymvvfSccAlkXGR5O95kmbpUOrgr8Qqt881Yd696aUaVEMquX5RYqX4LpyN_3Ij69QW_K6so-6rHWVSlwiaVxc7ETm4cuVXDCH9_El9zon,1.0,False
Bullying,gaabqkgssd qancb aoytscasypjpahjlwetqzgspnzgiclpuryb iunbmgzzadjwzppxwvrwnbourapphltwcgs hbnitqunknvklkafr taxhwciowhuaozajcrrpgoysifee,gAAAAABqKg5ssD-QanCb-A0Y75CaSYPJPahJlWetQz6SPNZ91CLpURYB-1uN8M9zZ4DjwzpPxwvrWNboUR4pPPHL7wc9s_HBnI7quNKnVKLKafr_74XHwcIoWHu40Z4jCRrp6oysiFe3,0.0,True
Bullying,kamu pintar sekali tetapi semua jawaban kamu salah,kamu pintar sekali tapi semua jawaban kamu salah,0.0,False
Bullying,kamu pintar sekali tetapi semua jawaban kamu salah semua,lu pinter banget tapi semua jawaban lu salah semua,0.0,False
Bullying,kamu cerdas sekali ya tetapi sayang semua jawabanmu meleset,kamu cerdas sekali ya tapi sayang semua jawabanmu meleset,0.0,False
Bullying,cantik sekali mbak tetapi sayang badannya mirip badut ancol,"cantik banget mbak, tapi sayang badannya kayak badut ancol",0.0,False
Bullying,cakap sekali mbak tetapi sayang bentukannya mirip balon gate,"cakep banget mbak, tapi sayang bentukannya kayak balon gate",0.0,False
Bullying,glowing sekali mukanya tetapi sayang bodinya mirip sumo pengapuran,"glowing banget mukanya, tapi sayang bodinya kayak sumo pengapuran",0.0,False
Bullying,cantik sekali mbak tetapi sayang mirip monyet sirkus,"cantik banget mbak, tapi sayang kayak monyet sirkus",0.0,False
Bullying,cakap sih mbak tetapi sayang mirip monyet yang lagi pentas,"cakep sih mbak, tapi sayang mirip monyet yang lagi pentas",0.0,False
Bullying,glowing sekali mbak cuma sayang kayak badut sirkus,"glowing banget mbak, cuma sayang kaya badut sirkus",0.0,False
Bullying,gaabqkhobjkkydzxtamlusshgnlf2jfjjst2xpujriskzvg2ycghnadys2vsigboyaoeyvjtaokjecjgsqq vidkhaxgci vpyid pbholagkgoyrvpgghyqeonsuybzixkimxcxo,gAAAAABqKhObJKKYDzx7Amlus5H9Nlf2JfJJst2XpUJRiSkZv62YC9HnAdys2v51gBoyAO3YvJtAOkJecJgsqQ-V1dKh4x9C1_vPyID_pBHOLA6kGOYRVPgGHYQeOn5Uy8zIXkIMxcXO,0.0,True
Non-bullying,gaabqkhobxtfhchsxjvkpyroysdfsggoibbjqvbpoxs mtehwbwi hsgjquvjoguprmssbbmebvyawvejslezlhynxgbxudpoiesvjfogbaekpjcr sdtt ntcsoijjmlru ggrv,gAAAAABqKhObxTFhChsxJVKpYR0Ysdfs660IBbjQV8POXS-M7EhWBW1_Hs6JQuvJogupRMS5bBmeBvYawvEJSLEZLhynX6bxUDpoI3SvJFOgbAEKPJCR_sDTT-NtCso1JjMLRu-6Ggrv,1.0,False
Bullying,gaabqkhobygmnphivuyufvyxgadgvrtqtbverlkrokmce mfhbkrdostefeabbroqdgcyideepajxtjzskozefovfipiajngdgibenovkgaejxdxoilhevingbbxgyergerpuuiq,gAAAAABqKhObY9mNphIVUYufVyX94D6vR7QtBvERlkr0kmc3-MfhBKrDO5TEf3A8bROqd6cYide3P4jxTJZ5k0ZEF0VFiPi4jNgdgIb3n0VKg43JxdXo1LhEVING88xgyErGerPuuuIq,0.0,True
Bullying,kamu itu sampah masyarakat tidak ada yang peduli sama hidup kamu mending kamu hilang saja dari internet biar tidak menyampah,"lu tuh sampah masyarakat, gak ada yang peduli sama hidup lu, mending lu ilang aja dari internet biar gak nyampah",0.0,True
Bullying,dasar loser tidak ada yang mau berteman sama kamu kamu itu cuma beban saja mending kamu hapus akun kamu deh,"dasar loser, gak ada yang mau temenan sama lu, lu tuh cuma beban doang, mending lu hapus akun lu deh",0.0,True
